ID,Country,Organization,Certificate/Badge,Record Type,Category,Subcategory,Level,Price Status,Conditions,Exam/Assessment,Duration,Language,Available from Russia,Validity,Credly/Verification,LinkedIn,Official URL,Priority,Completion Status,Evidence Status,Last Reviewed,Source Page,Extraction Method,Confidence
SRCX-08318adc1603,Global,Apache Software Foundation — Subprojects,Apache Software Foundation — Subprojects — 3D Printing source & credential directory,source-watch,3D Printing,3D Printing,catalog,⚠️ verify current offer,"Monitoring record, not a certificate claim. Verify the current official credential/course and price before calling it free.",Varies,Varies,Provider-dependent,Unknown,Varies,Provider-dependent,Varies,https://www.apache.org/,C,Не начато,Source watch — auto review,2026-08-31,,curated,discovery
SRCX-078573fc495b,United States,CompTIA,CompTIA — 3D Printing source & credential directory,source-watch,3D Printing,3D Printing,catalog,⚠️ verify current offer,"Monitoring record, not a certificate claim. Verify the current official credential/course and price before calling it free.",Varies,Varies,Provider-dependent,Unknown,Varies,Provider-dependent,Varies,https://www.comptia.org/certifications,C,Не начато,Source watch — auto review,2026-08-31,,curated,discovery
SRCX-01530fcb0a52,United States,Epic Games,Epic Games — 3D Printing source & credential directory,source-watch,3D Printing,3D Printing,catalog,⚠️ verify current offer,"Monitoring record, not a certificate claim. Verify the current official credential/course and price before calling it free.",Varies,Varies,Provider-dependent,Unknown,Varies,Provider-dependent,Varies,https://dev.epicgames.com/community/,C,Не начато,Source watch — auto review,2026-08-31,,curated,discovery
SRCX-0f4ba5fd5ce2,United States,Esri,Esri — 3D Printing source & credential directory,source-watch,3D Printing,3D Printing,catalog,⚠️ verify current offer,"Monitoring record, not a certificate claim. Verify the current official credential/course and price before calling it free.",Varies,Varies,Provider-dependent,Unknown,Varies,Provider-dependent,Varies,https://www.esri.com/training/,C,Не начато,Source watch — auto review,2026-08-31,,curated,discovery
SRCX-10dbfcdf0fec,United States,JFrog Academy,JFrog Academy — 3D Printing source & credential directory,source-watch,3D Printing,3D Printing,catalog,⚠️ verify current offer,"Monitoring record, not a certificate claim. Verify the current official credential/course and price before calling it free.",Varies,Varies,Provider-dependent,Unknown,Varies,Provider-dependent,Varies,https://academy.jfrog.com/,C,Не начато,Source watch — auto review,2026-08-31,,curated,discovery
SRCX-0322e974a224,United States,Linux Foundation Training,Linux Foundation Training — 3D Printing source & credential directory,source-watch,3D Printing,3D Printing,catalog,⚠️ verify current offer,"Monitoring record, not a certificate claim. Verify the current official credential/course and price before calling it free.",Varies,Varies,Provider-dependent,Unknown,Varies,Provider-dependent,Varies,https://training.linuxfoundation.org/,C,Не начато,Source watch — auto review,2026-08-31,,curated,discovery
SRCX-14994cbcd1e9,United States,Microchip Technology,Microchip Technology — 3D Printing source & credential directory,source-watch,3D Printing,3D Printing,catalog,⚠️ verify current offer,"Monitoring record, not a certificate claim. Verify the current official credential/course and price before calling it free.",Varies,Varies,Provider-dependent,Unknown,Varies,Provider-dependent,Varies,https://www.microchip.com/en-us/training,C,Не начато,Source watch — auto review,2026-08-31,,curated,discovery
SRCX-0ad2dad3e443,United States,Oracle,Oracle — 3D Printing source & credential directory,source-watch,3D Printing,3D Printing,catalog,⚠️ verify current offer,"Monitoring record, not a certificate claim. Verify the current official credential/course and price before calling it free.",Varies,Varies,Provider-dependent,Unknown,Varies,Provider-dependent,Varies,https://www.oracle.com/education/certification/,C,Не начато,Source watch — auto review,2026-08-31,,curated,discovery
SRCX-07de8108c368,United States,Scrum Alliance,Scrum Alliance — 3D Printing source & credential directory,source-watch,3D Printing,3D Printing,catalog,⚠️ verify current offer,"Monitoring record, not a certificate claim. Verify the current official credential/course and price before calling it free.",Varies,Varies,Provider-dependent,Unknown,Varies,Provider-dependent,Varies,https://www.scrumalliance.org/get-certified,C,Не начато,Source watch — auto review,2026-08-31,,curated,discovery
SRCX-0d5fec242c00,Global,WHO Academy,WHO Academy — 3D Printing source & credential directory,source-watch,3D Printing,3D Printing,catalog,⚠️ verify current offer,"Monitoring record, not a certificate claim. Verify the current official credential/course and price before calling it free.",Varies,Varies,Provider-dependent,Unknown,Varies,Provider-dependent,Varies,https://www.who.int/about/who-academy,C,Не начато,Source watch — auto review,2026-08-31,,curated,discovery
SRCX-049664b89eae,United States,Cisco,Cisco — 5G source & credential directory,source-watch,5G,5G,catalog,⚠️ verify current offer,"Monitoring record, not a certificate claim. Verify the current official credential/course and price before calling it free.",Varies,Varies,Provider-dependent,Unknown,Varies,Provider-dependent,Varies,https://www.netacad.com/,C,Не начато,Source watch — auto review,2026-08-31,,curated,discovery
SRCX-0c42b616a1a9,United States,Esri,Esri — 5G source & credential directory,source-watch,5G,5G,catalog,⚠️ verify current offer,"Monitoring record, not a certificate claim. Verify the current official credential/course and price before calling it free.",Varies,Varies,Provider-dependent,Unknown,Varies,Provider-dependent,Varies,https://www.esri.com/training/,C,Не начато,Source watch — auto review,2026-08-31,,curated,discovery
SRCX-14c9c52b62d3,Europe,ETSI,ETSI — 5G source & credential directory,source-watch,5G,5G,catalog,⚠️ verify current offer,"Monitoring record, not a certificate claim. Verify the current official credential/course and price before calling it free.",Varies,Varies,Provider-dependent,Unknown,Varies,Provider-dependent,Varies,https://www.etsi.org/education,C,Не начато,Source watch — auto review,2026-08-31,,curated,discovery
SRCX-0b6e29fb843b,United States,JFrog,JFrog — 5G source & credential directory,source-watch,5G,5G,catalog,⚠️ verify current offer,"Monitoring record, not a certificate claim. Verify the current official credential/course and price before calling it free.",Varies,Varies,Provider-dependent,Unknown,Varies,Provider-dependent,Varies,https://academy.jfrog.com/,C,Не начато,Source watch — auto review,2026-08-31,,curated,discovery
SRCX-03e27d6b5513,Australia,Jira Service Management,Jira Service Management — 5G source & credential directory,source-watch,5G,5G,catalog,⚠️ verify current offer,"Monitoring record, not a certificate claim. Verify the current official credential/course and price before calling it free.",Varies,Varies,Provider-dependent,Unknown,Varies,Provider-dependent,Varies,https://university.atlassian.com/,C,Не начато,Source watch — auto review,2026-08-31,,curated,discovery
SRCX-0dbe78556c57,United States,NOAA,NOAA — 5G source & credential directory,source-watch,5G,5G,catalog,⚠️ verify current offer,"Monitoring record, not a certificate claim. Verify the current official credential/course and price before calling it free.",Varies,Varies,Provider-dependent,Unknown,Varies,Provider-dependent,Varies,https://www.noaa.gov/education,C,Не начато,Source watch — auto review,2026-08-31,,curated,discovery
SRCX-03ea46962b28,United States,PMI,PMI — 5G source & credential directory,source-watch,5G,5G,catalog,⚠️ verify current offer,"Monitoring record, not a certificate claim. Verify the current official credential/course and price before calling it free.",Varies,Varies,Provider-dependent,Unknown,Varies,Provider-dependent,Varies,https://www.pmi.org/learning,C,Не начато,Source watch — auto review,2026-08-31,,curated,discovery
SRCX-02fc8f4b26fb,United Kingdom,PortSwigger,PortSwigger — 5G source & credential directory,source-watch,5G,5G,catalog,⚠️ verify current offer,"Monitoring record, not a certificate claim. Verify the current official credential/course and price before calling it free.",Varies,Varies,Provider-dependent,Unknown,Varies,Provider-dependent,Varies,https://portswigger.net/web-security,C,Не начато,Source watch — auto review,2026-08-31,,curated,discovery
SRCX-04b855afd31d,United States,SiFive,SiFive — 5G source & credential directory,source-watch,5G,5G,catalog,⚠️ verify current offer,"Monitoring record, not a certificate claim. Verify the current official credential/course and price before calling it free.",Varies,Varies,Provider-dependent,Unknown,Varies,Provider-dependent,Varies,https://www.sifive.com/,C,Не начато,Source watch — auto review,2026-08-31,,curated,discovery
SRCX-13d59f55fd83,Global,SLSA,SLSA — 5G source & credential directory,source-watch,5G,5G,catalog,⚠️ verify current offer,"Monitoring record, not a certificate claim. Verify the current official credential/course and price before calling it free.",Varies,Varies,Provider-dependent,Unknown,Varies,Provider-dependent,Varies,https://slsa.dev/,C,Не начато,Source watch — auto review,2026-08-31,,curated,discovery
SRCX-08ba532a4e09,United States,Tektronix,Tektronix — 5G source & credential directory,source-watch,5G,5G,catalog,⚠️ verify current offer,"Monitoring record, not a certificate claim. Verify the current official credential/course and price before calling it free.",Varies,Varies,Provider-dependent,Unknown,Varies,Provider-dependent,Varies,https://www.tek.com/en/learning,C,Не начато,Source watch — auto review,2026-08-31,,curated,discovery
SRCX-067cbb004c62,Russia,1C,1C — 6G source & credential directory,source-watch,6G,6G,catalog,⚠️ verify current offer,"Monitoring record, not a certificate claim. Verify the current official credential/course and price before calling it free.",Varies,Varies,Provider-dependent,Unknown,Varies,Provider-dependent,Varies,https://1c.ru/,C,Не начато,Source watch — auto review,2026-08-31,,curated,discovery
SRCX-05debfe26b89,Australia,Atlassian,Atlassian — 6G source & credential directory,source-watch,6G,6G,catalog,⚠️ verify current offer,"Monitoring record, not a certificate claim. Verify the current official credential/course and price before calling it free.",Varies,Varies,Provider-dependent,Unknown,Varies,Provider-dependent,Varies,https://university.atlassian.com/,C,Не начато,Source watch — auto review,2026-08-31,,curated,discovery
SRCX-01e9193d2a0a,United States,Class Central,Class Central — 6G source & credential directory,source-watch,6G,6G,catalog,⚠️ verify current offer,"Monitoring record, not a certificate claim. Verify the current official credential/course and price before calling it free.",Varies,Varies,Provider-dependent,Unknown,Varies,Provider-dependent,Varies,https://www.classcentral.com/,C,Не начато,Source watch — auto review,2026-08-31,,curated,discovery
SRCX-0a94d6c8a077,Global,CNCF,CNCF — 6G source & credential directory,source-watch,6G,6G,catalog,⚠️ verify current offer,"Monitoring record, not a certificate claim. Verify the current official credential/course and price before calling it free.",Varies,Varies,Provider-dependent,Unknown,Varies,Provider-dependent,Varies,https://www.cncf.io/training/,C,Не начато,Source watch — auto review,2026-08-31,,curated,discovery
SRCX-1030e96105b7,United States,Docker,Docker — 6G source & credential directory,source-watch,6G,6G,catalog,⚠️ verify current offer,"Monitoring record, not a certificate claim. Verify the current official credential/course and price before calling it free.",Varies,Varies,Provider-dependent,Unknown,Varies,Provider-dependent,Varies,https://www.docker.com/education/,C,Не начато,Source watch — auto review,2026-08-31,,curated,discovery
SRCX-081bc0978f9a,United States,GitHub,GitHub — 6G source & credential directory,source-watch,6G,6G,catalog,⚠️ verify current offer,"Monitoring record, not a certificate claim. Verify the current official credential/course and price before calling it free.",Varies,Varies,Provider-dependent,Unknown,Varies,Provider-dependent,Varies,https://learn.github.com/certifications,C,Не начато,Source watch — auto review,2026-08-31,,curated,discovery
SRCX-04ef62ae2fbc,United States,HashiCorp,HashiCorp — 6G source & credential directory,source-watch,6G,6G,catalog,⚠️ verify current offer,"Monitoring record, not a certificate claim. Verify the current official credential/course and price before calling it free.",Varies,Varies,Provider-dependent,Unknown,Varies,Provider-dependent,Varies,https://developer.hashicorp.com/certifications,C,Не начато,Source watch — auto review,2026-08-31,,curated,discovery
SRCX-1299a1d5792a,United States,JFrog Academy,JFrog Academy — 6G source & credential directory,source-watch,6G,6G,catalog,⚠️ verify current offer,"Monitoring record, not a certificate claim. Verify the current official credential/course and price before calling it free.",Varies,Varies,Provider-dependent,Unknown,Varies,Provider-dependent,Varies,https://academy.jfrog.com/,C,Не начато,Source watch — auto review,2026-08-31,,curated,discovery
SRCX-09a40bfda532,Australia,Jira Service Management,Jira Service Management — 6G source & credential directory,source-watch,6G,6G,catalog,⚠️ verify current offer,"Monitoring record, not a certificate claim. Verify the current official credential/course and price before calling it free.",Varies,Varies,Provider-dependent,Unknown,Varies,Provider-dependent,Varies,https://university.atlassian.com/,C,Не начато,Source watch — auto review,2026-08-31,,curated,discovery
SRCX-06c7d279a3a3,Global,Kubernetes,Kubernetes — 6G source & credential directory,source-watch,6G,6G,catalog,⚠️ verify current offer,"Monitoring record, not a certificate claim. Verify the current official credential/course and price before calling it free.",Varies,Varies,Provider-dependent,Unknown,Varies,Provider-dependent,Varies,https://kubernetes.io/training/,C,Не начато,Source watch — auto review,2026-08-31,,curated,discovery
SRCX-017da41b2dcd,United States,Looker / Google,Looker / Google — 6G source & credential directory,source-watch,6G,6G,catalog,⚠️ verify current offer,"Monitoring record, not a certificate claim. Verify the current official credential/course and price before calling it free.",Varies,Varies,Provider-dependent,Unknown,Varies,Provider-dependent,Varies,https://cloud.google.com/looker/docs,C,Не начато,Source watch — auto review,2026-08-31,,curated,discovery
SRCX-13e8b96d8352,Taiwan,MediaTek,MediaTek — 6G source & credential directory,source-watch,6G,6G,catalog,⚠️ verify current offer,"Monitoring record, not a certificate claim. Verify the current official credential/course and price before calling it free.",Varies,Varies,Provider-dependent,Unknown,Varies,Provider-dependent,Varies,https://corp.mediatek.com/,C,Не начато,Source watch — auto review,2026-08-31,,curated,discovery
SRCX-14aec1c58de9,Germany,Phoenix Contact,Phoenix Contact — 6G source & credential directory,source-watch,6G,6G,catalog,⚠️ verify current offer,"Monitoring record, not a certificate claim. Verify the current official credential/course and price before calling it free.",Varies,Varies,Provider-dependent,Unknown,Varies,Provider-dependent,Varies,https://www.phoenixcontact.com/en-pc/training,C,Не начато,Source watch — auto review,2026-08-31,,curated,discovery
SRCX-0eebf0c592d8,United States,PTC,PTC — 6G source & credential directory,source-watch,6G,6G,catalog,⚠️ verify current offer,"Monitoring record, not a certificate claim. Verify the current official credential/course and price before calling it free.",Varies,Varies,Provider-dependent,Unknown,Varies,Provider-dependent,Varies,https://www.ptc.com/en/academic-program,C,Не начато,Source watch — auto review,2026-08-31,,curated,discovery
SRCX-0d136470c6c0,United States,SiFive,SiFive — 6G source & credential directory,source-watch,6G,6G,catalog,⚠️ verify current offer,"Monitoring record, not a certificate claim. Verify the current official credential/course and price before calling it free.",Varies,Varies,Provider-dependent,Unknown,Varies,Provider-dependent,Varies,https://www.sifive.com/,C,Не начато,Source watch — auto review,2026-08-31,,curated,discovery
SRCX-0a8573c4a8c5,United States,Silicon Labs,Silicon Labs — 6G source & credential directory,source-watch,6G,6G,catalog,⚠️ verify current offer,"Monitoring record, not a certificate claim. Verify the current official credential/course and price before calling it free.",Varies,Varies,Provider-dependent,Unknown,Varies,Provider-dependent,Varies,https://www.silabs.com/training,C,Не начато,Source watch — auto review,2026-08-31,,curated,discovery
SRCX-0b88f6b44593,United States,USGS,USGS — 6G source & credential directory,source-watch,6G,6G,catalog,⚠️ verify current offer,"Monitoring record, not a certificate claim. Verify the current official credential/course and price before calling it free.",Varies,Varies,Provider-dependent,Unknown,Varies,Provider-dependent,Varies,https://www.usgs.gov/educational-resources,C,Не начато,Source watch — auto review,2026-08-31,,curated,discovery
SRCX-109b76d44d52,Global,Apache Software Foundation — Subprojects,Apache Software Foundation — Subprojects — AI source & credential directory,source-watch,AI,AI,catalog,⚠️ verify current offer,"Monitoring record, not a certificate claim. Verify the current official credential/course and price before calling it free.",Varies,Varies,Provider-dependent,Unknown,Varies,Provider-dependent,Varies,https://www.apache.org/,C,Не начато,Source watch — auto review,2026-08-31,,curated,discovery
SRCX-092e86ea5dc7,Italy,Arduino,Arduino — AI source & credential directory,source-watch,AI,AI,catalog,⚠️ verify current offer,"Monitoring record, not a certificate claim. Verify the current official credential/course and price before calling it free.",Varies,Varies,Provider-dependent,Unknown,Varies,Provider-dependent,Varies,https://docs.arduino.cc/,C,Не начато,Source watch — auto review,2026-08-31,,curated,discovery
SRCX-0ff839e2c524,United States,Databricks,Databricks — AI source & credential directory,source-watch,AI,AI,catalog,⚠️ verify current offer,"Monitoring record, not a certificate claim. Verify the current official credential/course and price before calling it free.",Varies,Varies,Provider-dependent,Unknown,Varies,Provider-dependent,Varies,https://www.databricks.com/learn,C,Не начато,Source watch — auto review,2026-08-31,,curated,discovery
SRCX-140480afeff6,United States,Epic Games,Epic Games — AI source & credential directory,source-watch,AI,AI,catalog,⚠️ verify current offer,"Monitoring record, not a certificate claim. Verify the current official credential/course and price before calling it free.",Varies,Varies,Provider-dependent,Unknown,Varies,Provider-dependent,Varies,https://dev.epicgames.com/community/,C,Не начато,Source watch — auto review,2026-08-31,,curated,discovery
SRCX-09638badc9f4,Global,FAO eLearning Academy,FAO eLearning Academy — AI source & credential directory,source-watch,AI,AI,catalog,⚠️ verify current offer,"Monitoring record, not a certificate claim. Verify the current official credential/course and price before calling it free.",Varies,Varies,Provider-dependent,Unknown,Varies,Provider-dependent,Varies,https://elearning.fao.org/,C,Не начато,Source watch — auto review,2026-08-31,,curated,discovery
SRCX-00f76fd88788,United States/Global,FIRST Robotics,FIRST Robotics — AI source & credential directory,source-watch,AI,AI,catalog,⚠️ verify current offer,"Monitoring record, not a certificate claim. Verify the current official credential/course and price before calling it free.",Varies,Varies,Provider-dependent,Unknown,Varies,Provider-dependent,Varies,https://www.firstinspires.org/,C,Не начато,Source watch — auto review,2026-08-31,,curated,discovery
SRCX-0073aac14ac1,United States,GitHub Skills,GitHub Skills — AI source & credential directory,source-watch,AI,AI,catalog,⚠️ verify current offer,"Monitoring record, not a certificate claim. Verify the current official credential/course and price before calling it free.",Varies,Varies,Provider-dependent,Unknown,Varies,Provider-dependent,Varies,https://skills.github.com/,C,Не начато,Source watch — auto review,2026-08-31,,curated,discovery
SRCX-0b003c5beadb,United States,MongoDB,MongoDB — AI source & credential directory,source-watch,AI,AI,catalog,⚠️ verify current offer,"Monitoring record, not a certificate claim. Verify the current official credential/course and price before calling it free.",Varies,Varies,Provider-dependent,Unknown,Varies,Provider-dependent,Varies,https://learn.mongodb.com/,C,Не начато,Source watch — auto review,2026-08-31,,curated,discovery
SRCX-0124d420cb12,United States,NVIDIA,NVIDIA — AI source & credential directory,source-watch,AI,AI,catalog,⚠️ verify current offer,"Monitoring record, not a certificate claim. Verify the current official credential/course and price before calling it free.",Varies,Varies,Provider-dependent,Unknown,Varies,Provider-dependent,Varies,https://www.nvidia.com/training/,C,Не начато,Source watch — auto review,2026-08-31,,curated,discovery
SRCX-02e451ab3fb9,United States,Palo Alto Networks,Palo Alto Networks — AI source & credential directory,source-watch,AI,AI,catalog,⚠️ verify current offer,"Monitoring record, not a certificate claim. Verify the current official credential/course and price before calling it free.",Varies,Varies,Provider-dependent,Unknown,Varies,Provider-dependent,Varies,https://www.paloaltonetworks.com/services/education,C,Не начато,Source watch — auto review,2026-08-31,,curated,discovery
SRCX-144f8d66b650,France,Schneider Electric,Schneider Electric — AI source & credential directory,source-watch,AI,AI,catalog,⚠️ verify current offer,"Monitoring record, not a certificate claim. Verify the current official credential/course and price before calling it free.",Varies,Varies,Provider-dependent,Unknown,Varies,Provider-dependent,Varies,https://www.se.com/ww/en/work/solutions/for-business/training/,C,Не начато,Source watch — auto review,2026-08-31,,curated,discovery
SRCX-1070e7b8b986,Germany,Siemens,Siemens — AI source & credential directory,source-watch,AI,AI,catalog,⚠️ verify current offer,"Monitoring record, not a certificate claim. Verify the current official credential/course and price before calling it free.",Varies,Varies,Provider-dependent,Unknown,Varies,Provider-dependent,Varies,https://www.siemens.com/training,C,Не начато,Source watch — auto review,2026-08-31,,curated,discovery
SRCX-063ed7b13645,United States,TensorFlow,TensorFlow — AI source & credential directory,source-watch,AI,AI,catalog,⚠️ verify current offer,"Monitoring record, not a certificate claim. Verify the current official credential/course and price before calling it free.",Varies,Varies,Provider-dependent,Unknown,Varies,Provider-dependent,Varies,https://www.tensorflow.org/certificate,C,Не начато,Source watch — auto review,2026-08-31,,curated,discovery
SRCX-11d711130990,United States,Akamai,Akamai — AI Agents source & credential directory,source-watch,AI Agents,AI Agents,catalog,⚠️ verify current offer,"Monitoring record, not a certificate claim. Verify the current official credential/course and price before calling it free.",Varies,Varies,Provider-dependent,Unknown,Varies,Provider-dependent,Varies,https://www.akamai.com/learn,C,Не начато,Source watch — auto review,2026-08-31,,curated,discovery
SRCX-120ea029f198,United States,Alteryx,Alteryx — AI Agents source & credential directory,source-watch,AI Agents,AI Agents,catalog,⚠️ verify current offer,"Monitoring record, not a certificate claim. Verify the current official credential/course and price before calling it free.",Varies,Varies,Provider-dependent,Unknown,Varies,Provider-dependent,Varies,https://community.alteryx.com/,C,Не начато,Source watch — auto review,2026-08-31,,curated,discovery
SRCX-10779e5951dd,United States,Class Central,Class Central — AI Agents source & credential directory,source-watch,AI Agents,AI Agents,catalog,⚠️ verify current offer,"Monitoring record, not a certificate claim. Verify the current official credential/course and price before calling it free.",Varies,Varies,Provider-dependent,Unknown,Varies,Provider-dependent,Varies,https://www.classcentral.com/,C,Не начато,Source watch — auto review,2026-08-31,,curated,discovery
SRCX-07ec9a32b079,United States,CompTIA,CompTIA — AI Agents source & credential directory,source-watch,AI Agents,AI Agents,catalog,⚠️ verify current offer,"Monitoring record, not a certificate claim. Verify the current official credential/course and price before calling it free.",Varies,Varies,Provider-dependent,Unknown,Varies,Provider-dependent,Varies,https://www.comptia.org/certifications,C,Не начато,Source watch — auto review,2026-08-31,,curated,discovery
SRCX-0388249631d9,United States,IBM,IBM — AI Agents source & credential directory,source-watch,AI Agents,AI Agents,catalog,⚠️ verify current offer,"Monitoring record, not a certificate claim. Verify the current official credential/course and price before calling it free.",Varies,Varies,Provider-dependent,Unknown,Varies,Provider-dependent,Varies,https://skillsbuild.org/learning-catalog,C,Не начато,Source watch — auto review,2026-08-31,,curated,discovery
SRCX-0f59053249d4,United States,Khan Academy,Khan Academy — AI Agents source & credential directory,source-watch,AI Agents,AI Agents,catalog,⚠️ verify current offer,"Monitoring record, not a certificate claim. Verify the current official credential/course and price before calling it free.",Varies,Varies,Provider-dependent,Unknown,Varies,Provider-dependent,Varies,https://www.khanacademy.org/,C,Не начато,Source watch — auto review,2026-08-31,,curated,discovery
SRCX-0f46c1ddb836,Global,OpenTofu,OpenTofu — AI Agents source & credential directory,source-watch,AI Agents,AI Agents,catalog,⚠️ verify current offer,"Monitoring record, not a certificate claim. Verify the current official credential/course and price before calling it free.",Varies,Varies,Provider-dependent,Unknown,Varies,Provider-dependent,Varies,https://opentofu.org/,C,Не начато,Source watch — auto review,2026-08-31,,curated,discovery
SRCX-0127a87ccf1f,United States,Rockwell Automation,Rockwell Automation — AI Agents source & credential directory,source-watch,AI Agents,AI Agents,catalog,⚠️ verify current offer,"Monitoring record, not a certificate claim. Verify the current official credential/course and price before calling it free.",Varies,Varies,Provider-dependent,Unknown,Varies,Provider-dependent,Varies,https://www.rockwellautomation.com/en-us/services/training.html,C,Не начато,Source watch — auto review,2026-08-31,,curated,discovery
SRCX-02d020baf1e7,United States,RStudio / Posit,RStudio / Posit — AI Agents source & credential directory,source-watch,AI Agents,AI Agents,catalog,⚠️ verify current offer,"Monitoring record, not a certificate claim. Verify the current official credential/course and price before calling it free.",Varies,Varies,Provider-dependent,Unknown,Varies,Provider-dependent,Varies,https://posit.co/learn/,C,Не начато,Source watch — auto review,2026-08-31,,curated,discovery
SRCX-01f24b20e855,Germany,Siemens,Siemens — AI Agents source & credential directory,source-watch,AI Agents,AI Agents,catalog,⚠️ verify current offer,"Monitoring record, not a certificate claim. Verify the current official credential/course and price before calling it free.",Varies,Varies,Provider-dependent,Unknown,Varies,Provider-dependent,Varies,https://www.siemens.com/training,C,Не начато,Source watch — auto review,2026-08-31,,curated,discovery
SRCX-064e49485bd1,Russia,Stepik,Stepik — AI Agents source & credential directory,source-watch,AI Agents,AI Agents,catalog,⚠️ verify current offer,"Monitoring record, not a certificate claim. Verify the current official credential/course and price before calling it free.",Varies,Varies,Provider-dependent,Unknown,Varies,Provider-dependent,Varies,https://stepik.org/,C,Не начато,Source watch — auto review,2026-08-31,,curated,discovery
SRCX-1115b2632bf9,Russia,Группа Астра,Группа Астра — AI Agents source & credential directory,source-watch,AI Agents,AI Agents,catalog,⚠️ verify current offer,"Monitoring record, not a certificate claim. Verify the current official credential/course and price before calling it free.",Varies,Varies,Provider-dependent,Unknown,Varies,Provider-dependent,Varies,https://astra.ru/training/,C,Не начато,Source watch — auto review,2026-08-31,,curated,discovery
SRCX-02544cf2f5c4,Global,3GPP,3GPP — APIs source & credential directory,source-watch,APIs,APIs,catalog,⚠️ verify current offer,"Monitoring record, not a certificate claim. Verify the current official credential/course and price before calling it free.",Varies,Varies,Provider-dependent,Unknown,Varies,Provider-dependent,Varies,https://www.3gpp.org/,C,Не начато,Source watch — auto review,2026-08-31,,curated,discovery
SRCX-0fe6a1c60dc6,United States,Ansys,Ansys — APIs source & credential directory,source-watch,APIs,APIs,catalog,⚠️ verify current offer,"Monitoring record, not a certificate claim. Verify the current official credential/course and price before calling it free.",Varies,Varies,Provider-dependent,Unknown,Varies,Provider-dependent,Varies,https://www.ansys.com/academic/educator-resources,C,Не начато,Source watch — auto review,2026-08-31,,curated,discovery
SRCX-00078be92392,United States,Class Central,Class Central — APIs source & credential directory,source-watch,APIs,APIs,catalog,⚠️ verify current offer,"Monitoring record, not a certificate claim. Verify the current official credential/course and price before calling it free.",Varies,Varies,Provider-dependent,Unknown,Varies,Provider-dependent,Varies,https://www.classcentral.com/,C,Не начато,Source watch — auto review,2026-08-31,,curated,discovery
SRCX-0ed375f1f198,Global,Cloud Native Computing Foundation,Cloud Native Computing Foundation — APIs source & credential directory,source-watch,APIs,APIs,catalog,⚠️ verify current offer,"Monitoring record, not a certificate claim. Verify the current official credential/course and price before calling it free.",Varies,Varies,Provider-dependent,Unknown,Varies,Provider-dependent,Varies,https://www.cncf.io/training/,C,Не начато,Source watch — auto review,2026-08-31,,curated,discovery
SRCX-154c3e95f4ad,Global,Coursera,Coursera — APIs source & credential directory,source-watch,APIs,APIs,catalog,⚠️ verify current offer,"Monitoring record, not a certificate claim. Verify the current official credential/course and price before calling it free.",Varies,Varies,Provider-dependent,Unknown,Varies,Provider-dependent,Varies,https://www.coursera.org/,C,Не начато,Source watch — auto review,2026-08-31,,curated,discovery
SRCX-063d232ccf6a,France,Dassault Aviation,Dassault Aviation — APIs source & credential directory,source-watch,APIs,APIs,catalog,⚠️ verify current offer,"Monitoring record, not a certificate claim. Verify the current official credential/course and price before calling it free.",Varies,Varies,Provider-dependent,Unknown,Varies,Provider-dependent,Varies,https://www.dassault-aviation.com/,C,Не начато,Source watch — auto review,2026-08-31,,curated,discovery
SRCX-00f6f6aeb2e4,United States,Docker,Docker — APIs source & credential directory,source-watch,APIs,APIs,catalog,⚠️ verify current offer,"Monitoring record, not a certificate claim. Verify the current official credential/course and price before calling it free.",Varies,Varies,Provider-dependent,Unknown,Varies,Provider-dependent,Varies,https://www.docker.com/education/,C,Не начато,Source watch — auto review,2026-08-31,,curated,discovery
SRCX-0c381f783207,European Union,EIT Manufacturing,EIT Manufacturing — APIs source & credential directory,source-watch,APIs,APIs,catalog,⚠️ verify current offer,"Monitoring record, not a certificate claim. Verify the current official credential/course and price before calling it free.",Varies,Varies,Provider-dependent,Unknown,Varies,Provider-dependent,Varies,https://www.eitmanufacturing.eu/,C,Не начато,Source watch — auto review,2026-08-31,,curated,discovery
SRCX-10a287ac2009,United Kingdom,FutureLearn,FutureLearn — APIs source & credential directory,source-watch,APIs,APIs,catalog,⚠️ verify current offer,"Monitoring record, not a certificate claim. Verify the current official credential/course and price before calling it free.",Varies,Varies,Provider-dependent,Unknown,Varies,Provider-dependent,Varies,https://www.futurelearn.com/,C,Не начато,Source watch — auto review,2026-08-31,,curated,discovery
SRCX-079101f5ebf3,United States,GitHub,GitHub — APIs source & credential directory,source-watch,APIs,APIs,catalog,⚠️ verify current offer,"Monitoring record, not a certificate claim. Verify the current official credential/course and price before calling it free.",Varies,Varies,Provider-dependent,Unknown,Varies,Provider-dependent,Varies,https://learn.github.com/certifications,C,Не начато,Source watch — auto review,2026-08-31,,curated,discovery
SRCX-084214aa3de8,United States,Google Cloud,Google Cloud — APIs source & credential directory,source-watch,APIs,APIs,catalog,⚠️ verify current offer,"Monitoring record, not a certificate claim. Verify the current official credential/course and price before calling it free.",Varies,Varies,Provider-dependent,Unknown,Varies,Provider-dependent,Varies,https://www.cloudskillsboost.google/,C,Не начато,Source watch — auto review,2026-08-31,,curated,discovery
SRCX-00f19cc84d81,Global,ITU Academy,ITU Academy — APIs source & credential directory,source-watch,APIs,APIs,catalog,⚠️ verify current offer,"Monitoring record, not a certificate claim. Verify the current official credential/course and price before calling it free.",Varies,Varies,Provider-dependent,Unknown,Varies,Provider-dependent,Varies,https://academy.itu.int/,C,Не начато,Source watch — auto review,2026-08-31,,curated,discovery
SRCX-12c062353027,United States,Kaggle,Kaggle — APIs source & credential directory,source-watch,APIs,APIs,catalog,⚠️ verify current offer,"Monitoring record, not a certificate claim. Verify the current official credential/course and price before calling it free.",Varies,Varies,Provider-dependent,Unknown,Varies,Provider-dependent,Varies,https://www.kaggle.com/learn,C,Не начато,Source watch — auto review,2026-08-31,,curated,discovery
SRCX-0bfc73677a9c,United States,Keysight Technologies,Keysight Technologies — APIs source & credential directory,source-watch,APIs,APIs,catalog,⚠️ verify current offer,"Monitoring record, not a certificate claim. Verify the current official credential/course and price before calling it free.",Varies,Varies,Provider-dependent,Unknown,Varies,Provider-dependent,Varies,https://www.keysight.com/us/en/learn.html,C,Не начато,Source watch — auto review,2026-08-31,,curated,discovery
SRCX-0323f1d40d6d,Japan,Mitsubishi Electric,Mitsubishi Electric — APIs source & credential directory,source-watch,APIs,APIs,catalog,⚠️ verify current offer,"Monitoring record, not a certificate claim. Verify the current official credential/course and price before calling it free.",Varies,Varies,Provider-dependent,Unknown,Varies,Provider-dependent,Varies,https://us.mitsubishielectric.com/fa/en/learn/,C,Не начато,Source watch — auto review,2026-08-31,,curated,discovery
SRCX-0ee9fbe202f7,United States,NI,NI — APIs source & credential directory,source-watch,APIs,APIs,catalog,⚠️ verify current offer,"Monitoring record, not a certificate claim. Verify the current official credential/course and price before calling it free.",Varies,Varies,Provider-dependent,Unknown,Varies,Provider-dependent,Varies,https://www.ni.com/training/,C,Не начато,Source watch — auto review,2026-08-31,,curated,discovery
SRCX-0f74159d8015,United States,NVIDIA,NVIDIA — APIs source & credential directory,source-watch,APIs,APIs,catalog,⚠️ verify current offer,"Monitoring record, not a certificate claim. Verify the current official credential/course and price before calling it free.",Varies,Varies,Provider-dependent,Unknown,Varies,Provider-dependent,Varies,https://www.nvidia.com/training/,C,Не начато,Source watch — auto review,2026-08-31,,curated,discovery
SRCX-14edf7e3136d,United States,Qualcomm,Qualcomm — APIs source & credential directory,source-watch,APIs,APIs,catalog,⚠️ verify current offer,"Monitoring record, not a certificate claim. Verify the current official credential/course and price before calling it free.",Varies,Varies,Provider-dependent,Unknown,Varies,Provider-dependent,Varies,https://www.qualcomm.com/developer,C,Не начато,Source watch — auto review,2026-08-31,,curated,discovery
SRCX-12d88b3668c4,United States,Silicon Labs,Silicon Labs — APIs source & credential directory,source-watch,APIs,APIs,catalog,⚠️ verify current offer,"Monitoring record, not a certificate claim. Verify the current official credential/course and price before calling it free.",Varies,Varies,Provider-dependent,Unknown,Varies,Provider-dependent,Varies,https://www.silabs.com/training,C,Не начато,Source watch — auto review,2026-08-31,,curated,discovery
SRCX-116c7c7f896f,Russia,Stepik,Stepik — APIs source & credential directory,source-watch,APIs,APIs,catalog,⚠️ verify current offer,"Monitoring record, not a certificate claim. Verify the current official credential/course and price before calling it free.",Varies,Varies,Provider-dependent,Unknown,Varies,Provider-dependent,Varies,https://stepik.org/,C,Не начато,Source watch — auto review,2026-08-31,,curated,discovery
SRCX-0c96f31f2b03,Global,UN CC:Learn,UN CC:Learn — APIs source & credential directory,source-watch,APIs,APIs,catalog,⚠️ verify current offer,"Monitoring record, not a certificate claim. Verify the current official credential/course and price before calling it free.",Varies,Varies,Provider-dependent,Unknown,Varies,Provider-dependent,Varies,https://unccelearn.org/,C,Не начато,Source watch — auto review,2026-08-31,,curated,discovery
SRCX-02ec61b77f76,United States,Cloudflare,Cloudflare — ASIC source & credential directory,source-watch,ASIC,ASIC,catalog,⚠️ verify current offer,"Monitoring record, not a certificate claim. Verify the current official credential/course and price before calling it free.",Varies,Varies,Provider-dependent,Unknown,Varies,Provider-dependent,Varies,https://www.cloudflare.com/learning/,C,Не начато,Source watch — auto review,2026-08-31,,curated,discovery
SRCX-0bde34c1bce9,European Union,EU Academy,EU Academy — ASIC source & credential directory,source-watch,ASIC,ASIC,catalog,⚠️ verify current offer,"Monitoring record, not a certificate claim. Verify the current official credential/course and price before calling it free.",Varies,Varies,Provider-dependent,Unknown,Varies,Provider-dependent,Varies,https://academy.europa.eu/,C,Не начато,Source watch — auto review,2026-08-31,,curated,discovery
SRCX-0612c23ea0ed,Sweden,Grafana Labs,Grafana Labs — ASIC source & credential directory,source-watch,ASIC,ASIC,catalog,⚠️ verify current offer,"Monitoring record, not a certificate claim. Verify the current official credential/course and price before calling it free.",Varies,Varies,Provider-dependent,Unknown,Varies,Provider-dependent,Varies,https://grafana.com/training/,C,Не начато,Source watch — auto review,2026-08-31,,curated,discovery
SRCX-02dfda07131a,United States,IBM,IBM — ASIC source & credential directory,source-watch,ASIC,ASIC,catalog,⚠️ verify current offer,"Monitoring record, not a certificate claim. Verify the current official credential/course and price before calling it free.",Varies,Varies,Provider-dependent,Unknown,Varies,Provider-dependent,Varies,https://skillsbuild.org/learning-catalog,C,Не начато,Source watch — auto review,2026-08-31,,curated,discovery
SRCX-01357a7135c9,Global,IEEE,IEEE — ASIC source & credential directory,source-watch,ASIC,ASIC,catalog,⚠️ verify current offer,"Monitoring record, not a certificate claim. Verify the current official credential/course and price before calling it free.",Varies,Varies,Provider-dependent,Unknown,Varies,Provider-dependent,Varies,https://www.ieee.org/education/,C,Не начато,Source watch — auto review,2026-08-31,,curated,discovery
SRCX-00ad178f65d9,United States,IPC,IPC — ASIC source & credential directory,source-watch,ASIC,ASIC,catalog,⚠️ verify current offer,"Monitoring record, not a certificate claim. Verify the current official credential/course and price before calling it free.",Varies,Varies,Provider-dependent,Unknown,Varies,Provider-dependent,Varies,https://www.ipc.org/training,C,Не начато,Source watch — auto review,2026-08-31,,curated,discovery
SRCX-0ea24e2d3ae3,Russia,Kaspersky,Kaspersky — ASIC source & credential directory,source-watch,ASIC,ASIC,catalog,⚠️ verify current offer,"Monitoring record, not a certificate claim. Verify the current official credential/course and price before calling it free.",Varies,Varies,Provider-dependent,Unknown,Varies,Provider-dependent,Varies,https://certification.kaspersky.com/,C,Не начато,Source watch — auto review,2026-08-31,,curated,discovery
SRCX-14407519db9d,United States,Lattice Semiconductor,Lattice Semiconductor — ASIC source & credential directory,source-watch,ASIC,ASIC,catalog,⚠️ verify current offer,"Monitoring record, not a certificate claim. Verify the current official credential/course and price before calling it free.",Varies,Varies,Provider-dependent,Unknown,Varies,Provider-dependent,Varies,https://www.latticesemi.com/Support,C,Не начато,Source watch — auto review,2026-08-31,,curated,discovery
SRCX-0868891374bf,United States,Microsoft,Microsoft — ASIC source & credential directory,source-watch,ASIC,ASIC,catalog,⚠️ verify current offer,"Monitoring record, not a certificate claim. Verify the current official credential/course and price before calling it free.",Varies,Varies,Provider-dependent,Unknown,Varies,Provider-dependent,Varies,https://learn.microsoft.com/credentials/,C,Не начато,Source watch — auto review,2026-08-31,,curated,discovery
SRCX-0e71ec769e5d,United Kingdom,National Physical Laboratory,National Physical Laboratory — ASIC source & credential directory,source-watch,ASIC,ASIC,catalog,⚠️ verify current offer,"Monitoring record, not a certificate claim. Verify the current official credential/course and price before calling it free.",Varies,Varies,Provider-dependent,Unknown,Varies,Provider-dependent,Varies,https://www.npl.co.uk/education-training,C,Не начато,Source watch — auto review,2026-08-31,,curated,discovery
SRCX-056b4e93f83c,Global,NumPy,NumPy — ASIC source & credential directory,source-watch,ASIC,ASIC,catalog,⚠️ verify current offer,"Monitoring record, not a certificate claim. Verify the current official credential/course and price before calling it free.",Varies,Varies,Provider-dependent,Unknown,Varies,Provider-dependent,Varies,https://numpy.org/,C,Не начато,Source watch — auto review,2026-08-31,,curated,discovery
SRCX-0056e1cd0136,Germany,Phoenix Contact,Phoenix Contact — ASIC source & credential directory,source-watch,ASIC,ASIC,catalog,⚠️ verify current offer,"Monitoring record, not a certificate claim. Verify the current official credential/course and price before calling it free.",Varies,Varies,Provider-dependent,Unknown,Varies,Provider-dependent,Varies,https://www.phoenixcontact.com/en-pc/training,C,Не начато,Source watch — auto review,2026-08-31,,curated,discovery
SRCX-13081ade5551,Russia,Positive Technologies,Positive Technologies — ASIC source & credential directory,source-watch,ASIC,ASIC,catalog,⚠️ verify current offer,"Monitoring record, not a certificate claim. Verify the current official credential/course and price before calling it free.",Varies,Varies,Provider-dependent,Unknown,Varies,Provider-dependent,Varies,https://edu.ptsecurity.com/,C,Не начато,Source watch — auto review,2026-08-31,,curated,discovery
SRCX-0ae402656f2c,Global,PostgreSQL,PostgreSQL — ASIC source & credential directory,source-watch,ASIC,ASIC,catalog,⚠️ verify current offer,"Monitoring record, not a certificate claim. Verify the current official credential/course and price before calling it free.",Varies,Varies,Provider-dependent,Unknown,Varies,Provider-dependent,Varies,https://www.postgresql.org/,C,Не начато,Source watch — auto review,2026-08-31,,curated,discovery
SRCX-087994152232,United States,SANS Institute,SANS Institute — ASIC source & credential directory,source-watch,ASIC,ASIC,catalog,⚠️ verify current offer,"Monitoring record, not a certificate claim. Verify the current official credential/course and price before calling it free.",Varies,Varies,Provider-dependent,Unknown,Varies,Provider-dependent,Varies,https://www.sans.org/,C,Не начато,Source watch — auto review,2026-08-31,,curated,discovery
SRCX-0834b0426c55,Germany,Siemens Digital Industries Software,Siemens Digital Industries Software — ASIC source & credential directory,source-watch,ASIC,ASIC,catalog,⚠️ verify current offer,"Monitoring record, not a certificate claim. Verify the current official credential/course and price before calling it free.",Varies,Varies,Provider-dependent,Unknown,Varies,Provider-dependent,Varies,https://training.plm.automation.siemens.com/,C,Не начато,Source watch — auto review,2026-08-31,,curated,discovery
SRCX-05d2e4ba3ff6,Global,The Carpentries,The Carpentries — ASIC source & credential directory,source-watch,ASIC,ASIC,catalog,⚠️ verify current offer,"Monitoring record, not a certificate claim. Verify the current official credential/course and price before calling it free.",Varies,Varies,Provider-dependent,Unknown,Varies,Provider-dependent,Varies,https://carpentries.org/workshops/,C,Не начато,Source watch — auto review,2026-08-31,,curated,discovery
SRCX-0c96e89e7973,Global,WHO Academy,WHO Academy — ASIC source & credential directory,source-watch,ASIC,ASIC,catalog,⚠️ verify current offer,"Monitoring record, not a certificate claim. Verify the current official credential/course and price before calling it free.",Varies,Varies,Provider-dependent,Unknown,Varies,Provider-dependent,Varies,https://www.who.int/about/who-academy,C,Не начато,Source watch — auto review,2026-08-31,,curated,discovery
SRCX-040ec8d5908a,Global,Apache Software Foundation,Apache Software Foundation — Accessibility source & credential directory,source-watch,Accessibility,Accessibility,catalog,⚠️ verify current offer,"Monitoring record, not a certificate claim. Verify the current official credential/course and price before calling it free.",Varies,Varies,Provider-dependent,Unknown,Varies,Provider-dependent,Varies,https://www.apache.org/,C,Не начато,Source watch — auto review,2026-08-31,,curated,discovery
SRCX-0af49f751164,Germany,Beckhoff,Beckhoff — Accessibility source & credential directory,source-watch,Accessibility,Accessibility,catalog,⚠️ verify current offer,"Monitoring record, not a certificate claim. Verify the current official credential/course and price before calling it free.",Varies,Varies,Provider-dependent,Unknown,Varies,Provider-dependent,Varies,https://www.beckhoff.com/en-us/company/education/,C,Не начато,Source watch — auto review,2026-08-31,,curated,discovery
SRCX-0f221500fd64,Global,Cloud Native Computing Foundation,Cloud Native Computing Foundation — Accessibility source & credential directory,source-watch,Accessibility,Accessibility,catalog,⚠️ verify current offer,"Monitoring record, not a certificate claim. Verify the current official credential/course and price before calling it free.",Varies,Varies,Provider-dependent,Unknown,Varies,Provider-dependent,Varies,https://www.cncf.io/training/,C,Не начато,Source watch — auto review,2026-08-31,,curated,discovery
SRCX-0165b6339658,Global,Cloud Security Alliance,Cloud Security Alliance — Accessibility source & credential directory,source-watch,Accessibility,Accessibility,catalog,⚠️ verify current offer,"Monitoring record, not a certificate claim. Verify the current official credential/course and price before calling it free.",Varies,Varies,Provider-dependent,Unknown,Varies,Provider-dependent,Varies,https://cloudsecurityalliance.org/education,C,Не начато,Source watch — auto review,2026-08-31,,curated,discovery
SRCX-009bebfa4efb,United States,GitHub Skills,GitHub Skills — Accessibility source & credential directory,source-watch,Accessibility,Accessibility,catalog,⚠️ verify current offer,"Monitoring record, not a certificate claim. Verify the current official credential/course and price before calling it free.",Varies,Varies,Provider-dependent,Unknown,Varies,Provider-dependent,Varies,https://skills.github.com/,C,Не начато,Source watch — auto review,2026-08-31,,curated,discovery
SRCX-09aec26e1560,Global,ISC2 Learning,ISC2 Learning — Accessibility source & credential directory,source-watch,Accessibility,Accessibility,catalog,⚠️ verify current offer,"Monitoring record, not a certificate claim. Verify the current official credential/course and price before calling it free.",Varies,Varies,Provider-dependent,Unknown,Varies,Provider-dependent,Varies,https://www.isc2.org/training,C,Не начато,Source watch — auto review,2026-08-31,,curated,discovery
SRCX-0e45b079fbd1,United States,Microchip Technology,Microchip Technology — Accessibility source & credential directory,source-watch,Accessibility,Accessibility,catalog,⚠️ verify current offer,"Monitoring record, not a certificate claim. Verify the current official credential/course and price before calling it free.",Varies,Varies,Provider-dependent,Unknown,Varies,Provider-dependent,Varies,https://www.microchip.com/en-us/training,C,Не начато,Source watch — auto review,2026-08-31,,curated,discovery
SRCX-09d6e6eb0723,United States,Microsoft,Microsoft — Accessibility source & credential directory,source-watch,Accessibility,Accessibility,catalog,⚠️ verify current offer,"Monitoring record, not a certificate claim. Verify the current official credential/course and price before calling it free.",Varies,Varies,Provider-dependent,Unknown,Varies,Provider-dependent,Varies,https://learn.microsoft.com/credentials/,C,Не начато,Source watch — auto review,2026-08-31,,curated,discovery
SRCX-078ce5160c27,United States,MongoDB,MongoDB — Accessibility source & credential directory,source-watch,Accessibility,Accessibility,catalog,⚠️ verify current offer,"Monitoring record, not a certificate claim. Verify the current official credential/course and price before calling it free.",Varies,Varies,Provider-dependent,Unknown,Varies,Provider-dependent,Varies,https://learn.mongodb.com/,C,Не начато,Source watch — auto review,2026-08-31,,curated,discovery
SRCX-14c8962ddef5,United States,Netlify,Netlify — Accessibility source & credential directory,source-watch,Accessibility,Accessibility,catalog,⚠️ verify current offer,"Monitoring record, not a certificate claim. Verify the current official credential/course and price before calling it free.",Varies,Varies,Provider-dependent,Unknown,Varies,Provider-dependent,Varies,https://www.netlify.com/learn/,C,Не начато,Source watch — auto review,2026-08-31,,curated,discovery
SRCX-09678dedc332,United States,NI,NI — Accessibility source & credential directory,source-watch,Accessibility,Accessibility,catalog,⚠️ verify current offer,"Monitoring record, not a certificate claim. Verify the current official credential/course and price before calling it free.",Varies,Varies,Provider-dependent,Unknown,Varies,Provider-dependent,Varies,https://www.ni.com/training/,C,Не начато,Source watch — auto review,2026-08-31,,curated,discovery
SRCX-08a9d14b6561,United Kingdom,OpenLearn,OpenLearn — Accessibility source & credential directory,source-watch,Accessibility,Accessibility,catalog,⚠️ verify current offer,"Monitoring record, not a certificate claim. Verify the current official credential/course and price before calling it free.",Varies,Varies,Provider-dependent,Unknown,Varies,Provider-dependent,Varies,https://www.open.edu/openlearn/,C,Не начато,Source watch — auto review,2026-08-31,,curated,discovery
SRCX-0b2e5bae3b75,Poland,Python Institute,Python Institute — Accessibility source & credential directory,source-watch,Accessibility,Accessibility,catalog,⚠️ verify current offer,"Monitoring record, not a certificate claim. Verify the current official credential/course and price before calling it free.",Varies,Varies,Provider-dependent,Unknown,Varies,Provider-dependent,Varies,https://pythoninstitute.org/,C,Не начато,Source watch — auto review,2026-08-31,,curated,discovery
SRCX-14388f21904f,United Kingdom,Raspberry Pi Foundation,Raspberry Pi Foundation — Accessibility source & credential directory,source-watch,Accessibility,Accessibility,catalog,⚠️ verify current offer,"Monitoring record, not a certificate claim. Verify the current official credential/course and price before calling it free.",Varies,Varies,Provider-dependent,Unknown,Varies,Provider-dependent,Varies,https://training-hub.raspberrypi.org/,C,Не начато,Source watch — auto review,2026-08-31,,curated,discovery
SRCX-032afc8a7fd3,Global,Scikit-learn,Scikit-learn — Accessibility source & credential directory,source-watch,Accessibility,Accessibility,catalog,⚠️ verify current offer,"Monitoring record, not a certificate claim. Verify the current official credential/course and price before calling it free.",Varies,Varies,Provider-dependent,Unknown,Varies,Provider-dependent,Varies,https://scikit-learn.org/,C,Не начато,Source watch — auto review,2026-08-31,,curated,discovery
SRCX-13cf7ad671fa,United States,Snowflake,Snowflake — Accessibility source & credential directory,source-watch,Accessibility,Accessibility,catalog,⚠️ verify current offer,"Monitoring record, not a certificate claim. Verify the current official credential/course and price before calling it free.",Varies,Varies,Provider-dependent,Unknown,Varies,Provider-dependent,Varies,https://learn.snowflake.com/,C,Не начато,Source watch — auto review,2026-08-31,,curated,discovery
SRCX-0a52aab4d316,United States,USGS,USGS — Accessibility source & credential directory,source-watch,Accessibility,Accessibility,catalog,⚠️ verify current offer,"Monitoring record, not a certificate claim. Verify the current official credential/course and price before calling it free.",Varies,Varies,Provider-dependent,Unknown,Varies,Provider-dependent,Varies,https://www.usgs.gov/educational-resources,C,Не начато,Source watch — auto review,2026-08-31,,curated,discovery
SRCX-04c46f27a6f0,Russia,Т-Банк Education,Т-Банк Education — Accessibility source & credential directory,source-watch,Accessibility,Accessibility,catalog,⚠️ verify current offer,"Monitoring record, not a certificate claim. Verify the current official credential/course and price before calling it free.",Varies,Varies,Provider-dependent,Unknown,Varies,Provider-dependent,Varies,https://education.tbank.ru/,C,Не начато,Source watch — auto review,2026-08-31,,curated,discovery
SRCX-131adecbf980,United States,Broadcom,Broadcom — Aerospace source & credential directory,source-watch,Aerospace,Aerospace,catalog,⚠️ verify current offer,"Monitoring record, not a certificate claim. Verify the current official credential/course and price before calling it free.",Varies,Varies,Provider-dependent,Unknown,Varies,Provider-dependent,Varies,https://www.broadcom.com/support/training,C,Не начато,Source watch — auto review,2026-08-31,,curated,discovery
SRCX-03badf73c426,United States,Cadence,Cadence — Aerospace source & credential directory,source-watch,Aerospace,Aerospace,catalog,⚠️ verify current offer,"Monitoring record, not a certificate claim. Verify the current official credential/course and price before calling it free.",Varies,Varies,Provider-dependent,Unknown,Varies,Provider-dependent,Varies,https://www.cadence.com/,C,Не начато,Source watch — auto review,2026-08-31,,curated,discovery
SRCX-0799b2f9d116,Global,Chainlink,Chainlink — Aerospace source & credential directory,source-watch,Aerospace,Aerospace,catalog,⚠️ verify current offer,"Monitoring record, not a certificate claim. Verify the current official credential/course and price before calling it free.",Varies,Varies,Provider-dependent,Unknown,Varies,Provider-dependent,Varies,https://docs.chain.link/,C,Не начато,Source watch — auto review,2026-08-31,,curated,discovery
SRCX-001f781a4148,United States,CompTIA,CompTIA — Aerospace source & credential directory,source-watch,Aerospace,Aerospace,catalog,⚠️ verify current offer,"Monitoring record, not a certificate claim. Verify the current official credential/course and price before calling it free.",Varies,Varies,Provider-dependent,Unknown,Varies,Provider-dependent,Varies,https://www.comptia.org/certifications,C,Не начато,Source watch — auto review,2026-08-31,,curated,discovery
SRCX-03fbd30a71e8,Sweden,COMSOL,COMSOL — Aerospace source & credential directory,source-watch,Aerospace,Aerospace,catalog,⚠️ verify current offer,"Monitoring record, not a certificate claim. Verify the current official credential/course and price before calling it free.",Varies,Varies,Provider-dependent,Unknown,Varies,Provider-dependent,Varies,https://www.comsol.com/learning-center,C,Не начато,Source watch — auto review,2026-08-31,,curated,discovery
SRCX-118656d808a9,Europe,ESA,ESA — Aerospace source & credential directory,source-watch,Aerospace,Aerospace,catalog,⚠️ verify current offer,"Monitoring record, not a certificate claim. Verify the current official credential/course and price before calling it free.",Varies,Varies,Provider-dependent,Unknown,Varies,Provider-dependent,Varies,https://learningzone.esa.int/,C,Не начато,Source watch — auto review,2026-08-31,,curated,discovery
SRCX-0d98596b421c,United States,GitLab,GitLab — Aerospace source & credential directory,source-watch,Aerospace,Aerospace,catalog,⚠️ verify current offer,"Monitoring record, not a certificate claim. Verify the current official credential/course and price before calling it free.",Varies,Varies,Provider-dependent,Unknown,Varies,Provider-dependent,Varies,https://about.gitlab.com/learn/,C,Не начато,Source watch — auto review,2026-08-31,,curated,discovery
SRCX-136fffeab313,United Kingdom/Global,GSMA,GSMA — Aerospace source & credential directory,source-watch,Aerospace,Aerospace,catalog,⚠️ verify current offer,"Monitoring record, not a certificate claim. Verify the current official credential/course and price before calling it free.",Varies,Varies,Provider-dependent,Unknown,Varies,Provider-dependent,Varies,https://www.gsma.com/,C,Не начато,Source watch — auto review,2026-08-31,,curated,discovery
SRCX-14d46d0961ab,Global,Hyperledger,Hyperledger — Aerospace source & credential directory,source-watch,Aerospace,Aerospace,catalog,⚠️ verify current offer,"Monitoring record, not a certificate claim. Verify the current official credential/course and price before calling it free.",Varies,Varies,Provider-dependent,Unknown,Varies,Provider-dependent,Varies,https://www.hyperledger.org/learn,C,Не начато,Source watch — auto review,2026-08-31,,curated,discovery
SRCX-12904400e0ac,Czech Republic,JetBrains Academy,JetBrains Academy — Aerospace source & credential directory,source-watch,Aerospace,Aerospace,catalog,⚠️ verify current offer,"Monitoring record, not a certificate claim. Verify the current official credential/course and price before calling it free.",Varies,Varies,Provider-dependent,Unknown,Varies,Provider-dependent,Varies,https://www.jetbrains.com/academy/,C,Не начато,Source watch — auto review,2026-08-31,,curated,discovery
SRCX-07c91f6765ae,United States,JFrog Academy,JFrog Academy — Aerospace source & credential directory,source-watch,Aerospace,Aerospace,catalog,⚠️ verify current offer,"Monitoring record, not a certificate claim. Verify the current official credential/course and price before calling it free.",Varies,Varies,Provider-dependent,Unknown,Varies,Provider-dependent,Varies,https://academy.jfrog.com/,C,Не начато,Source watch — auto review,2026-08-31,,curated,discovery
SRCX-009bc330c7ba,United States,Keysight Technologies,Keysight Technologies — Aerospace source & credential directory,source-watch,Aerospace,Aerospace,catalog,⚠️ verify current offer,"Monitoring record, not a certificate claim. Verify the current official credential/course and price before calling it free.",Varies,Varies,Provider-dependent,Unknown,Varies,Provider-dependent,Varies,https://www.keysight.com/us/en/learn.html,C,Не начато,Source watch — auto review,2026-08-31,,curated,discovery
SRCX-10a3cc818ec0,United States,Microchip Technology,Microchip Technology — Aerospace source & credential directory,source-watch,Aerospace,Aerospace,catalog,⚠️ verify current offer,"Monitoring record, not a certificate claim. Verify the current official credential/course and price before calling it free.",Varies,Varies,Provider-dependent,Unknown,Varies,Provider-dependent,Varies,https://www.microchip.com/en-us/training,C,Не начато,Source watch — auto review,2026-08-31,,curated,discovery
SRCX-0608ed86b64c,Japan,Omron,Omron — Aerospace source & credential directory,source-watch,Aerospace,Aerospace,catalog,⚠️ verify current offer,"Monitoring record, not a certificate claim. Verify the current official credential/course and price before calling it free.",Varies,Varies,Provider-dependent,Unknown,Varies,Provider-dependent,Varies,https://www.omron.com/global/en/technology/training/,C,Не начато,Source watch — auto review,2026-08-31,,curated,discovery
SRCX-129c663a4cda,Global,pandas,pandas — Aerospace source & credential directory,source-watch,Aerospace,Aerospace,catalog,⚠️ verify current offer,"Monitoring record, not a certificate claim. Verify the current official credential/course and price before calling it free.",Varies,Varies,Provider-dependent,Unknown,Varies,Provider-dependent,Varies,https://pandas.pydata.org/,C,Не начато,Source watch — auto review,2026-08-31,,curated,discovery
SRCX-152e8945db9f,Russia,Positive Technologies,Positive Technologies — Aerospace source & credential directory,source-watch,Aerospace,Aerospace,catalog,⚠️ verify current offer,"Monitoring record, not a certificate claim. Verify the current official credential/course and price before calling it free.",Varies,Varies,Provider-dependent,Unknown,Varies,Provider-dependent,Varies,https://edu.ptsecurity.com/,C,Не начато,Source watch — auto review,2026-08-31,,curated,discovery
SRCX-12d4d9776277,Russia,Roscosmos Education,Roscosmos Education — Aerospace source & credential directory,source-watch,Aerospace,Aerospace,catalog,⚠️ verify current offer,"Monitoring record, not a certificate claim. Verify the current official credential/course and price before calling it free.",Varies,Varies,Provider-dependent,Unknown,Varies,Provider-dependent,Varies,https://www.roscosmos.ru/,C,Не начато,Source watch — auto review,2026-08-31,,curated,discovery
SRCX-0188a3e19020,Russia,RЭД СОФТ,RЭД СОФТ — Aerospace source & credential directory,source-watch,Aerospace,Aerospace,catalog,⚠️ verify current offer,"Monitoring record, not a certificate claim. Verify the current official credential/course and price before calling it free.",Varies,Varies,Provider-dependent,Unknown,Varies,Provider-dependent,Varies,https://education.red-soft.ru/,C,Не начато,Source watch — auto review,2026-08-31,,curated,discovery
SRCX-05af6a6ad8f3,Russia,Stepik,Stepik — Aerospace source & credential directory,source-watch,Aerospace,Aerospace,catalog,⚠️ verify current offer,"Monitoring record, not a certificate claim. Verify the current official credential/course and price before calling it free.",Varies,Varies,Provider-dependent,Unknown,Varies,Provider-dependent,Varies,https://stepik.org/,C,Не начато,Source watch — auto review,2026-08-31,,curated,discovery
SRCX-116e32d513d7,Global,UN CC:Learn,UN CC:Learn — Aerospace source & credential directory,source-watch,Aerospace,Aerospace,catalog,⚠️ verify current offer,"Monitoring record, not a certificate claim. Verify the current official credential/course and price before calling it free.",Varies,Varies,Provider-dependent,Unknown,Varies,Provider-dependent,Varies,https://unccelearn.org/,C,Не начато,Source watch — auto review,2026-08-31,,curated,discovery
SRCX-1134ef560799,United States,USGS,USGS — Aerospace source & credential directory,source-watch,Aerospace,Aerospace,catalog,⚠️ verify current offer,"Monitoring record, not a certificate claim. Verify the current official credential/course and price before calling it free.",Varies,Varies,Provider-dependent,Unknown,Varies,Provider-dependent,Varies,https://www.usgs.gov/educational-resources,C,Не начато,Source watch — auto review,2026-08-31,,curated,discovery
SRCX-0e4866936615,United States,Akamai,Akamai — Agricultural Technology source & credential directory,source-watch,Agricultural Technology,Agricultural Technology,catalog,⚠️ verify current offer,"Monitoring record, not a certificate claim. Verify the current official credential/course and price before calling it free.",Varies,Varies,Provider-dependent,Unknown,Varies,Provider-dependent,Varies,https://www.akamai.com/learn,C,Не начато,Source watch — auto review,2026-08-31,,curated,discovery
SRCX-02d0ade39fa8,Global,Apache Airflow,Apache Airflow — Agricultural Technology source & credential directory,source-watch,Agricultural Technology,Agricultural Technology,catalog,⚠️ verify current offer,"Monitoring record, not a certificate claim. Verify the current official credential/course and price before calling it free.",Varies,Varies,Provider-dependent,Unknown,Varies,Provider-dependent,Varies,https://airflow.apache.org/,C,Не начато,Source watch — auto review,2026-08-31,,curated,discovery
SRCX-12cb6b9624e3,Global,CNCF,CNCF — Agricultural Technology source & credential directory,source-watch,Agricultural Technology,Agricultural Technology,catalog,⚠️ verify current offer,"Monitoring record, not a certificate claim. Verify the current official credential/course and price before calling it free.",Varies,Varies,Provider-dependent,Unknown,Varies,Provider-dependent,Varies,https://www.cncf.io/training/,C,Не начато,Source watch — auto review,2026-08-31,,curated,discovery
SRCX-0b006131b50e,Sweden,COMSOL,COMSOL — Agricultural Technology source & credential directory,source-watch,Agricultural Technology,Agricultural Technology,catalog,⚠️ verify current offer,"Monitoring record, not a certificate claim. Verify the current official credential/course and price before calling it free.",Varies,Varies,Provider-dependent,Unknown,Varies,Provider-dependent,Varies,https://www.comsol.com/learning-center,C,Не начато,Source watch — auto review,2026-08-31,,curated,discovery
SRCX-0cf08f2f43a0,Global,Data Carpentries,Data Carpentries — Agricultural Technology source & credential directory,source-watch,Agricultural Technology,Agricultural Technology,catalog,⚠️ verify current offer,"Monitoring record, not a certificate claim. Verify the current official credential/course and price before calling it free.",Varies,Varies,Provider-dependent,Unknown,Varies,Provider-dependent,Varies,https://datacarpentries.org/,C,Не начато,Source watch — auto review,2026-08-31,,curated,discovery
SRCX-109659d2e57a,United States,DeepLearning.AI,DeepLearning.AI — Agricultural Technology source & credential directory,source-watch,Agricultural Technology,Agricultural Technology,catalog,⚠️ verify current offer,"Monitoring record, not a certificate claim. Verify the current official credential/course and price before calling it free.",Varies,Varies,Provider-dependent,Unknown,Varies,Provider-dependent,Varies,https://www.deeplearning.ai/,C,Не начато,Source watch — auto review,2026-08-31,,curated,discovery
SRCX-0b97f63052b9,European Union,EIT Climate-KIC,EIT Climate-KIC — Agricultural Technology source & credential directory,source-watch,Agricultural Technology,Agricultural Technology,catalog,⚠️ verify current offer,"Monitoring record, not a certificate claim. Verify the current official credential/course and price before calling it free.",Varies,Varies,Provider-dependent,Unknown,Varies,Provider-dependent,Varies,https://www.climate-kic.org/,C,Не начато,Source watch — auto review,2026-08-31,,curated,discovery
SRCX-069f4c7e8fe1,United States/France,Hugging Face,Hugging Face — Agricultural Technology source & credential directory,source-watch,Agricultural Technology,Agricultural Technology,catalog,⚠️ verify current offer,"Monitoring record, not a certificate claim. Verify the current official credential/course and price before calling it free.",Varies,Varies,Provider-dependent,Unknown,Varies,Provider-dependent,Varies,https://huggingface.co/learn,C,Не начато,Source watch — auto review,2026-08-31,,curated,discovery
SRCX-12c561c1e198,Global,ITU Academy,ITU Academy — Agricultural Technology source & credential directory,source-watch,Agricultural Technology,Agricultural Technology,catalog,⚠️ verify current offer,"Monitoring record, not a certificate claim. Verify the current official credential/course and price before calling it free.",Varies,Varies,Provider-dependent,Unknown,Varies,Provider-dependent,Varies,https://academy.itu.int/,C,Не начато,Source watch — auto review,2026-08-31,,curated,discovery
SRCX-0103b42c152f,United States,JFrog,JFrog — Agricultural Technology source & credential directory,source-watch,Agricultural Technology,Agricultural Technology,catalog,⚠️ verify current offer,"Monitoring record, not a certificate claim. Verify the current official credential/course and price before calling it free.",Varies,Varies,Provider-dependent,Unknown,Varies,Provider-dependent,Varies,https://academy.jfrog.com/,C,Не начато,Source watch — auto review,2026-08-31,,curated,discovery
SRCX-01413cb384ec,United States,Microchip Technology,Microchip Technology — Agricultural Technology source & credential directory,source-watch,Agricultural Technology,Agricultural Technology,catalog,⚠️ verify current offer,"Monitoring record, not a certificate claim. Verify the current official credential/course and price before calling it free.",Varies,Varies,Provider-dependent,Unknown,Varies,Provider-dependent,Varies,https://www.microchip.com/en-us/training,C,Не начато,Source watch — auto review,2026-08-31,,curated,discovery
SRCX-06c5d11edd47,United States,MIT OpenCourseWare,MIT OpenCourseWare — Agricultural Technology source & credential directory,source-watch,Agricultural Technology,Agricultural Technology,catalog,⚠️ verify current offer,"Monitoring record, not a certificate claim. Verify the current official credential/course and price before calling it free.",Varies,Varies,Provider-dependent,Unknown,Varies,Provider-dependent,Varies,https://ocw.mit.edu/,C,Не начато,Source watch — auto review,2026-08-31,,curated,discovery
SRCX-0339cda8125e,United States,MongoDB,MongoDB — Agricultural Technology source & credential directory,source-watch,Agricultural Technology,Agricultural Technology,catalog,⚠️ verify current offer,"Monitoring record, not a certificate claim. Verify the current official credential/course and price before calling it free.",Varies,Varies,Provider-dependent,Unknown,Varies,Provider-dependent,Varies,https://learn.mongodb.com/,C,Не начато,Source watch — auto review,2026-08-31,,curated,discovery
SRCX-15a11ec1f3b7,Norway,Nordic Semiconductor,Nordic Semiconductor — Agricultural Technology source & credential directory,source-watch,Agricultural Technology,Agricultural Technology,catalog,⚠️ verify current offer,"Monitoring record, not a certificate claim. Verify the current official credential/course and price before calling it free.",Varies,Varies,Provider-dependent,Unknown,Varies,Provider-dependent,Varies,https://www.nordicsemi.com/Products/Development-tools/nRF-Connect-SDK,C,Не начато,Source watch — auto review,2026-08-31,,curated,discovery
SRCX-038137034843,Global,NumPy,NumPy — Agricultural Technology source & credential directory,source-watch,Agricultural Technology,Agricultural Technology,catalog,⚠️ verify current offer,"Monitoring record, not a certificate claim. Verify the current official credential/course and price before calling it free.",Varies,Varies,Provider-dependent,Unknown,Varies,Provider-dependent,Varies,https://numpy.org/,C,Не начато,Source watch — auto review,2026-08-31,,curated,discovery
SRCX-0b507f5dd537,Japan,Omron,Omron — Agricultural Technology source & credential directory,source-watch,Agricultural Technology,Agricultural Technology,catalog,⚠️ verify current offer,"Monitoring record, not a certificate claim. Verify the current official credential/course and price before calling it free.",Varies,Varies,Provider-dependent,Unknown,Varies,Provider-dependent,Varies,https://www.omron.com/global/en/technology/training/,C,Не начато,Source watch — auto review,2026-08-31,,curated,discovery
SRCX-0aa662fa6026,Global,OpenTelemetry,OpenTelemetry — Agricultural Technology source & credential directory,source-watch,Agricultural Technology,Agricultural Technology,catalog,⚠️ verify current offer,"Monitoring record, not a certificate claim. Verify the current official credential/course and price before calling it free.",Varies,Varies,Provider-dependent,Unknown,Varies,Provider-dependent,Varies,https://opentelemetry.io/,C,Не начато,Source watch — auto review,2026-08-31,,curated,discovery
SRCX-0f33786579f5,United States,PagerDuty,PagerDuty — Agricultural Technology source & credential directory,source-watch,Agricultural Technology,Agricultural Technology,catalog,⚠️ verify current offer,"Monitoring record, not a certificate claim. Verify the current official credential/course and price before calling it free.",Varies,Varies,Provider-dependent,Unknown,Varies,Provider-dependent,Varies,https://www.pagerduty.com/resources/,C,Не начато,Source watch — auto review,2026-08-31,,curated,discovery
SRCX-0a14b8b35b20,Germany,Phoenix Contact,Phoenix Contact — Agricultural Technology source & credential directory,source-watch,Agricultural Technology,Agricultural Technology,catalog,⚠️ verify current offer,"Monitoring record, not a certificate claim. Verify the current official credential/course and price before calling it free.",Varies,Varies,Provider-dependent,Unknown,Varies,Provider-dependent,Varies,https://www.phoenixcontact.com/en-pc/training,C,Не начато,Source watch — auto review,2026-08-31,,curated,discovery
SRCX-07f82fd4880c,Global,PostgreSQL,PostgreSQL — Agricultural Technology source & credential directory,source-watch,Agricultural Technology,Agricultural Technology,catalog,⚠️ verify current offer,"Monitoring record, not a certificate claim. Verify the current official credential/course and price before calling it free.",Varies,Varies,Provider-dependent,Unknown,Varies,Provider-dependent,Varies,https://www.postgresql.org/,C,Не начато,Source watch — auto review,2026-08-31,,curated,discovery
SRCX-0fe944a53db0,Global,RISC-V International,RISC-V International — Agricultural Technology source & credential directory,source-watch,Agricultural Technology,Agricultural Technology,catalog,⚠️ verify current offer,"Monitoring record, not a certificate claim. Verify the current official credential/course and price before calling it free.",Varies,Varies,Provider-dependent,Unknown,Varies,Provider-dependent,Varies,https://riscv.org/learn/,C,Не начато,Source watch — auto review,2026-08-31,,curated,discovery
SRCX-0da298157d14,Germany,SAP,SAP — Agricultural Technology source & credential directory,source-watch,Agricultural Technology,Agricultural Technology,catalog,⚠️ verify current offer,"Monitoring record, not a certificate claim. Verify the current official credential/course and price before calling it free.",Varies,Varies,Provider-dependent,Unknown,Varies,Provider-dependent,Varies,https://learning.sap.com/,C,Не начато,Source watch — auto review,2026-08-31,,curated,discovery
SRCX-055a75084057,United States,Silicon Labs,Silicon Labs — Agricultural Technology source & credential directory,source-watch,Agricultural Technology,Agricultural Technology,catalog,⚠️ verify current offer,"Monitoring record, not a certificate claim. Verify the current official credential/course and price before calling it free.",Varies,Varies,Provider-dependent,Unknown,Varies,Provider-dependent,Varies,https://www.silabs.com/training,C,Не начато,Source watch — auto review,2026-08-31,,curated,discovery
SRCX-04b40115012d,United States,Tektronix,Tektronix — Agricultural Technology source & credential directory,source-watch,Agricultural Technology,Agricultural Technology,catalog,⚠️ verify current offer,"Monitoring record, not a certificate claim. Verify the current official credential/course and price before calling it free.",Varies,Varies,Provider-dependent,Unknown,Varies,Provider-dependent,Varies,https://www.tek.com/en/learning,C,Не начато,Source watch — auto review,2026-08-31,,curated,discovery
SRCX-054eb6fe057f,United States,Analog Devices,Analog Devices — Antennas source & credential directory,source-watch,Antennas,Antennas,catalog,⚠️ verify current offer,"Monitoring record, not a certificate claim. Verify the current official credential/course and price before calling it free.",Varies,Varies,Provider-dependent,Unknown,Varies,Provider-dependent,Varies,https://www.analog.com/en/education.html,C,Не начато,Source watch — auto review,2026-08-31,,curated,discovery
SRCX-13d774c2dfc1,Global,Apache Kafka,Apache Kafka — Antennas source & credential directory,source-watch,Antennas,Antennas,catalog,⚠️ verify current offer,"Monitoring record, not a certificate claim. Verify the current official credential/course and price before calling it free.",Varies,Varies,Provider-dependent,Unknown,Varies,Provider-dependent,Varies,https://kafka.apache.org/,C,Не начато,Source watch — auto review,2026-08-31,,curated,discovery
SRCX-0ce1f75b5e89,United States/France,Hugging Face,Hugging Face — Antennas source & credential directory,source-watch,Antennas,Antennas,catalog,⚠️ verify current offer,"Monitoring record, not a certificate claim. Verify the current official credential/course and price before calling it free.",Varies,Varies,Provider-dependent,Unknown,Varies,Provider-dependent,Varies,https://huggingface.co/learn,C,Не начато,Source watch — auto review,2026-08-31,,curated,discovery
SRCX-040385f1eaed,United States,JFrog,JFrog — Antennas source & credential directory,source-watch,Antennas,Antennas,catalog,⚠️ verify current offer,"Monitoring record, not a certificate claim. Verify the current official credential/course and price before calling it free.",Varies,Varies,Provider-dependent,Unknown,Varies,Provider-dependent,Varies,https://academy.jfrog.com/,C,Не начато,Source watch — auto review,2026-08-31,,curated,discovery
SRCX-056ada952b46,United States,Netlify,Netlify — Antennas source & credential directory,source-watch,Antennas,Antennas,catalog,⚠️ verify current offer,"Monitoring record, not a certificate claim. Verify the current official credential/course and price before calling it free.",Varies,Varies,Provider-dependent,Unknown,Varies,Provider-dependent,Varies,https://www.netlify.com/learn/,C,Не начато,Source watch — auto review,2026-08-31,,curated,discovery
SRCX-0d6f60193fee,United States,NI,NI — Antennas source & credential directory,source-watch,Antennas,Antennas,catalog,⚠️ verify current offer,"Monitoring record, not a certificate claim. Verify the current official credential/course and price before calling it free.",Varies,Varies,Provider-dependent,Unknown,Varies,Provider-dependent,Varies,https://www.ni.com/training/,C,Не начато,Source watch — auto review,2026-08-31,,curated,discovery
SRCX-0e4d7285cb56,Norway,Nordic Semiconductor,Nordic Semiconductor — Antennas source & credential directory,source-watch,Antennas,Antennas,catalog,⚠️ verify current offer,"Monitoring record, not a certificate claim. Verify the current official credential/course and price before calling it free.",Varies,Varies,Provider-dependent,Unknown,Varies,Provider-dependent,Varies,https://www.nordicsemi.com/Products/Development-tools/nRF-Connect-SDK,C,Не начато,Source watch — auto review,2026-08-31,,curated,discovery
SRCX-154c5696c5db,United States,Oracle,Oracle — Antennas source & credential directory,source-watch,Antennas,Antennas,catalog,⚠️ verify current offer,"Monitoring record, not a certificate claim. Verify the current official credential/course and price before calling it free.",Varies,Varies,Provider-dependent,Unknown,Varies,Provider-dependent,Varies,https://www.oracle.com/education/certification/,C,Не начато,Source watch — auto review,2026-08-31,,curated,discovery
SRCX-0dd8759d11eb,United Kingdom,PortSwigger,PortSwigger — Antennas source & credential directory,source-watch,Antennas,Antennas,catalog,⚠️ verify current offer,"Monitoring record, not a certificate claim. Verify the current official credential/course and price before calling it free.",Varies,Varies,Provider-dependent,Unknown,Varies,Provider-dependent,Varies,https://portswigger.net/web-security,C,Не начато,Source watch — auto review,2026-08-31,,curated,discovery
SRCX-15c139252aad,Russia,Группа Астра,Группа Астра — Antennas source & credential directory,source-watch,Antennas,Antennas,catalog,⚠️ verify current offer,"Monitoring record, not a certificate claim. Verify the current official credential/course and price before calling it free.",Varies,Varies,Provider-dependent,Unknown,Varies,Provider-dependent,Varies,https://astra.ru/training/,C,Не начато,Source watch — auto review,2026-08-31,,curated,discovery
SRCX-0f2ff9fdec1f,Global,3GPP,3GPP — Application Security source & credential directory,source-watch,Application Security,Application Security,catalog,⚠️ verify current offer,"Monitoring record, not a certificate claim. Verify the current official credential/course and price before calling it free.",Varies,Varies,Provider-dependent,Unknown,Varies,Provider-dependent,Varies,https://www.3gpp.org/,C,Не начато,Source watch — auto review,2026-08-31,,curated,discovery
SRCX-15d020a40f43,Switzerland,ABB,ABB — Application Security source & credential directory,source-watch,Application Security,Application Security,catalog,⚠️ verify current offer,"Monitoring record, not a certificate claim. Verify the current official credential/course and price before calling it free.",Varies,Varies,Provider-dependent,Unknown,Varies,Provider-dependent,Varies,https://new.abb.com/service/training,C,Не начато,Source watch — auto review,2026-08-31,,curated,discovery
SRCX-13da344168dc,United States,Databricks,Databricks — Application Security source & credential directory,source-watch,Application Security,Application Security,catalog,⚠️ verify current offer,"Monitoring record, not a certificate claim. Verify the current official credential/course and price before calling it free.",Varies,Varies,Provider-dependent,Unknown,Varies,Provider-dependent,Varies,https://www.databricks.com/learn,C,Не начато,Source watch — auto review,2026-08-31,,curated,discovery
SRCX-07fdd000e7fe,China,Espressif,Espressif — Application Security source & credential directory,source-watch,Application Security,Application Security,catalog,⚠️ verify current offer,"Monitoring record, not a certificate claim. Verify the current official credential/course and price before calling it free.",Varies,Varies,Provider-dependent,Unknown,Varies,Provider-dependent,Varies,https://www.espressif.com/en/training,C,Не начато,Source watch — auto review,2026-08-31,,curated,discovery
SRCX-0881e25baee5,United Kingdom,FutureLearn,FutureLearn — Application Security source & credential directory,source-watch,Application Security,Application Security,catalog,⚠️ verify current offer,"Monitoring record, not a certificate claim. Verify the current official credential/course and price before calling it free.",Varies,Varies,Provider-dependent,Unknown,Varies,Provider-dependent,Varies,https://www.futurelearn.com/,C,Не начато,Source watch — auto review,2026-08-31,,curated,discovery
SRCX-0d7a3b911625,United States,GitHub Skills,GitHub Skills — Application Security source & credential directory,source-watch,Application Security,Application Security,catalog,⚠️ verify current offer,"Monitoring record, not a certificate claim. Verify the current official credential/course and price before calling it free.",Varies,Varies,Provider-dependent,Unknown,Varies,Provider-dependent,Varies,https://skills.github.com/,C,Не начато,Source watch — auto review,2026-08-31,,curated,discovery
SRCX-09c1897620c2,United States,GitLab Learn,GitLab Learn — Application Security source & credential directory,source-watch,Application Security,Application Security,catalog,⚠️ verify current offer,"Monitoring record, not a certificate claim. Verify the current official credential/course and price before calling it free.",Varies,Varies,Provider-dependent,Unknown,Varies,Provider-dependent,Varies,https://about.gitlab.com/learn/,C,Не начато,Source watch — auto review,2026-08-31,,curated,discovery
SRCX-12a633d7a8f7,Global,IETF,IETF — Application Security source & credential directory,source-watch,Application Security,Application Security,catalog,⚠️ verify current offer,"Monitoring record, not a certificate claim. Verify the current official credential/course and price before calling it free.",Varies,Varies,Provider-dependent,Unknown,Varies,Provider-dependent,Varies,https://www.ietf.org/education/,C,Не начато,Source watch — auto review,2026-08-31,,curated,discovery
SRCX-12a61c9c4c2d,Global,Kubernetes,Kubernetes — Application Security source & credential directory,source-watch,Application Security,Application Security,catalog,⚠️ verify current offer,"Monitoring record, not a certificate claim. Verify the current official credential/course and price before calling it free.",Varies,Varies,Provider-dependent,Unknown,Varies,Provider-dependent,Varies,https://kubernetes.io/training/,C,Не начато,Source watch — auto review,2026-08-31,,curated,discovery
SRCX-07a1ebb16518,United States,NOAA,NOAA — Application Security source & credential directory,source-watch,Application Security,Application Security,catalog,⚠️ verify current offer,"Monitoring record, not a certificate claim. Verify the current official credential/course and price before calling it free.",Varies,Varies,Provider-dependent,Unknown,Varies,Provider-dependent,Varies,https://www.noaa.gov/education,C,Не начато,Source watch — auto review,2026-08-31,,curated,discovery
SRCX-0518002a9c2b,Global,OpenWHO,OpenWHO — Application Security source & credential directory,source-watch,Application Security,Application Security,catalog,⚠️ verify current offer,"Monitoring record, not a certificate claim. Verify the current official credential/course and price before calling it free.",Varies,Varies,Provider-dependent,Unknown,Varies,Provider-dependent,Varies,https://openwho.org/,C,Не начато,Source watch — auto review,2026-08-31,,curated,discovery
SRCX-0e370b4152d4,United States,Rockwell Automation,Rockwell Automation — Application Security source & credential directory,source-watch,Application Security,Application Security,catalog,⚠️ verify current offer,"Monitoring record, not a certificate claim. Verify the current official credential/course and price before calling it free.",Varies,Varies,Provider-dependent,Unknown,Varies,Provider-dependent,Varies,https://www.rockwellautomation.com/en-us/services/training.html,C,Не начато,Source watch — auto review,2026-08-31,,curated,discovery
SRCX-0ab4d21a9d17,Germany,Rohde & Schwarz,Rohde & Schwarz — Application Security source & credential directory,source-watch,Application Security,Application Security,catalog,⚠️ verify current offer,"Monitoring record, not a certificate claim. Verify the current official credential/course and price before calling it free.",Varies,Varies,Provider-dependent,Unknown,Varies,Provider-dependent,Varies,https://www.rohde-schwarz.com/,C,Не начато,Source watch — auto review,2026-08-31,,curated,discovery
SRCX-0965989ac16f,Germany,SAP,SAP — Application Security source & credential directory,source-watch,Application Security,Application Security,catalog,⚠️ verify current offer,"Monitoring record, not a certificate claim. Verify the current official credential/course and price before calling it free.",Varies,Varies,Provider-dependent,Unknown,Varies,Provider-dependent,Varies,https://learning.sap.com/,C,Не начато,Source watch — auto review,2026-08-31,,curated,discovery
SRCX-09799cefe014,United States,Sentry,Sentry — Application Security source & credential directory,source-watch,Application Security,Application Security,catalog,⚠️ verify current offer,"Monitoring record, not a certificate claim. Verify the current official credential/course and price before calling it free.",Varies,Varies,Provider-dependent,Unknown,Varies,Provider-dependent,Varies,https://sentry.io/resources/,C,Не начато,Source watch — auto review,2026-08-31,,curated,discovery
SRCX-09a52bd8a8c7,Russia,1C,1C — Automotive source & credential directory,source-watch,Automotive,Automotive,catalog,⚠️ verify current offer,"Monitoring record, not a certificate claim. Verify the current official credential/course and price before calling it free.",Varies,Varies,Provider-dependent,Unknown,Varies,Provider-dependent,Varies,https://1c.ru/,C,Не начато,Source watch — auto review,2026-08-31,,curated,discovery
SRCX-002703cf91fd,United States,Ansible,Ansible — Automotive source & credential directory,source-watch,Automotive,Automotive,catalog,⚠️ verify current offer,"Monitoring record, not a certificate claim. Verify the current official credential/course and price before calling it free.",Varies,Varies,Provider-dependent,Unknown,Varies,Provider-dependent,Varies,https://www.ansible.com/,C,Не начато,Source watch — auto review,2026-08-31,,curated,discovery
SRCX-04902808e542,Global,Cloud Native Computing Foundation,Cloud Native Computing Foundation — Automotive source & credential directory,source-watch,Automotive,Automotive,catalog,⚠️ verify current offer,"Monitoring record, not a certificate claim. Verify the current official credential/course and price before calling it free.",Varies,Varies,Provider-dependent,Unknown,Varies,Provider-dependent,Varies,https://www.cncf.io/training/,C,Не начато,Source watch — auto review,2026-08-31,,curated,discovery
SRCX-006d1c18c2e9,United States,Datadog,Datadog — Automotive source & credential directory,source-watch,Automotive,Automotive,catalog,⚠️ verify current offer,"Monitoring record, not a certificate claim. Verify the current official credential/course and price before calling it free.",Varies,Varies,Provider-dependent,Unknown,Varies,Provider-dependent,Varies,https://learn.datadoghq.com/,C,Не начато,Source watch — auto review,2026-08-31,,curated,discovery
SRCX-068f055da00d,United States,Docker,Docker — Automotive source & credential directory,source-watch,Automotive,Automotive,catalog,⚠️ verify current offer,"Monitoring record, not a certificate claim. Verify the current official credential/course and price before calling it free.",Varies,Varies,Provider-dependent,Unknown,Varies,Provider-dependent,Varies,https://www.docker.com/education/,C,Не начато,Source watch — auto review,2026-08-31,,curated,discovery
SRCX-070ef856e52d,Malta,Hack The Box,Hack The Box — Automotive source & credential directory,source-watch,Automotive,Automotive,catalog,⚠️ verify current offer,"Monitoring record, not a certificate claim. Verify the current official credential/course and price before calling it free.",Varies,Varies,Provider-dependent,Unknown,Varies,Provider-dependent,Varies,https://academy.hackthebox.com/,C,Не начато,Source watch — auto review,2026-08-31,,curated,discovery
SRCX-0bf4e1794ddb,Switzerland,IEC,IEC — Automotive source & credential directory,source-watch,Automotive,Automotive,catalog,⚠️ verify current offer,"Monitoring record, not a certificate claim. Verify the current official credential/course and price before calling it free.",Varies,Varies,Provider-dependent,Unknown,Varies,Provider-dependent,Varies,https://www.iec.ch/,C,Не начато,Source watch — auto review,2026-08-31,,curated,discovery
SRCX-058d77faa38b,United States,Looker / Google,Looker / Google — Automotive source & credential directory,source-watch,Automotive,Automotive,catalog,⚠️ verify current offer,"Monitoring record, not a certificate claim. Verify the current official credential/course and price before calling it free.",Varies,Varies,Provider-dependent,Unknown,Varies,Provider-dependent,Varies,https://cloud.google.com/looker/docs,C,Не начато,Source watch — auto review,2026-08-31,,curated,discovery
SRCX-151b2ee9a167,United States,Neo4j,Neo4j — Automotive source & credential directory,source-watch,Automotive,Automotive,catalog,⚠️ verify current offer,"Monitoring record, not a certificate claim. Verify the current official credential/course and price before calling it free.",Varies,Varies,Provider-dependent,Unknown,Varies,Provider-dependent,Varies,https://graphacademy.neo4j.com/,C,Не начато,Source watch — auto review,2026-08-31,,curated,discovery
SRCX-023472a77a34,United States,NOAA,NOAA — Automotive source & credential directory,source-watch,Automotive,Automotive,catalog,⚠️ verify current offer,"Monitoring record, not a certificate claim. Verify the current official credential/course and price before calling it free.",Varies,Varies,Provider-dependent,Unknown,Varies,Provider-dependent,Varies,https://www.noaa.gov/education,C,Не начато,Source watch — auto review,2026-08-31,,curated,discovery
SRCX-0124a3101a7a,Canada,PECB,PECB — Automotive source & credential directory,source-watch,Automotive,Automotive,catalog,⚠️ verify current offer,"Monitoring record, not a certificate claim. Verify the current official credential/course and price before calling it free.",Varies,Varies,Provider-dependent,Unknown,Varies,Provider-dependent,Varies,https://pecb.com/,C,Не начато,Source watch — auto review,2026-08-31,,curated,discovery
SRCX-0c9f33abe8c3,Global,Prometheus,Prometheus — Automotive source & credential directory,source-watch,Automotive,Automotive,catalog,⚠️ verify current offer,"Monitoring record, not a certificate claim. Verify the current official credential/course and price before calling it free.",Varies,Varies,Provider-dependent,Unknown,Varies,Provider-dependent,Varies,https://prometheus.io/,C,Не начато,Source watch — auto review,2026-08-31,,curated,discovery
SRCX-11df0705f6e3,Poland,Python Institute,Python Institute — Automotive source & credential directory,source-watch,Automotive,Automotive,catalog,⚠️ verify current offer,"Monitoring record, not a certificate claim. Verify the current official credential/course and price before calling it free.",Varies,Varies,Provider-dependent,Unknown,Varies,Provider-dependent,Varies,https://pythoninstitute.org/,C,Не начато,Source watch — auto review,2026-08-31,,curated,discovery
SRCX-03b4b6c1ceab,Russia,Roscosmos Education,Roscosmos Education — Automotive source & credential directory,source-watch,Automotive,Automotive,catalog,⚠️ verify current offer,"Monitoring record, not a certificate claim. Verify the current official credential/course and price before calling it free.",Varies,Varies,Provider-dependent,Unknown,Varies,Provider-dependent,Varies,https://www.roscosmos.ru/,C,Не начато,Source watch — auto review,2026-08-31,,curated,discovery
SRCX-01848f0d8cae,United States,SANS Institute,SANS Institute — Automotive source & credential directory,source-watch,Automotive,Automotive,catalog,⚠️ verify current offer,"Monitoring record, not a certificate claim. Verify the current official credential/course and price before calling it free.",Varies,Varies,Provider-dependent,Unknown,Varies,Provider-dependent,Varies,https://www.sans.org/,C,Не начато,Source watch — auto review,2026-08-31,,curated,discovery
SRCX-0d72424d0c0a,Global,SLSA,SLSA — Automotive source & credential directory,source-watch,Automotive,Automotive,catalog,⚠️ verify current offer,"Monitoring record, not a certificate claim. Verify the current official credential/course and price before calling it free.",Varies,Varies,Provider-dependent,Unknown,Varies,Provider-dependent,Varies,https://slsa.dev/,C,Не начато,Source watch — auto review,2026-08-31,,curated,discovery
SRCX-099895e61b9f,United States,Unity,Unity — Automotive source & credential directory,source-watch,Automotive,Automotive,catalog,⚠️ verify current offer,"Monitoring record, not a certificate claim. Verify the current official credential/course and price before calling it free.",Varies,Varies,Provider-dependent,Unknown,Varies,Provider-dependent,Varies,https://learn.unity.com/,C,Не начато,Source watch — auto review,2026-08-31,,curated,discovery
SRCX-076f61263693,Russia,Т-Банк Education,Т-Банк Education — Automotive source & credential directory,source-watch,Automotive,Automotive,catalog,⚠️ verify current offer,"Monitoring record, not a certificate claim. Verify the current official credential/course and price before calling it free.",Varies,Varies,Provider-dependent,Unknown,Varies,Provider-dependent,Varies,https://education.tbank.ru/,C,Не начато,Source watch — auto review,2026-08-31,,curated,discovery
SRCX-0d5e2b1661b7,United States,Analog Devices,Analog Devices — BIM source & credential directory,source-watch,BIM,BIM,catalog,⚠️ verify current offer,"Monitoring record, not a certificate claim. Verify the current official credential/course and price before calling it free.",Varies,Varies,Provider-dependent,Unknown,Varies,Provider-dependent,Varies,https://www.analog.com/en/education.html,C,Не начато,Source watch — auto review,2026-08-31,,curated,discovery
SRCX-123d7903bcbd,Global,Apache Kafka,Apache Kafka — BIM source & credential directory,source-watch,BIM,BIM,catalog,⚠️ verify current offer,"Monitoring record, not a certificate claim. Verify the current official credential/course and price before calling it free.",Varies,Varies,Provider-dependent,Unknown,Varies,Provider-dependent,Varies,https://kafka.apache.org/,C,Не начато,Source watch — auto review,2026-08-31,,curated,discovery
SRCX-03050cc23f1c,United States,ASQ,ASQ — BIM source & credential directory,source-watch,BIM,BIM,catalog,⚠️ verify current offer,"Monitoring record, not a certificate claim. Verify the current official credential/course and price before calling it free.",Varies,Varies,Provider-dependent,Unknown,Varies,Provider-dependent,Varies,https://asq.org/training,C,Не начато,Source watch — auto review,2026-08-31,,curated,discovery
SRCX-159fe7eff80b,United States,Databricks,Databricks — BIM source & credential directory,source-watch,BIM,BIM,catalog,⚠️ verify current offer,"Monitoring record, not a certificate claim. Verify the current official credential/course and price before calling it free.",Varies,Varies,Provider-dependent,Unknown,Varies,Provider-dependent,Varies,https://www.databricks.com/learn,C,Не начато,Source watch — auto review,2026-08-31,,curated,discovery
SRCX-072f18248117,United States,EC-Council,EC-Council — BIM source & credential directory,source-watch,BIM,BIM,catalog,⚠️ verify current offer,"Monitoring record, not a certificate claim. Verify the current official credential/course and price before calling it free.",Varies,Varies,Provider-dependent,Unknown,Varies,Provider-dependent,Varies,https://www.eccouncil.org/train-certify/,C,Не начато,Source watch — auto review,2026-08-31,,curated,discovery
SRCX-0b897cb9a127,Global,Eclipse Foundation,Eclipse Foundation — BIM source & credential directory,source-watch,BIM,BIM,catalog,⚠️ verify current offer,"Monitoring record, not a certificate claim. Verify the current official credential/course and price before calling it free.",Varies,Varies,Provider-dependent,Unknown,Varies,Provider-dependent,Varies,https://www.eclipse.org/org/workinggroups/,C,Не начато,Source watch — auto review,2026-08-31,,curated,discovery
SRCX-10b79aecfbbe,European Union,EIT Manufacturing,EIT Manufacturing — BIM source & credential directory,source-watch,BIM,BIM,catalog,⚠️ verify current offer,"Monitoring record, not a certificate claim. Verify the current official credential/course and price before calling it free.",Varies,Varies,Provider-dependent,Unknown,Varies,Provider-dependent,Varies,https://www.eitmanufacturing.eu/,C,Не начато,Source watch — auto review,2026-08-31,,curated,discovery
SRCX-0f60627e3979,Global,FAO eLearning Academy,FAO eLearning Academy — BIM source & credential directory,source-watch,BIM,BIM,catalog,⚠️ verify current offer,"Monitoring record, not a certificate claim. Verify the current official credential/course and price before calling it free.",Varies,Varies,Provider-dependent,Unknown,Varies,Provider-dependent,Varies,https://elearning.fao.org/,C,Не начато,Source watch — auto review,2026-08-31,,curated,discovery
SRCX-12ff153703e8,Global,ISC2 Learning,ISC2 Learning — BIM source & credential directory,source-watch,BIM,BIM,catalog,⚠️ verify current offer,"Monitoring record, not a certificate claim. Verify the current official credential/course and price before calling it free.",Varies,Varies,Provider-dependent,Unknown,Varies,Provider-dependent,Varies,https://www.isc2.org/training,C,Не начато,Source watch — auto review,2026-08-31,,curated,discovery
SRCX-12b3644e7697,Czech Republic,JetBrains Academy,JetBrains Academy — BIM source & credential directory,source-watch,BIM,BIM,catalog,⚠️ verify current offer,"Monitoring record, not a certificate claim. Verify the current official credential/course and price before calling it free.",Varies,Varies,Provider-dependent,Unknown,Varies,Provider-dependent,Varies,https://www.jetbrains.com/academy/,C,Не начато,Source watch — auto review,2026-08-31,,curated,discovery
SRCX-0392b4285a65,Australia,Jira Service Management,Jira Service Management — BIM source & credential directory,source-watch,BIM,BIM,catalog,⚠️ verify current offer,"Monitoring record, not a certificate claim. Verify the current official credential/course and price before calling it free.",Varies,Varies,Provider-dependent,Unknown,Varies,Provider-dependent,Varies,https://university.atlassian.com/,C,Не начато,Source watch — auto review,2026-08-31,,curated,discovery
SRCX-122f31327bbc,Canada,Linux Professional Institute,Linux Professional Institute — BIM source & credential directory,source-watch,BIM,BIM,catalog,⚠️ verify current offer,"Monitoring record, not a certificate claim. Verify the current official credential/course and price before calling it free.",Varies,Varies,Provider-dependent,Unknown,Varies,Provider-dependent,Varies,https://www.lpi.org/,C,Не начато,Source watch — auto review,2026-08-31,,curated,discovery
SRCX-0483d9265f54,United States,MIT OpenCourseWare,MIT OpenCourseWare — BIM source & credential directory,source-watch,BIM,BIM,catalog,⚠️ verify current offer,"Monitoring record, not a certificate claim. Verify the current official credential/course and price before calling it free.",Varies,Varies,Provider-dependent,Unknown,Varies,Provider-dependent,Varies,https://ocw.mit.edu/,C,Не начато,Source watch — auto review,2026-08-31,,curated,discovery
SRCX-078360e72f71,United States,NVIDIA,NVIDIA — BIM source & credential directory,source-watch,BIM,BIM,catalog,⚠️ verify current offer,"Monitoring record, not a certificate claim. Verify the current official credential/course and price before calling it free.",Varies,Varies,Provider-dependent,Unknown,Varies,Provider-dependent,Varies,https://www.nvidia.com/training/,C,Не начато,Source watch — auto review,2026-08-31,,curated,discovery
SRCX-15e71b854f98,Netherlands,NXP Semiconductors,NXP Semiconductors — BIM source & credential directory,source-watch,BIM,BIM,catalog,⚠️ verify current offer,"Monitoring record, not a certificate claim. Verify the current official credential/course and price before calling it free.",Varies,Varies,Provider-dependent,Unknown,Varies,Provider-dependent,Varies,https://www.nxp.com/design/training:TRAINING,C,Не начато,Source watch — auto review,2026-08-31,,curated,discovery
SRCX-00b01fdd432c,Global,OpenEDX,OpenEDX — BIM source & credential directory,source-watch,BIM,BIM,catalog,⚠️ verify current offer,"Monitoring record, not a certificate claim. Verify the current official credential/course and price before calling it free.",Varies,Varies,Provider-dependent,Unknown,Varies,Provider-dependent,Varies,https://openedx.org/,C,Не начато,Source watch — auto review,2026-08-31,,curated,discovery
SRCX-0fb393bd225a,Global,OpenWHO,OpenWHO — BIM source & credential directory,source-watch,BIM,BIM,catalog,⚠️ verify current offer,"Monitoring record, not a certificate claim. Verify the current official credential/course and price before calling it free.",Varies,Varies,Provider-dependent,Unknown,Varies,Provider-dependent,Varies,https://openwho.org/,C,Не начато,Source watch — auto review,2026-08-31,,curated,discovery
SRCX-0ebb8ca3d1c2,Russia,Positive Technologies,Positive Technologies — BIM source & credential directory,source-watch,BIM,BIM,catalog,⚠️ verify current offer,"Monitoring record, not a certificate claim. Verify the current official credential/course and price before calling it free.",Varies,Varies,Provider-dependent,Unknown,Varies,Provider-dependent,Varies,https://edu.ptsecurity.com/,C,Не начато,Source watch — auto review,2026-08-31,,curated,discovery
SRCX-01d0adc441a9,United States,Postman,Postman — BIM source & credential directory,source-watch,BIM,BIM,catalog,⚠️ verify current offer,"Monitoring record, not a certificate claim. Verify the current official credential/course and price before calling it free.",Varies,Varies,Provider-dependent,Unknown,Varies,Provider-dependent,Varies,https://academy.postman.com/,C,Не начато,Source watch — auto review,2026-08-31,,curated,discovery
SRCX-146619d42044,United States,Qualcomm,Qualcomm — BIM source & credential directory,source-watch,BIM,BIM,catalog,⚠️ verify current offer,"Monitoring record, not a certificate claim. Verify the current official credential/course and price before calling it free.",Varies,Varies,Provider-dependent,Unknown,Varies,Provider-dependent,Varies,https://www.qualcomm.com/developer,C,Не начато,Source watch — auto review,2026-08-31,,curated,discovery
SRCX-0a5955ed665a,United States,Rockwell Automation,Rockwell Automation — BIM source & credential directory,source-watch,BIM,BIM,catalog,⚠️ verify current offer,"Monitoring record, not a certificate claim. Verify the current official credential/course and price before calling it free.",Varies,Varies,Provider-dependent,Unknown,Varies,Provider-dependent,Varies,https://www.rockwellautomation.com/en-us/services/training.html,C,Не начато,Source watch — auto review,2026-08-31,,curated,discovery
SRCX-062b4abaa5c6,Russia,Roscosmos Education,Roscosmos Education — BIM source & credential directory,source-watch,BIM,BIM,catalog,⚠️ verify current offer,"Monitoring record, not a certificate claim. Verify the current official credential/course and price before calling it free.",Varies,Varies,Provider-dependent,Unknown,Varies,Provider-dependent,Varies,https://www.roscosmos.ru/,C,Не начато,Source watch — auto review,2026-08-31,,curated,discovery
SRCX-05bfdb185d17,United States,SAE International,SAE International — BIM source & credential directory,source-watch,BIM,BIM,catalog,⚠️ verify current offer,"Monitoring record, not a certificate claim. Verify the current official credential/course and price before calling it free.",Varies,Varies,Provider-dependent,Unknown,Varies,Provider-dependent,Varies,https://www.sae.org/learn,C,Не начато,Source watch — auto review,2026-08-31,,curated,discovery
SRCX-149a50ff7926,Germany,Siemens Digital Industries Software,Siemens Digital Industries Software — BIM source & credential directory,source-watch,BIM,BIM,catalog,⚠️ verify current offer,"Monitoring record, not a certificate claim. Verify the current official credential/course and price before calling it free.",Varies,Varies,Provider-dependent,Unknown,Varies,Provider-dependent,Varies,https://training.plm.automation.siemens.com/,C,Не начато,Source watch — auto review,2026-08-31,,curated,discovery
SRCX-10b6f029f762,United States,Texas Instruments,Texas Instruments — BIM source & credential directory,source-watch,BIM,BIM,catalog,⚠️ verify current offer,"Monitoring record, not a certificate claim. Verify the current official credential/course and price before calling it free.",Varies,Varies,Provider-dependent,Unknown,Varies,Provider-dependent,Varies,https://training.ti.com/,C,Не начато,Source watch — auto review,2026-08-31,,curated,discovery
SRCX-07c10e753724,Russia,Открытое образование,Открытое образование — BIM source & credential directory,source-watch,BIM,BIM,catalog,⚠️ verify current offer,"Monitoring record, not a certificate claim. Verify the current official credential/course and price before calling it free.",Varies,Varies,Provider-dependent,Unknown,Varies,Provider-dependent,Varies,https://openedu.ru/,C,Не начато,Source watch — auto review,2026-08-31,,curated,discovery
SRCX-037925237ea3,Global,3GPP,3GPP — Biotechnology source & credential directory,source-watch,Biotechnology,Biotechnology,catalog,⚠️ verify current offer,"Monitoring record, not a certificate claim. Verify the current official credential/course and price before calling it free.",Varies,Varies,Provider-dependent,Unknown,Varies,Provider-dependent,Varies,https://www.3gpp.org/,C,Не начато,Source watch — auto review,2026-08-31,,curated,discovery
SRCX-0d9c2d304a87,United States,Alteryx,Alteryx — Biotechnology source & credential directory,source-watch,Biotechnology,Biotechnology,catalog,⚠️ verify current offer,"Monitoring record, not a certificate claim. Verify the current official credential/course and price before calling it free.",Varies,Varies,Provider-dependent,Unknown,Varies,Provider-dependent,Varies,https://community.alteryx.com/,C,Не начато,Source watch — auto review,2026-08-31,,curated,discovery
SRCX-03570190c9ad,Italy,Arduino,Arduino — Biotechnology source & credential directory,source-watch,Biotechnology,Biotechnology,catalog,⚠️ verify current offer,"Monitoring record, not a certificate claim. Verify the current official credential/course and price before calling it free.",Varies,Varies,Provider-dependent,Unknown,Varies,Provider-dependent,Varies,https://docs.arduino.cc/,C,Не начато,Source watch — auto review,2026-08-31,,curated,discovery
SRCX-01efc53d9782,United States,Cadence,Cadence — Biotechnology source & credential directory,source-watch,Biotechnology,Biotechnology,catalog,⚠️ verify current offer,"Monitoring record, not a certificate claim. Verify the current official credential/course and price before calling it free.",Varies,Varies,Provider-dependent,Unknown,Varies,Provider-dependent,Varies,https://www.cadence.com/,C,Не начато,Source watch — auto review,2026-08-31,,curated,discovery
SRCX-06a8df6d2c07,United States,EC-Council,EC-Council — Biotechnology source & credential directory,source-watch,Biotechnology,Biotechnology,catalog,⚠️ verify current offer,"Monitoring record, not a certificate claim. Verify the current official credential/course and price before calling it free.",Varies,Varies,Provider-dependent,Unknown,Varies,Provider-dependent,Varies,https://www.eccouncil.org/train-certify/,C,Не начато,Source watch — auto review,2026-08-31,,curated,discovery
SRCX-02f846578352,Global,edX,edX — Biotechnology source & credential directory,source-watch,Biotechnology,Biotechnology,catalog,⚠️ verify current offer,"Monitoring record, not a certificate claim. Verify the current official credential/course and price before calling it free.",Varies,Varies,Provider-dependent,Unknown,Varies,Provider-dependent,Varies,https://www.edx.org/,C,Не начато,Source watch — auto review,2026-08-31,,curated,discovery
SRCX-05915d0d2fdf,European Union,EIT Digital,EIT Digital — Biotechnology source & credential directory,source-watch,Biotechnology,Biotechnology,catalog,⚠️ verify current offer,"Monitoring record, not a certificate claim. Verify the current official credential/course and price before calling it free.",Varies,Varies,Provider-dependent,Unknown,Varies,Provider-dependent,Varies,https://www.eitdigital.eu/,C,Не начато,Source watch — auto review,2026-08-31,,curated,discovery
SRCX-0e3b7c4837c0,United States,GitLab,GitLab — Biotechnology source & credential directory,source-watch,Biotechnology,Biotechnology,catalog,⚠️ verify current offer,"Monitoring record, not a certificate claim. Verify the current official credential/course and price before calling it free.",Varies,Varies,Provider-dependent,Unknown,Varies,Provider-dependent,Varies,https://about.gitlab.com/learn/,C,Не начато,Source watch — auto review,2026-08-31,,curated,discovery
SRCX-134693606648,Switzerland,IEC,IEC — Biotechnology source & credential directory,source-watch,Biotechnology,Biotechnology,catalog,⚠️ verify current offer,"Monitoring record, not a certificate claim. Verify the current official credential/course and price before calling it free.",Varies,Varies,Provider-dependent,Unknown,Varies,Provider-dependent,Varies,https://www.iec.ch/,C,Не начато,Source watch — auto review,2026-08-31,,curated,discovery
SRCX-0a2d3715703b,Russia,Kaspersky,Kaspersky — Biotechnology source & credential directory,source-watch,Biotechnology,Biotechnology,catalog,⚠️ verify current offer,"Monitoring record, not a certificate claim. Verify the current official credential/course and price before calling it free.",Varies,Varies,Provider-dependent,Unknown,Varies,Provider-dependent,Varies,https://certification.kaspersky.com/,C,Не начато,Source watch — auto review,2026-08-31,,curated,discovery
SRCX-073859bd0e24,Japan,Mitsubishi Electric,Mitsubishi Electric — Biotechnology source & credential directory,source-watch,Biotechnology,Biotechnology,catalog,⚠️ verify current offer,"Monitoring record, not a certificate claim. Verify the current official credential/course and price before calling it free.",Varies,Varies,Provider-dependent,Unknown,Varies,Provider-dependent,Varies,https://us.mitsubishielectric.com/fa/en/learn/,C,Не начато,Source watch — auto review,2026-08-31,,curated,discovery
SRCX-0f6224172cb7,United States,Qualcomm,Qualcomm — Biotechnology source & credential directory,source-watch,Biotechnology,Biotechnology,catalog,⚠️ verify current offer,"Monitoring record, not a certificate claim. Verify the current official credential/course and price before calling it free.",Varies,Varies,Provider-dependent,Unknown,Varies,Provider-dependent,Varies,https://www.qualcomm.com/developer,C,Не начато,Source watch — auto review,2026-08-31,,curated,discovery
SRCX-07a28ce69e9e,United States,Rockwell Automation,Rockwell Automation — Biotechnology source & credential directory,source-watch,Biotechnology,Biotechnology,catalog,⚠️ verify current offer,"Monitoring record, not a certificate claim. Verify the current official credential/course and price before calling it free.",Varies,Varies,Provider-dependent,Unknown,Varies,Provider-dependent,Varies,https://www.rockwellautomation.com/en-us/services/training.html,C,Не начато,Source watch — auto review,2026-08-31,,curated,discovery
SRCX-147554d5a098,Russia,RЭД СОФТ,RЭД СОФТ — Biotechnology source & credential directory,source-watch,Biotechnology,Biotechnology,catalog,⚠️ verify current offer,"Monitoring record, not a certificate claim. Verify the current official credential/course and price before calling it free.",Varies,Varies,Provider-dependent,Unknown,Varies,Provider-dependent,Varies,https://education.red-soft.ru/,C,Не начато,Source watch — auto review,2026-08-31,,curated,discovery
SRCX-0b037a3058ef,United States,Synopsys,Synopsys — Biotechnology source & credential directory,source-watch,Biotechnology,Biotechnology,catalog,⚠️ verify current offer,"Monitoring record, not a certificate claim. Verify the current official credential/course and price before calling it free.",Varies,Varies,Provider-dependent,Unknown,Varies,Provider-dependent,Varies,https://www.synopsys.com/,C,Не начато,Source watch — auto review,2026-08-31,,curated,discovery
SRCX-0730883ecb7a,United States,USGS,USGS — Biotechnology source & credential directory,source-watch,Biotechnology,Biotechnology,catalog,⚠️ verify current offer,"Monitoring record, not a certificate claim. Verify the current official credential/course and price before calling it free.",Varies,Varies,Provider-dependent,Unknown,Varies,Provider-dependent,Varies,https://www.usgs.gov/educational-resources,C,Не начато,Source watch — auto review,2026-08-31,,curated,discovery
SRCX-0382db55c202,Russia,Открытое образование,Открытое образование — Biotechnology source & credential directory,source-watch,Biotechnology,Biotechnology,catalog,⚠️ verify current offer,"Monitoring record, not a certificate claim. Verify the current official credential/course and price before calling it free.",Varies,Varies,Provider-dependent,Unknown,Varies,Provider-dependent,Varies,https://openedu.ru/,C,Не начато,Source watch — auto review,2026-08-31,,curated,discovery
SRCX-011a77a4643e,Switzerland,ABB,ABB — Blockchain source & credential directory,source-watch,Blockchain,Blockchain,catalog,⚠️ verify current offer,"Monitoring record, not a certificate claim. Verify the current official credential/course and price before calling it free.",Varies,Varies,Provider-dependent,Unknown,Varies,Provider-dependent,Varies,https://new.abb.com/service/training,C,Не начато,Source watch — auto review,2026-08-31,,curated,discovery
SRCX-03681ff2bb79,United States,Cadence,Cadence — Blockchain source & credential directory,source-watch,Blockchain,Blockchain,catalog,⚠️ verify current offer,"Monitoring record, not a certificate claim. Verify the current official credential/course and price before calling it free.",Varies,Varies,Provider-dependent,Unknown,Varies,Provider-dependent,Varies,https://www.cadence.com/,C,Не начато,Source watch — auto review,2026-08-31,,curated,discovery
SRCX-02b85c9a5af7,United States,Cloudflare,Cloudflare — Blockchain source & credential directory,source-watch,Blockchain,Blockchain,catalog,⚠️ verify current offer,"Monitoring record, not a certificate claim. Verify the current official credential/course and price before calling it free.",Varies,Varies,Provider-dependent,Unknown,Varies,Provider-dependent,Varies,https://www.cloudflare.com/learning/,C,Не начато,Source watch — auto review,2026-08-31,,curated,discovery
SRCX-02a725ad73d7,Global,CNCF,CNCF — Blockchain source & credential directory,source-watch,Blockchain,Blockchain,catalog,⚠️ verify current offer,"Monitoring record, not a certificate claim. Verify the current official credential/course and price before calling it free.",Varies,Varies,Provider-dependent,Unknown,Varies,Provider-dependent,Varies,https://www.cncf.io/training/,C,Не начато,Source watch — auto review,2026-08-31,,curated,discovery
SRCX-08bfce05765b,France,Dassault Systèmes,Dassault Systèmes — Blockchain source & credential directory,source-watch,Blockchain,Blockchain,catalog,⚠️ verify current offer,"Monitoring record, not a certificate claim. Verify the current official credential/course and price before calling it free.",Varies,Varies,Provider-dependent,Unknown,Varies,Provider-dependent,Varies,https://www.3ds.com/education/,C,Не начато,Source watch — auto review,2026-08-31,,curated,discovery
SRCX-0e5a862c9954,United States,Databricks,Databricks — Blockchain source & credential directory,source-watch,Blockchain,Blockchain,catalog,⚠️ verify current offer,"Monitoring record, not a certificate claim. Verify the current official credential/course and price before calling it free.",Varies,Varies,Provider-dependent,Unknown,Varies,Provider-dependent,Varies,https://www.databricks.com/learn,C,Не начато,Source watch — auto review,2026-08-31,,curated,discovery
SRCX-003368666476,United States,DeepLearning.AI,DeepLearning.AI — Blockchain source & credential directory,source-watch,Blockchain,Blockchain,catalog,⚠️ verify current offer,"Monitoring record, not a certificate claim. Verify the current official credential/course and price before calling it free.",Varies,Varies,Provider-dependent,Unknown,Varies,Provider-dependent,Varies,https://www.deeplearning.ai/,C,Не начато,Source watch — auto review,2026-08-31,,curated,discovery
SRCX-021ddf401824,China,Espressif,Espressif — Blockchain source & credential directory,source-watch,Blockchain,Blockchain,catalog,⚠️ verify current offer,"Monitoring record, not a certificate claim. Verify the current official credential/course and price before calling it free.",Varies,Varies,Provider-dependent,Unknown,Varies,Provider-dependent,Varies,https://www.espressif.com/en/training,C,Не начато,Source watch — auto review,2026-08-31,,curated,discovery
SRCX-091a9e912043,United States,Google for Developers,Google for Developers — Blockchain source & credential directory,source-watch,Blockchain,Blockchain,catalog,⚠️ verify current offer,"Monitoring record, not a certificate claim. Verify the current official credential/course and price before calling it free.",Varies,Varies,Provider-dependent,Unknown,Varies,Provider-dependent,Varies,https://developers.google.com/profile/badges,C,Не начато,Source watch — auto review,2026-08-31,,curated,discovery
SRCX-0cf78864222d,Sweden,Grafana Labs,Grafana Labs — Blockchain source & credential directory,source-watch,Blockchain,Blockchain,catalog,⚠️ verify current offer,"Monitoring record, not a certificate claim. Verify the current official credential/course and price before calling it free.",Varies,Varies,Provider-dependent,Unknown,Varies,Provider-dependent,Varies,https://grafana.com/training/,C,Не начато,Source watch — auto review,2026-08-31,,curated,discovery
SRCX-091294d91785,United States,IPC,IPC — Blockchain source & credential directory,source-watch,Blockchain,Blockchain,catalog,⚠️ verify current offer,"Monitoring record, not a certificate claim. Verify the current official credential/course and price before calling it free.",Varies,Varies,Provider-dependent,Unknown,Varies,Provider-dependent,Varies,https://www.ipc.org/training,C,Не начато,Source watch — auto review,2026-08-31,,curated,discovery
SRCX-12ea8d60c0ee,Switzerland,ISO,ISO — Blockchain source & credential directory,source-watch,Blockchain,Blockchain,catalog,⚠️ verify current offer,"Monitoring record, not a certificate claim. Verify the current official credential/course and price before calling it free.",Varies,Varies,Provider-dependent,Unknown,Varies,Provider-dependent,Varies,https://www.iso.org/training.html,C,Не начато,Source watch — auto review,2026-08-31,,curated,discovery
SRCX-1130ee48cf7b,United States,Juniper Networks,Juniper Networks — Blockchain source & credential directory,source-watch,Blockchain,Blockchain,catalog,⚠️ verify current offer,"Monitoring record, not a certificate claim. Verify the current official credential/course and price before calling it free.",Varies,Varies,Provider-dependent,Unknown,Varies,Provider-dependent,Varies,https://www.juniper.net/us/en/training/certification.html,C,Не начато,Source watch — auto review,2026-08-31,,curated,discovery
SRCX-102df810e4eb,United States,NI,NI — Blockchain source & credential directory,source-watch,Blockchain,Blockchain,catalog,⚠️ verify current offer,"Monitoring record, not a certificate claim. Verify the current official credential/course and price before calling it free.",Varies,Varies,Provider-dependent,Unknown,Varies,Provider-dependent,Varies,https://www.ni.com/training/,C,Не начато,Source watch — auto review,2026-08-31,,curated,discovery
SRCX-0dff2a2ffb68,United States,PyTorch,PyTorch — Blockchain source & credential directory,source-watch,Blockchain,Blockchain,catalog,⚠️ verify current offer,"Monitoring record, not a certificate claim. Verify the current official credential/course and price before calling it free.",Varies,Varies,Provider-dependent,Unknown,Varies,Provider-dependent,Varies,https://pytorch.org/,C,Не начато,Source watch — auto review,2026-08-31,,curated,discovery
SRCX-0eac5f5929a3,Global,QGIS,QGIS — Blockchain source & credential directory,source-watch,Blockchain,Blockchain,catalog,⚠️ verify current offer,"Monitoring record, not a certificate claim. Verify the current official credential/course and price before calling it free.",Varies,Varies,Provider-dependent,Unknown,Varies,Provider-dependent,Varies,https://www.qgis.org/en/site/forusers/trainingmaterial/,C,Не начато,Source watch — auto review,2026-08-31,,curated,discovery
SRCX-049b97a1223d,United States,Qlik,Qlik — Blockchain source & credential directory,source-watch,Blockchain,Blockchain,catalog,⚠️ verify current offer,"Monitoring record, not a certificate claim. Verify the current official credential/course and price before calling it free.",Varies,Varies,Provider-dependent,Unknown,Varies,Provider-dependent,Varies,https://learning.qlik.com/,C,Не начато,Source watch — auto review,2026-08-31,,curated,discovery
SRCX-025d92899fce,United States,RStudio / Posit,RStudio / Posit — Blockchain source & credential directory,source-watch,Blockchain,Blockchain,catalog,⚠️ verify current offer,"Monitoring record, not a certificate claim. Verify the current official credential/course and price before calling it free.",Varies,Varies,Provider-dependent,Unknown,Varies,Provider-dependent,Varies,https://posit.co/learn/,C,Не начато,Source watch — auto review,2026-08-31,,curated,discovery
SRCX-076dd648618b,Global,Scikit-learn,Scikit-learn — Blockchain source & credential directory,source-watch,Blockchain,Blockchain,catalog,⚠️ verify current offer,"Monitoring record, not a certificate claim. Verify the current official credential/course and price before calling it free.",Varies,Varies,Provider-dependent,Unknown,Varies,Provider-dependent,Varies,https://scikit-learn.org/,C,Не начато,Source watch — auto review,2026-08-31,,curated,discovery
SRCX-14ebdab9eee2,United States,SiFive,SiFive — Blockchain source & credential directory,source-watch,Blockchain,Blockchain,catalog,⚠️ verify current offer,"Monitoring record, not a certificate claim. Verify the current official credential/course and price before calling it free.",Varies,Varies,Provider-dependent,Unknown,Varies,Provider-dependent,Varies,https://www.sifive.com/,C,Не начато,Source watch — auto review,2026-08-31,,curated,discovery
SRCX-0da47185b02f,United States,Silicon Labs,Silicon Labs — Blockchain source & credential directory,source-watch,Blockchain,Blockchain,catalog,⚠️ verify current offer,"Monitoring record, not a certificate claim. Verify the current official credential/course and price before calling it free.",Varies,Varies,Provider-dependent,Unknown,Varies,Provider-dependent,Varies,https://www.silabs.com/training,C,Не начато,Source watch — auto review,2026-08-31,,curated,discovery
SRCX-1081d3746c75,United States,Tektronix,Tektronix — Blockchain source & credential directory,source-watch,Blockchain,Blockchain,catalog,⚠️ verify current offer,"Monitoring record, not a certificate claim. Verify the current official credential/course and price before calling it free.",Varies,Varies,Provider-dependent,Unknown,Varies,Provider-dependent,Varies,https://www.tek.com/en/learning,C,Не начато,Source watch — auto review,2026-08-31,,curated,discovery
SRCX-040feca0411e,United Kingdom,TryHackMe,TryHackMe — Blockchain source & credential directory,source-watch,Blockchain,Blockchain,catalog,⚠️ verify current offer,"Monitoring record, not a certificate claim. Verify the current official credential/course and price before calling it free.",Varies,Varies,Provider-dependent,Unknown,Varies,Provider-dependent,Varies,https://tryhackme.com/,C,Не начато,Source watch — auto review,2026-08-31,,curated,discovery
SRCX-136d18261048,Global,UNEP InforMEA,UNEP InforMEA — Blockchain source & credential directory,source-watch,Blockchain,Blockchain,catalog,⚠️ verify current offer,"Monitoring record, not a certificate claim. Verify the current official credential/course and price before calling it free.",Varies,Varies,Provider-dependent,Unknown,Varies,Provider-dependent,Varies,https://www.informea.org/,C,Не начато,Source watch — auto review,2026-08-31,,curated,discovery
SRCX-0f4970caf93e,Switzerland,Web3 Foundation,Web3 Foundation — Blockchain source & credential directory,source-watch,Blockchain,Blockchain,catalog,⚠️ verify current offer,"Monitoring record, not a certificate claim. Verify the current official credential/course and price before calling it free.",Varies,Varies,Provider-dependent,Unknown,Varies,Provider-dependent,Varies,https://web3.foundation/,C,Не начато,Source watch — auto review,2026-08-31,,curated,discovery
SRCX-0359ebb823a4,United States,Xilinx / AMD Adaptive Computing,Xilinx / AMD Adaptive Computing — Blockchain source & credential directory,source-watch,Blockchain,Blockchain,catalog,⚠️ verify current offer,"Monitoring record, not a certificate claim. Verify the current official credential/course and price before calling it free.",Varies,Varies,Provider-dependent,Unknown,Varies,Provider-dependent,Varies,https://www.amd.com/en/corporate/university-programs.html,C,Не начато,Source watch — auto review,2026-08-31,,curated,discovery
SRCX-1435fe2faf8c,Russia,Группа Астра,Группа Астра — Blockchain source & credential directory,source-watch,Blockchain,Blockchain,catalog,⚠️ verify current offer,"Monitoring record, not a certificate claim. Verify the current official credential/course and price before calling it free.",Varies,Varies,Provider-dependent,Unknown,Varies,Provider-dependent,Varies,https://astra.ru/training/,C,Не начато,Source watch — auto review,2026-08-31,,curated,discovery
SRCX-140e9b5f72af,Italy,Arduino,Arduino — C# source & credential directory,source-watch,C#,C#,catalog,⚠️ verify current offer,"Monitoring record, not a certificate claim. Verify the current official credential/course and price before calling it free.",Varies,Varies,Provider-dependent,Unknown,Varies,Provider-dependent,Varies,https://docs.arduino.cc/,C,Не начато,Source watch — auto review,2026-08-31,,curated,discovery
SRCX-15e5794de3e4,United States,Broadcom VMware,Broadcom VMware — C# source & credential directory,source-watch,C#,C#,catalog,⚠️ verify current offer,"Monitoring record, not a certificate claim. Verify the current official credential/course and price before calling it free.",Varies,Varies,Provider-dependent,Unknown,Varies,Provider-dependent,Varies,https://www.vmware.com/learning.html,C,Не начато,Source watch — auto review,2026-08-31,,curated,discovery
SRCX-154463786ba5,United States,CrowdStrike,CrowdStrike — C# source & credential directory,source-watch,C#,C#,catalog,⚠️ verify current offer,"Monitoring record, not a certificate claim. Verify the current official credential/course and price before calling it free.",Varies,Varies,Provider-dependent,Unknown,Varies,Provider-dependent,Varies,https://www.crowdstrike.com/services/education/,C,Не начато,Source watch — auto review,2026-08-31,,curated,discovery
SRCX-0e4af778d3c0,European Union,EIT Climate-KIC,EIT Climate-KIC — C# source & credential directory,source-watch,C#,C#,catalog,⚠️ verify current offer,"Monitoring record, not a certificate claim. Verify the current official credential/course and price before calling it free.",Varies,Varies,Provider-dependent,Unknown,Varies,Provider-dependent,Varies,https://www.climate-kic.org/,C,Не начато,Source watch — auto review,2026-08-31,,curated,discovery
SRCX-05086dbf130a,Europe,ESA,ESA — C# source & credential directory,source-watch,C#,C#,catalog,⚠️ verify current offer,"Monitoring record, not a certificate claim. Verify the current official credential/course and price before calling it free.",Varies,Varies,Provider-dependent,Unknown,Varies,Provider-dependent,Varies,https://learningzone.esa.int/,C,Не начато,Source watch — auto review,2026-08-31,,curated,discovery
SRCX-05c89c782a47,Global,Hyperledger,Hyperledger — C# source & credential directory,source-watch,C#,C#,catalog,⚠️ verify current offer,"Monitoring record, not a certificate claim. Verify the current official credential/course and price before calling it free.",Varies,Varies,Provider-dependent,Unknown,Varies,Provider-dependent,Varies,https://www.hyperledger.org/learn,C,Не начато,Source watch — auto review,2026-08-31,,curated,discovery
SRCX-0ce3c25e2ecd,Global,IEEE,IEEE — C# source & credential directory,source-watch,C#,C#,catalog,⚠️ verify current offer,"Monitoring record, not a certificate claim. Verify the current official credential/course and price before calling it free.",Varies,Varies,Provider-dependent,Unknown,Varies,Provider-dependent,Varies,https://www.ieee.org/education/,C,Не начато,Source watch — auto review,2026-08-31,,curated,discovery
SRCX-0d12836f892c,Global,IETF,IETF — C# source & credential directory,source-watch,C#,C#,catalog,⚠️ verify current offer,"Monitoring record, not a certificate claim. Verify the current official credential/course and price before calling it free.",Varies,Varies,Provider-dependent,Unknown,Varies,Provider-dependent,Varies,https://www.ietf.org/education/,C,Не начато,Source watch — auto review,2026-08-31,,curated,discovery
SRCX-13dce38e939a,United States,IPC,IPC — C# source & credential directory,source-watch,C#,C#,catalog,⚠️ verify current offer,"Monitoring record, not a certificate claim. Verify the current official credential/course and price before calling it free.",Varies,Varies,Provider-dependent,Unknown,Varies,Provider-dependent,Varies,https://www.ipc.org/training,C,Не начато,Source watch — auto review,2026-08-31,,curated,discovery
SRCX-0e7178a01ba4,United States,JFrog Academy,JFrog Academy — C# source & credential directory,source-watch,C#,C#,catalog,⚠️ verify current offer,"Monitoring record, not a certificate claim. Verify the current official credential/course and price before calling it free.",Varies,Varies,Provider-dependent,Unknown,Varies,Provider-dependent,Varies,https://academy.jfrog.com/,C,Не начато,Source watch — auto review,2026-08-31,,curated,discovery
SRCX-10843a643b1e,Canada,Linux Professional Institute,Linux Professional Institute — C# source & credential directory,source-watch,C#,C#,catalog,⚠️ verify current offer,"Monitoring record, not a certificate claim. Verify the current official credential/course and price before calling it free.",Varies,Varies,Provider-dependent,Unknown,Varies,Provider-dependent,Varies,https://www.lpi.org/,C,Не начато,Source watch — auto review,2026-08-31,,curated,discovery
SRCX-1519312a04d9,United States,Looker / Google,Looker / Google — C# source & credential directory,source-watch,C#,C#,catalog,⚠️ verify current offer,"Monitoring record, not a certificate claim. Verify the current official credential/course and price before calling it free.",Varies,Varies,Provider-dependent,Unknown,Varies,Provider-dependent,Varies,https://cloud.google.com/looker/docs,C,Не начато,Source watch — auto review,2026-08-31,,curated,discovery
SRCX-083765a1d47d,Taiwan,MediaTek,MediaTek — C# source & credential directory,source-watch,C#,C#,catalog,⚠️ verify current offer,"Monitoring record, not a certificate claim. Verify the current official credential/course and price before calling it free.",Varies,Varies,Provider-dependent,Unknown,Varies,Provider-dependent,Varies,https://corp.mediatek.com/,C,Не начато,Source watch — auto review,2026-08-31,,curated,discovery
SRCX-13151d9e91bd,United States,Netlify,Netlify — C# source & credential directory,source-watch,C#,C#,catalog,⚠️ verify current offer,"Monitoring record, not a certificate claim. Verify the current official credential/course and price before calling it free.",Varies,Varies,Provider-dependent,Unknown,Varies,Provider-dependent,Varies,https://www.netlify.com/learn/,C,Не начато,Source watch — auto review,2026-08-31,,curated,discovery
SRCX-00ccfb145606,Global,pandas,pandas — C# source & credential directory,source-watch,C#,C#,catalog,⚠️ verify current offer,"Monitoring record, not a certificate claim. Verify the current official credential/course and price before calling it free.",Varies,Varies,Provider-dependent,Unknown,Varies,Provider-dependent,Varies,https://pandas.pydata.org/,C,Не начато,Source watch — auto review,2026-08-31,,curated,discovery
SRCX-0f51e5c99667,United States,Redis,Redis — C# source & credential directory,source-watch,C#,C#,catalog,⚠️ verify current offer,"Monitoring record, not a certificate claim. Verify the current official credential/course and price before calling it free.",Varies,Varies,Provider-dependent,Unknown,Varies,Provider-dependent,Varies,https://university.redis.com/,C,Не начато,Source watch — auto review,2026-08-31,,curated,discovery
SRCX-0498de9d2f71,United States,SANS Institute,SANS Institute — C# source & credential directory,source-watch,C#,C#,catalog,⚠️ verify current offer,"Monitoring record, not a certificate claim. Verify the current official credential/course and price before calling it free.",Varies,Varies,Provider-dependent,Unknown,Varies,Provider-dependent,Varies,https://www.sans.org/,C,Не начато,Source watch — auto review,2026-08-31,,curated,discovery
SRCX-00de18d09be2,United States,Silicon Labs,Silicon Labs — C# source & credential directory,source-watch,C#,C#,catalog,⚠️ verify current offer,"Monitoring record, not a certificate claim. Verify the current official credential/course and price before calling it free.",Varies,Varies,Provider-dependent,Unknown,Varies,Provider-dependent,Varies,https://www.silabs.com/training,C,Не начато,Source watch — auto review,2026-08-31,,curated,discovery
SRCX-0b7c61e43dc6,Global,The Carpentries,The Carpentries — C# source & credential directory,source-watch,C#,C#,catalog,⚠️ verify current offer,"Monitoring record, not a certificate claim. Verify the current official credential/course and price before calling it free.",Varies,Varies,Provider-dependent,Unknown,Varies,Provider-dependent,Varies,https://carpentries.org/workshops/,C,Не начато,Source watch — auto review,2026-08-31,,curated,discovery
SRCX-1489c6d0db1a,United Kingdom,TryHackMe,TryHackMe — C# source & credential directory,source-watch,C#,C#,catalog,⚠️ verify current offer,"Monitoring record, not a certificate claim. Verify the current official credential/course and price before calling it free.",Varies,Varies,Provider-dependent,Unknown,Varies,Provider-dependent,Varies,https://tryhackme.com/,C,Не начато,Source watch — auto review,2026-08-31,,curated,discovery
SRCX-0014cf1b0acd,Global,UNEP InforMEA,UNEP InforMEA — C# source & credential directory,source-watch,C#,C#,catalog,⚠️ verify current offer,"Monitoring record, not a certificate claim. Verify the current official credential/course and price before calling it free.",Varies,Varies,Provider-dependent,Unknown,Varies,Provider-dependent,Varies,https://www.informea.org/,C,Не начато,Source watch — auto review,2026-08-31,,curated,discovery
SRCX-008e1ad2f66f,Switzerland,ABB,ABB — C++ source & credential directory,source-watch,C++,C++,catalog,⚠️ verify current offer,"Monitoring record, not a certificate claim. Verify the current official credential/course and price before calling it free.",Varies,Varies,Provider-dependent,Unknown,Varies,Provider-dependent,Varies,https://new.abb.com/service/training,C,Не начато,Source watch — auto review,2026-08-31,,curated,discovery
SRCX-0f798e14dbae,United States,Ansys,Ansys — C++ source & credential directory,source-watch,C++,C++,catalog,⚠️ verify current offer,"Monitoring record, not a certificate claim. Verify the current official credential/course and price before calling it free.",Varies,Varies,Provider-dependent,Unknown,Varies,Provider-dependent,Varies,https://www.ansys.com/academic/educator-resources,C,Не начато,Source watch — auto review,2026-08-31,,curated,discovery
SRCX-06dda6503a12,Global,Apache Software Foundation — Subprojects,Apache Software Foundation — Subprojects — C++ source & credential directory,source-watch,C++,C++,catalog,⚠️ verify current offer,"Monitoring record, not a certificate claim. Verify the current official credential/course and price before calling it free.",Varies,Varies,Provider-dependent,Unknown,Varies,Provider-dependent,Varies,https://www.apache.org/,C,Не начато,Source watch — auto review,2026-08-31,,curated,discovery
SRCX-1559aa2f2666,United Kingdom,BSI,BSI — C++ source & credential directory,source-watch,C++,C++,catalog,⚠️ verify current offer,"Monitoring record, not a certificate claim. Verify the current official credential/course and price before calling it free.",Varies,Varies,Provider-dependent,Unknown,Varies,Provider-dependent,Varies,https://www.bsigroup.com/,C,Не начато,Source watch — auto review,2026-08-31,,curated,discovery
SRCX-08e44cef919b,United States,Datadog,Datadog — C++ source & credential directory,source-watch,C++,C++,catalog,⚠️ verify current offer,"Monitoring record, not a certificate claim. Verify the current official credential/course and price before calling it free.",Varies,Varies,Provider-dependent,Unknown,Varies,Provider-dependent,Varies,https://learn.datadoghq.com/,C,Не начато,Source watch — auto review,2026-08-31,,curated,discovery
SRCX-0468cb6c7077,United States,DeepLearning.AI,DeepLearning.AI — C++ source & credential directory,source-watch,C++,C++,catalog,⚠️ verify current offer,"Monitoring record, not a certificate claim. Verify the current official credential/course and price before calling it free.",Varies,Varies,Provider-dependent,Unknown,Varies,Provider-dependent,Varies,https://www.deeplearning.ai/,C,Не начато,Source watch — auto review,2026-08-31,,curated,discovery
SRCX-04b199736c14,Global,Eclipse Foundation,Eclipse Foundation — C++ source & credential directory,source-watch,C++,C++,catalog,⚠️ verify current offer,"Monitoring record, not a certificate claim. Verify the current official credential/course and price before calling it free.",Varies,Varies,Provider-dependent,Unknown,Varies,Provider-dependent,Varies,https://www.eclipse.org/org/workinggroups/,C,Не начато,Source watch — auto review,2026-08-31,,curated,discovery
SRCX-1240637ab2a2,United States,Fortinet,Fortinet — C++ source & credential directory,source-watch,C++,C++,catalog,⚠️ verify current offer,"Monitoring record, not a certificate claim. Verify the current official credential/course and price before calling it free.",Varies,Varies,Provider-dependent,Unknown,Varies,Provider-dependent,Varies,https://www.fortinet.com/training-certification,C,Не начато,Source watch — auto review,2026-08-31,,curated,discovery
SRCX-047002c2f071,United Kingdom,FutureLearn,FutureLearn — C++ source & credential directory,source-watch,C++,C++,catalog,⚠️ verify current offer,"Monitoring record, not a certificate claim. Verify the current official credential/course and price before calling it free.",Varies,Varies,Provider-dependent,Unknown,Varies,Provider-dependent,Varies,https://www.futurelearn.com/,C,Не начато,Source watch — auto review,2026-08-31,,curated,discovery
SRCX-12205cbec8c4,United States,Heroku,Heroku — C++ source & credential directory,source-watch,C++,C++,catalog,⚠️ verify current offer,"Monitoring record, not a certificate claim. Verify the current official credential/course and price before calling it free.",Varies,Varies,Provider-dependent,Unknown,Varies,Provider-dependent,Varies,https://devcenter.heroku.com/,C,Не начато,Source watch — auto review,2026-08-31,,curated,discovery
SRCX-010607facccb,Czech Republic,JetBrains Academy,JetBrains Academy — C++ source & credential directory,source-watch,C++,C++,catalog,⚠️ verify current offer,"Monitoring record, not a certificate claim. Verify the current official credential/course and price before calling it free.",Varies,Varies,Provider-dependent,Unknown,Varies,Provider-dependent,Varies,https://www.jetbrains.com/academy/,C,Не начато,Source watch — auto review,2026-08-31,,curated,discovery
SRCX-0394366385e3,United States,Keysight Technologies,Keysight Technologies — C++ source & credential directory,source-watch,C++,C++,catalog,⚠️ verify current offer,"Monitoring record, not a certificate claim. Verify the current official credential/course and price before calling it free.",Varies,Varies,Provider-dependent,Unknown,Varies,Provider-dependent,Varies,https://www.keysight.com/us/en/learn.html,C,Не начато,Source watch — auto review,2026-08-31,,curated,discovery
SRCX-0ef81c9fda29,United States,MongoDB,MongoDB — C++ source & credential directory,source-watch,C++,C++,catalog,⚠️ verify current offer,"Monitoring record, not a certificate claim. Verify the current official credential/course and price before calling it free.",Varies,Varies,Provider-dependent,Unknown,Varies,Provider-dependent,Varies,https://learn.mongodb.com/,C,Не начато,Source watch — auto review,2026-08-31,,curated,discovery
SRCX-07f9c0cff203,Norway,Nordic Semiconductor,Nordic Semiconductor — C++ source & credential directory,source-watch,C++,C++,catalog,⚠️ verify current offer,"Monitoring record, not a certificate claim. Verify the current official credential/course and price before calling it free.",Varies,Varies,Provider-dependent,Unknown,Varies,Provider-dependent,Varies,https://www.nordicsemi.com/Products/Development-tools/nRF-Connect-SDK,C,Не начато,Source watch — auto review,2026-08-31,,curated,discovery
SRCX-03d3b4edfe96,United States,NVIDIA,NVIDIA — C++ source & credential directory,source-watch,C++,C++,catalog,⚠️ verify current offer,"Monitoring record, not a certificate claim. Verify the current official credential/course and price before calling it free.",Varies,Varies,Provider-dependent,Unknown,Varies,Provider-dependent,Varies,https://www.nvidia.com/training/,C,Не начато,Source watch — auto review,2026-08-31,,curated,discovery
SRCX-0d9d3e4f7d68,Global,OWASP Foundation,OWASP Foundation — C++ source & credential directory,source-watch,C++,C++,catalog,⚠️ verify current offer,"Monitoring record, not a certificate claim. Verify the current official credential/course and price before calling it free.",Varies,Varies,Provider-dependent,Unknown,Varies,Provider-dependent,Varies,https://owasp.org/,C,Не начато,Source watch — auto review,2026-08-31,,curated,discovery
SRCX-090e5f9059ea,United States,Palo Alto Networks,Palo Alto Networks — C++ source & credential directory,source-watch,C++,C++,catalog,⚠️ verify current offer,"Monitoring record, not a certificate claim. Verify the current official credential/course and price before calling it free.",Varies,Varies,Provider-dependent,Unknown,Varies,Provider-dependent,Varies,https://www.paloaltonetworks.com/services/education,C,Не начато,Source watch — auto review,2026-08-31,,curated,discovery
SRCX-042ea0689697,United Kingdom,PortSwigger,PortSwigger — C++ source & credential directory,source-watch,C++,C++,catalog,⚠️ verify current offer,"Monitoring record, not a certificate claim. Verify the current official credential/course and price before calling it free.",Varies,Varies,Provider-dependent,Unknown,Varies,Provider-dependent,Varies,https://portswigger.net/web-security,C,Не начато,Source watch — auto review,2026-08-31,,curated,discovery
SRCX-11c9f2baec8d,United States,Power BI / Microsoft,Power BI / Microsoft — C++ source & credential directory,source-watch,C++,C++,catalog,⚠️ verify current offer,"Monitoring record, not a certificate claim. Verify the current official credential/course and price before calling it free.",Varies,Varies,Provider-dependent,Unknown,Varies,Provider-dependent,Varies,https://learn.microsoft.com/training/powerplatform/power-bi/,C,Не начато,Source watch — auto review,2026-08-31,,curated,discovery
SRCX-14fe45db67ee,United States,PTC,PTC — C++ source & credential directory,source-watch,C++,C++,catalog,⚠️ verify current offer,"Monitoring record, not a certificate claim. Verify the current official credential/course and price before calling it free.",Varies,Varies,Provider-dependent,Unknown,Varies,Provider-dependent,Varies,https://www.ptc.com/en/academic-program,C,Не начато,Source watch — auto review,2026-08-31,,curated,discovery
SRCX-056d24c0ea46,United States,Qualcomm,Qualcomm — C++ source & credential directory,source-watch,C++,C++,catalog,⚠️ verify current offer,"Monitoring record, not a certificate claim. Verify the current official credential/course and price before calling it free.",Varies,Varies,Provider-dependent,Unknown,Varies,Provider-dependent,Varies,https://www.qualcomm.com/developer,C,Не начато,Source watch — auto review,2026-08-31,,curated,discovery
SRCX-102156dd7b9d,United States,Texas Instruments,Texas Instruments — C++ source & credential directory,source-watch,C++,C++,catalog,⚠️ verify current offer,"Monitoring record, not a certificate claim. Verify the current official credential/course and price before calling it free.",Varies,Varies,Provider-dependent,Unknown,Varies,Provider-dependent,Varies,https://training.ti.com/,C,Не начато,Source watch — auto review,2026-08-31,,curated,discovery
SRCX-0c44388ac719,Switzerland,ABB,ABB — CAD source & credential directory,source-watch,CAD,CAD,catalog,⚠️ verify current offer,"Monitoring record, not a certificate claim. Verify the current official credential/course and price before calling it free.",Varies,Varies,Provider-dependent,Unknown,Varies,Provider-dependent,Varies,https://new.abb.com/service/training,C,Не начато,Source watch — auto review,2026-08-31,,curated,discovery
SRCX-08ddf8eca18c,United States,Anthropic,Anthropic — CAD source & credential directory,source-watch,CAD,CAD,catalog,⚠️ verify current offer,"Monitoring record, not a certificate claim. Verify the current official credential/course and price before calling it free.",Varies,Varies,Provider-dependent,Unknown,Varies,Provider-dependent,Varies,https://www.anthropic.com/,C,Не начато,Source watch — auto review,2026-08-31,,curated,discovery
SRCX-097df2d8e109,United Kingdom,Arm,Arm — CAD source & credential directory,source-watch,CAD,CAD,catalog,⚠️ verify current offer,"Monitoring record, not a certificate claim. Verify the current official credential/course and price before calling it free.",Varies,Varies,Provider-dependent,Unknown,Varies,Provider-dependent,Varies,https://learn.arm.com/,C,Не начато,Source watch — auto review,2026-08-31,,curated,discovery
SRCX-0c477c8d23a0,Global,Autoware Foundation,Autoware Foundation — CAD source & credential directory,source-watch,CAD,CAD,catalog,⚠️ verify current offer,"Monitoring record, not a certificate claim. Verify the current official credential/course and price before calling it free.",Varies,Varies,Provider-dependent,Unknown,Varies,Provider-dependent,Varies,https://www.autoware.org/,C,Не начато,Source watch — auto review,2026-08-31,,curated,discovery
SRCX-037eec3bc1ec,United States,Cadence,Cadence — CAD source & credential directory,source-watch,CAD,CAD,catalog,⚠️ verify current offer,"Monitoring record, not a certificate claim. Verify the current official credential/course and price before calling it free.",Varies,Varies,Provider-dependent,Unknown,Varies,Provider-dependent,Varies,https://www.cadence.com/,C,Не начато,Source watch — auto review,2026-08-31,,curated,discovery
SRCX-145dcdae1463,Global,CNCF,CNCF — CAD source & credential directory,source-watch,CAD,CAD,catalog,⚠️ verify current offer,"Monitoring record, not a certificate claim. Verify the current official credential/course and price before calling it free.",Varies,Varies,Provider-dependent,Unknown,Varies,Provider-dependent,Varies,https://www.cncf.io/training/,C,Не начато,Source watch — auto review,2026-08-31,,curated,discovery
SRCX-050ff37f120b,Global,Hyperledger,Hyperledger — CAD source & credential directory,source-watch,CAD,CAD,catalog,⚠️ verify current offer,"Monitoring record, not a certificate claim. Verify the current official credential/course and price before calling it free.",Varies,Varies,Provider-dependent,Unknown,Varies,Provider-dependent,Varies,https://www.hyperledger.org/learn,C,Не начато,Source watch — auto review,2026-08-31,,curated,discovery
SRCX-1304d3d1d1ed,Germany,Infineon,Infineon — CAD source & credential directory,source-watch,CAD,CAD,catalog,⚠️ verify current offer,"Monitoring record, not a certificate claim. Verify the current official credential/course and price before calling it free.",Varies,Varies,Provider-dependent,Unknown,Varies,Provider-dependent,Varies,https://www.infineon.com/cms/en/training/,C,Не начато,Source watch — auto review,2026-08-31,,curated,discovery
SRCX-03006d4ab104,United States,JFrog,JFrog — CAD source & credential directory,source-watch,CAD,CAD,catalog,⚠️ verify current offer,"Monitoring record, not a certificate claim. Verify the current official credential/course and price before calling it free.",Varies,Varies,Provider-dependent,Unknown,Varies,Provider-dependent,Varies,https://academy.jfrog.com/,C,Не начато,Source watch — auto review,2026-08-31,,curated,discovery
SRCX-003ff6bd8f6e,Taiwan,MediaTek,MediaTek — CAD source & credential directory,source-watch,CAD,CAD,catalog,⚠️ verify current offer,"Monitoring record, not a certificate claim. Verify the current official credential/course and price before calling it free.",Varies,Varies,Provider-dependent,Unknown,Varies,Provider-dependent,Varies,https://corp.mediatek.com/,C,Не начато,Source watch — auto review,2026-08-31,,curated,discovery
SRCX-078ac85781c5,Japan,Mitsubishi Electric,Mitsubishi Electric — CAD source & credential directory,source-watch,CAD,CAD,catalog,⚠️ verify current offer,"Monitoring record, not a certificate claim. Verify the current official credential/course and price before calling it free.",Varies,Varies,Provider-dependent,Unknown,Varies,Provider-dependent,Varies,https://us.mitsubishielectric.com/fa/en/learn/,C,Не начато,Source watch — auto review,2026-08-31,,curated,discovery
SRCX-03988a924d90,United Kingdom,PortSwigger,PortSwigger — CAD source & credential directory,source-watch,CAD,CAD,catalog,⚠️ verify current offer,"Monitoring record, not a certificate claim. Verify the current official credential/course and price before calling it free.",Varies,Varies,Provider-dependent,Unknown,Varies,Provider-dependent,Varies,https://portswigger.net/web-security,C,Не начато,Source watch — auto review,2026-08-31,,curated,discovery
SRCX-0131a89e0649,Russia,RЭД СОФТ,RЭД СОФТ — CAD source & credential directory,source-watch,CAD,CAD,catalog,⚠️ verify current offer,"Monitoring record, not a certificate claim. Verify the current official credential/course and price before calling it free.",Varies,Varies,Provider-dependent,Unknown,Varies,Provider-dependent,Varies,https://education.red-soft.ru/,C,Не начато,Source watch — auto review,2026-08-31,,curated,discovery
SRCX-1054747ad908,Germany,SAP,SAP — CAD source & credential directory,source-watch,CAD,CAD,catalog,⚠️ verify current offer,"Monitoring record, not a certificate claim. Verify the current official credential/course and price before calling it free.",Varies,Varies,Provider-dependent,Unknown,Varies,Provider-dependent,Varies,https://learning.sap.com/,C,Не начато,Source watch — auto review,2026-08-31,,curated,discovery
SRCX-13b453d22133,Germany,Siemens Digital Industries Software,Siemens Digital Industries Software — CAD source & credential directory,source-watch,CAD,CAD,catalog,⚠️ verify current offer,"Monitoring record, not a certificate claim. Verify the current official credential/course and price before calling it free.",Varies,Varies,Provider-dependent,Unknown,Varies,Provider-dependent,Varies,https://training.plm.automation.siemens.com/,C,Не начато,Source watch — auto review,2026-08-31,,curated,discovery
SRCX-12dc6534d01b,Switzerland,Web3 Foundation,Web3 Foundation — CAD source & credential directory,source-watch,CAD,CAD,catalog,⚠️ verify current offer,"Monitoring record, not a certificate claim. Verify the current official credential/course and price before calling it free.",Varies,Varies,Provider-dependent,Unknown,Varies,Provider-dependent,Varies,https://web3.foundation/,C,Не начато,Source watch — auto review,2026-08-31,,curated,discovery
SRCX-01073d8b84ea,Global,Apache Kafka,Apache Kafka — CAE source & credential directory,source-watch,CAE,CAE,catalog,⚠️ verify current offer,"Monitoring record, not a certificate claim. Verify the current official credential/course and price before calling it free.",Varies,Varies,Provider-dependent,Unknown,Varies,Provider-dependent,Varies,https://kafka.apache.org/,C,Не начато,Source watch — auto review,2026-08-31,,curated,discovery
SRCX-03278dd310f8,Global,Autoware Foundation,Autoware Foundation — CAE source & credential directory,source-watch,CAE,CAE,catalog,⚠️ verify current offer,"Monitoring record, not a certificate claim. Verify the current official credential/course and price before calling it free.",Varies,Varies,Provider-dependent,Unknown,Varies,Provider-dependent,Varies,https://www.autoware.org/,C,Не начато,Source watch — auto review,2026-08-31,,curated,discovery
SRCX-04c4a8377f5c,United States,Broadcom VMware,Broadcom VMware — CAE source & credential directory,source-watch,CAE,CAE,catalog,⚠️ verify current offer,"Monitoring record, not a certificate claim. Verify the current official credential/course and price before calling it free.",Varies,Varies,Provider-dependent,Unknown,Varies,Provider-dependent,Varies,https://www.vmware.com/learning.html,C,Не начато,Source watch — auto review,2026-08-31,,curated,discovery
SRCX-05e017e77c34,United States,DigitalOcean,DigitalOcean — CAE source & credential directory,source-watch,CAE,CAE,catalog,⚠️ verify current offer,"Monitoring record, not a certificate claim. Verify the current official credential/course and price before calling it free.",Varies,Varies,Provider-dependent,Unknown,Varies,Provider-dependent,Varies,https://www.digitalocean.com/community,C,Не начато,Source watch — auto review,2026-08-31,,curated,discovery
SRCX-001cc7d69f0d,United States,GitHub Skills,GitHub Skills — CAE source & credential directory,source-watch,CAE,CAE,catalog,⚠️ verify current offer,"Monitoring record, not a certificate claim. Verify the current official credential/course and price before calling it free.",Varies,Varies,Provider-dependent,Unknown,Varies,Provider-dependent,Varies,https://skills.github.com/,C,Не начато,Source watch — auto review,2026-08-31,,curated,discovery
SRCX-0203271220a0,Global,IETF,IETF — CAE source & credential directory,source-watch,CAE,CAE,catalog,⚠️ verify current offer,"Monitoring record, not a certificate claim. Verify the current official credential/course and price before calling it free.",Varies,Varies,Provider-dependent,Unknown,Varies,Provider-dependent,Varies,https://www.ietf.org/education/,C,Не начато,Source watch — auto review,2026-08-31,,curated,discovery
SRCX-0a1d1a610039,Switzerland,KNIME,KNIME — CAE source & credential directory,source-watch,CAE,CAE,catalog,⚠️ verify current offer,"Monitoring record, not a certificate claim. Verify the current official credential/course and price before calling it free.",Varies,Varies,Provider-dependent,Unknown,Varies,Provider-dependent,Varies,https://www.knime.com/learning,C,Не начато,Source watch — auto review,2026-08-31,,curated,discovery
SRCX-02b979c62027,United States,NOAA,NOAA — CAE source & credential directory,source-watch,CAE,CAE,catalog,⚠️ verify current offer,"Monitoring record, not a certificate claim. Verify the current official credential/course and price before calling it free.",Varies,Varies,Provider-dependent,Unknown,Varies,Provider-dependent,Varies,https://www.noaa.gov/education,C,Не начато,Source watch — auto review,2026-08-31,,curated,discovery
SRCX-081010acc09b,United States,Palo Alto Networks,Palo Alto Networks — CAE source & credential directory,source-watch,CAE,CAE,catalog,⚠️ verify current offer,"Monitoring record, not a certificate claim. Verify the current official credential/course and price before calling it free.",Varies,Varies,Provider-dependent,Unknown,Varies,Provider-dependent,Varies,https://www.paloaltonetworks.com/services/education,C,Не начато,Source watch — auto review,2026-08-31,,curated,discovery
SRCX-0828826703eb,Poland,Python Institute,Python Institute — CAE source & credential directory,source-watch,CAE,CAE,catalog,⚠️ verify current offer,"Monitoring record, not a certificate claim. Verify the current official credential/course and price before calling it free.",Varies,Varies,Provider-dependent,Unknown,Varies,Provider-dependent,Varies,https://pythoninstitute.org/,C,Не начато,Source watch — auto review,2026-08-31,,curated,discovery
SRCX-0add48226d2f,Japan,Renesas,Renesas — CAE source & credential directory,source-watch,CAE,CAE,catalog,⚠️ verify current offer,"Monitoring record, not a certificate claim. Verify the current official credential/course and price before calling it free.",Varies,Varies,Provider-dependent,Unknown,Varies,Provider-dependent,Varies,https://www.renesas.com/us/en/design-resources/training,C,Не начато,Source watch — auto review,2026-08-31,,curated,discovery
SRCX-08bb2edfbbb7,United States,Tableau,Tableau — CAE source & credential directory,source-watch,CAE,CAE,catalog,⚠️ verify current offer,"Monitoring record, not a certificate claim. Verify the current official credential/course and price before calling it free.",Varies,Varies,Provider-dependent,Unknown,Varies,Provider-dependent,Varies,https://www.tableau.com/learn,C,Не начато,Source watch — auto review,2026-08-31,,curated,discovery
SRCX-0cab098b8501,Switzerland,Web3 Foundation,Web3 Foundation — CAE source & credential directory,source-watch,CAE,CAE,catalog,⚠️ verify current offer,"Monitoring record, not a certificate claim. Verify the current official credential/course and price before calling it free.",Varies,Varies,Provider-dependent,Unknown,Varies,Provider-dependent,Varies,https://web3.foundation/,C,Не начато,Source watch — auto review,2026-08-31,,curated,discovery
SRCX-0f9b0a404d04,Switzerland,ABB,ABB — CFD source & credential directory,source-watch,CFD,CFD,catalog,⚠️ verify current offer,"Monitoring record, not a certificate claim. Verify the current official credential/course and price before calling it free.",Varies,Varies,Provider-dependent,Unknown,Varies,Provider-dependent,Varies,https://new.abb.com/service/training,C,Не начато,Source watch — auto review,2026-08-31,,curated,discovery
SRCX-00d7006a625f,Global,Apache Spark,Apache Spark — CFD source & credential directory,source-watch,CFD,CFD,catalog,⚠️ verify current offer,"Monitoring record, not a certificate claim. Verify the current official credential/course and price before calling it free.",Varies,Varies,Provider-dependent,Unknown,Varies,Provider-dependent,Varies,https://spark.apache.org/,C,Не начато,Source watch — auto review,2026-08-31,,curated,discovery
SRCX-12fb3f1233e6,Italy,Arduino,Arduino — CFD source & credential directory,source-watch,CFD,CFD,catalog,⚠️ verify current offer,"Monitoring record, not a certificate claim. Verify the current official credential/course and price before calling it free.",Varies,Varies,Provider-dependent,Unknown,Varies,Provider-dependent,Varies,https://docs.arduino.cc/,C,Не начато,Source watch — auto review,2026-08-31,,curated,discovery
SRCX-1378c2cd93f6,Global,Coursera,Coursera — CFD source & credential directory,source-watch,CFD,CFD,catalog,⚠️ verify current offer,"Monitoring record, not a certificate claim. Verify the current official credential/course and price before calling it free.",Varies,Varies,Provider-dependent,Unknown,Varies,Provider-dependent,Varies,https://www.coursera.org/,C,Не начато,Source watch — auto review,2026-08-31,,curated,discovery
SRCX-038aa719cc39,France,Dassault Systèmes,Dassault Systèmes — CFD source & credential directory,source-watch,CFD,CFD,catalog,⚠️ verify current offer,"Monitoring record, not a certificate claim. Verify the current official credential/course and price before calling it free.",Varies,Varies,Provider-dependent,Unknown,Varies,Provider-dependent,Varies,https://www.3ds.com/education/,C,Не начато,Source watch — auto review,2026-08-31,,curated,discovery
SRCX-151248796677,United States,EC-Council,EC-Council — CFD source & credential directory,source-watch,CFD,CFD,catalog,⚠️ verify current offer,"Monitoring record, not a certificate claim. Verify the current official credential/course and price before calling it free.",Varies,Varies,Provider-dependent,Unknown,Varies,Provider-dependent,Varies,https://www.eccouncil.org/train-certify/,C,Не начато,Source watch — auto review,2026-08-31,,curated,discovery
SRCX-114dbfe1c088,Global,Eclipse Foundation,Eclipse Foundation — CFD source & credential directory,source-watch,CFD,CFD,catalog,⚠️ verify current offer,"Monitoring record, not a certificate claim. Verify the current official credential/course and price before calling it free.",Varies,Varies,Provider-dependent,Unknown,Varies,Provider-dependent,Varies,https://www.eclipse.org/org/workinggroups/,C,Не начато,Source watch — auto review,2026-08-31,,curated,discovery
SRCX-0aa2f257f18a,United States,Fortinet,Fortinet — CFD source & credential directory,source-watch,CFD,CFD,catalog,⚠️ verify current offer,"Monitoring record, not a certificate claim. Verify the current official credential/course and price before calling it free.",Varies,Varies,Provider-dependent,Unknown,Varies,Provider-dependent,Varies,https://www.fortinet.com/training-certification,C,Не начато,Source watch — auto review,2026-08-31,,curated,discovery
SRCX-10da0265905a,Global,IEEE,IEEE — CFD source & credential directory,source-watch,CFD,CFD,catalog,⚠️ verify current offer,"Monitoring record, not a certificate claim. Verify the current official credential/course and price before calling it free.",Varies,Varies,Provider-dependent,Unknown,Varies,Provider-dependent,Varies,https://www.ieee.org/education/,C,Не начато,Source watch — auto review,2026-08-31,,curated,discovery
SRCX-12345e29618a,Global,IETF,IETF — CFD source & credential directory,source-watch,CFD,CFD,catalog,⚠️ verify current offer,"Monitoring record, not a certificate claim. Verify the current official credential/course and price before calling it free.",Varies,Varies,Provider-dependent,Unknown,Varies,Provider-dependent,Varies,https://www.ietf.org/education/,C,Не начато,Source watch — auto review,2026-08-31,,curated,discovery
SRCX-081685828477,Global,Jupyter,Jupyter — CFD source & credential directory,source-watch,CFD,CFD,catalog,⚠️ verify current offer,"Monitoring record, not a certificate claim. Verify the current official credential/course and price before calling it free.",Varies,Varies,Provider-dependent,Unknown,Varies,Provider-dependent,Varies,https://jupyter.org/,C,Не начато,Source watch — auto review,2026-08-31,,curated,discovery
SRCX-0182faffac47,United States,Lattice Semiconductor,Lattice Semiconductor — CFD source & credential directory,source-watch,CFD,CFD,catalog,⚠️ verify current offer,"Monitoring record, not a certificate claim. Verify the current official credential/course and price before calling it free.",Varies,Varies,Provider-dependent,Unknown,Varies,Provider-dependent,Varies,https://www.latticesemi.com/Support,C,Не начато,Source watch — auto review,2026-08-31,,curated,discovery
SRCX-0266fe53a8df,United States,Linux Foundation,Linux Foundation — CFD source & credential directory,source-watch,CFD,CFD,catalog,⚠️ verify current offer,"Monitoring record, not a certificate claim. Verify the current official credential/course and price before calling it free.",Varies,Varies,Provider-dependent,Unknown,Varies,Provider-dependent,Varies,https://training.linuxfoundation.org/,C,Не начато,Source watch — auto review,2026-08-31,,curated,discovery
SRCX-06347c085ed3,United States,Microsoft,Microsoft — CFD source & credential directory,source-watch,CFD,CFD,catalog,⚠️ verify current offer,"Monitoring record, not a certificate claim. Verify the current official credential/course and price before calling it free.",Varies,Varies,Provider-dependent,Unknown,Varies,Provider-dependent,Varies,https://learn.microsoft.com/credentials/,C,Не начато,Source watch — auto review,2026-08-31,,curated,discovery
SRCX-0d8412c74010,United States,NI,NI — CFD source & credential directory,source-watch,CFD,CFD,catalog,⚠️ verify current offer,"Monitoring record, not a certificate claim. Verify the current official credential/course and price before calling it free.",Varies,Varies,Provider-dependent,Unknown,Varies,Provider-dependent,Varies,https://www.ni.com/training/,C,Не начато,Source watch — auto review,2026-08-31,,curated,discovery
SRCX-11e04797b120,Global,PostgreSQL,PostgreSQL — CFD source & credential directory,source-watch,CFD,CFD,catalog,⚠️ verify current offer,"Monitoring record, not a certificate claim. Verify the current official credential/course and price before calling it free.",Varies,Varies,Provider-dependent,Unknown,Varies,Provider-dependent,Varies,https://www.postgresql.org/,C,Не начато,Source watch — auto review,2026-08-31,,curated,discovery
SRCX-0dfd5603fd30,United States,Splunk,Splunk — CFD source & credential directory,source-watch,CFD,CFD,catalog,⚠️ verify current offer,"Monitoring record, not a certificate claim. Verify the current official credential/course and price before calling it free.",Varies,Varies,Provider-dependent,Unknown,Varies,Provider-dependent,Varies,https://www.splunk.com/en_us/training.html,C,Не начато,Source watch — auto review,2026-08-31,,curated,discovery
SRCX-02ffb299fca0,Switzerland,STMicroelectronics,STMicroelectronics — CFD source & credential directory,source-watch,CFD,CFD,catalog,⚠️ verify current offer,"Monitoring record, not a certificate claim. Verify the current official credential/course and price before calling it free.",Varies,Varies,Provider-dependent,Unknown,Varies,Provider-dependent,Varies,https://www.st.com/content/st_com/en/about/training.html,C,Не начато,Source watch — auto review,2026-08-31,,curated,discovery
SRCX-06bdea78d2fc,Global,The Carpentries,The Carpentries — CFD source & credential directory,source-watch,CFD,CFD,catalog,⚠️ verify current offer,"Monitoring record, not a certificate claim. Verify the current official credential/course and price before calling it free.",Varies,Varies,Provider-dependent,Unknown,Varies,Provider-dependent,Varies,https://carpentries.org/workshops/,C,Не начато,Source watch — auto review,2026-08-31,,curated,discovery
SRCX-0220b9d92291,Global,UN CC:Learn,UN CC:Learn — CFD source & credential directory,source-watch,CFD,CFD,catalog,⚠️ verify current offer,"Monitoring record, not a certificate claim. Verify the current official credential/course and price before calling it free.",Varies,Varies,Provider-dependent,Unknown,Varies,Provider-dependent,Varies,https://unccelearn.org/,C,Не начато,Source watch — auto review,2026-08-31,,curated,discovery
SRCX-143a707f8ea8,United States,AWS,AWS — CNC source & credential directory,source-watch,CNC,CNC,catalog,⚠️ verify current offer,"Monitoring record, not a certificate claim. Verify the current official credential/course and price before calling it free.",Varies,Varies,Provider-dependent,Unknown,Varies,Provider-dependent,Varies,https://aws.amazon.com/training/,C,Не начато,Source watch — auto review,2026-08-31,,curated,discovery
SRCX-1049a969536c,Global,Data Carpentries,Data Carpentries — CNC source & credential directory,source-watch,CNC,CNC,catalog,⚠️ verify current offer,"Monitoring record, not a certificate claim. Verify the current official credential/course and price before calling it free.",Varies,Varies,Provider-dependent,Unknown,Varies,Provider-dependent,Varies,https://datacarpentries.org/,C,Не начато,Source watch — auto review,2026-08-31,,curated,discovery
SRCX-159284e8db73,United States,Esri,Esri — CNC source & credential directory,source-watch,CNC,CNC,catalog,⚠️ verify current offer,"Monitoring record, not a certificate claim. Verify the current official credential/course and price before calling it free.",Varies,Varies,Provider-dependent,Unknown,Varies,Provider-dependent,Varies,https://www.esri.com/training/,C,Не начато,Source watch — auto review,2026-08-31,,curated,discovery
SRCX-1222c8e88999,Malta,Hack The Box,Hack The Box — CNC source & credential directory,source-watch,CNC,CNC,catalog,⚠️ verify current offer,"Monitoring record, not a certificate claim. Verify the current official credential/course and price before calling it free.",Varies,Varies,Provider-dependent,Unknown,Varies,Provider-dependent,Varies,https://academy.hackthebox.com/,C,Не начато,Source watch — auto review,2026-08-31,,curated,discovery
SRCX-0a1618676b55,Global,ISC2 Learning,ISC2 Learning — CNC source & credential directory,source-watch,CNC,CNC,catalog,⚠️ verify current offer,"Monitoring record, not a certificate claim. Verify the current official credential/course and price before calling it free.",Varies,Varies,Provider-dependent,Unknown,Varies,Provider-dependent,Varies,https://www.isc2.org/training,C,Не начато,Source watch — auto review,2026-08-31,,curated,discovery
SRCX-093cf948fe32,Czech Republic,JetBrains Academy,JetBrains Academy — CNC source & credential directory,source-watch,CNC,CNC,catalog,⚠️ verify current offer,"Monitoring record, not a certificate claim. Verify the current official credential/course and price before calling it free.",Varies,Varies,Provider-dependent,Unknown,Varies,Provider-dependent,Varies,https://www.jetbrains.com/academy/,C,Не начато,Source watch — auto review,2026-08-31,,curated,discovery
SRCX-0ab4b6956863,United States,JFrog Academy,JFrog Academy — CNC source & credential directory,source-watch,CNC,CNC,catalog,⚠️ verify current offer,"Monitoring record, not a certificate claim. Verify the current official credential/course and price before calling it free.",Varies,Varies,Provider-dependent,Unknown,Varies,Provider-dependent,Varies,https://academy.jfrog.com/,C,Не начато,Source watch — auto review,2026-08-31,,curated,discovery
SRCX-0b04f3f5d8ef,United States,Lattice Semiconductor,Lattice Semiconductor — CNC source & credential directory,source-watch,CNC,CNC,catalog,⚠️ verify current offer,"Monitoring record, not a certificate claim. Verify the current official credential/course and price before calling it free.",Varies,Varies,Provider-dependent,Unknown,Varies,Provider-dependent,Varies,https://www.latticesemi.com/Support,C,Не начато,Source watch — auto review,2026-08-31,,curated,discovery
SRCX-00242aa5c0d2,Germany,Phoenix Contact,Phoenix Contact — CNC source & credential directory,source-watch,CNC,CNC,catalog,⚠️ verify current offer,"Monitoring record, not a certificate claim. Verify the current official credential/course and price before calling it free.",Varies,Varies,Provider-dependent,Unknown,Varies,Provider-dependent,Varies,https://www.phoenixcontact.com/en-pc/training,C,Не начато,Source watch — auto review,2026-08-31,,curated,discovery
SRCX-06197ec6d404,Germany,Siemens Digital Industries Software,Siemens Digital Industries Software — CNC source & credential directory,source-watch,CNC,CNC,catalog,⚠️ verify current offer,"Monitoring record, not a certificate claim. Verify the current official credential/course and price before calling it free.",Varies,Varies,Provider-dependent,Unknown,Varies,Provider-dependent,Varies,https://training.plm.automation.siemens.com/,C,Не начато,Source watch — auto review,2026-08-31,,curated,discovery
SRCX-0a18a10a82d1,Russia,Stepik,Stepik — CNC source & credential directory,source-watch,CNC,CNC,catalog,⚠️ verify current offer,"Monitoring record, not a certificate claim. Verify the current official credential/course and price before calling it free.",Varies,Varies,Provider-dependent,Unknown,Varies,Provider-dependent,Varies,https://stepik.org/,C,Не начато,Source watch — auto review,2026-08-31,,curated,discovery
SRCX-01eef2768a11,United States,Synopsys,Synopsys — CNC source & credential directory,source-watch,CNC,CNC,catalog,⚠️ verify current offer,"Monitoring record, not a certificate claim. Verify the current official credential/course and price before calling it free.",Varies,Varies,Provider-dependent,Unknown,Varies,Provider-dependent,Varies,https://www.synopsys.com/,C,Не начато,Source watch — auto review,2026-08-31,,curated,discovery
SRCX-086d41f9187a,Global,The Carpentries,The Carpentries — CNC source & credential directory,source-watch,CNC,CNC,catalog,⚠️ verify current offer,"Monitoring record, not a certificate claim. Verify the current official credential/course and price before calling it free.",Varies,Varies,Provider-dependent,Unknown,Varies,Provider-dependent,Varies,https://carpentries.org/workshops/,C,Не начато,Source watch — auto review,2026-08-31,,curated,discovery
SRCX-12fd16b7ab37,Global,UNEP InforMEA,UNEP InforMEA — CNC source & credential directory,source-watch,CNC,CNC,catalog,⚠️ verify current offer,"Monitoring record, not a certificate claim. Verify the current official credential/course and price before calling it free.",Varies,Varies,Provider-dependent,Unknown,Varies,Provider-dependent,Varies,https://www.informea.org/,C,Не начато,Source watch — auto review,2026-08-31,,curated,discovery
SRCX-115f73a9073a,United States,Vercel,Vercel — CNC source & credential directory,source-watch,CNC,CNC,catalog,⚠️ verify current offer,"Monitoring record, not a certificate claim. Verify the current official credential/course and price before calling it free.",Varies,Varies,Provider-dependent,Unknown,Varies,Provider-dependent,Varies,https://vercel.com/academy,C,Не начато,Source watch — auto review,2026-08-31,,curated,discovery
SRCX-0dcc578f938a,Russia,Группа Астра,Группа Астра — CNC source & credential directory,source-watch,CNC,CNC,catalog,⚠️ verify current offer,"Monitoring record, not a certificate claim. Verify the current official credential/course and price before calling it free.",Varies,Varies,Provider-dependent,Unknown,Varies,Provider-dependent,Varies,https://astra.ru/training/,C,Не начато,Source watch — auto review,2026-08-31,,curated,discovery
SRCX-13ddd818fe43,Global,Apache Software Foundation — Subprojects,Apache Software Foundation — Subprojects — Chemistry source & credential directory,source-watch,Chemistry,Chemistry,catalog,⚠️ verify current offer,"Monitoring record, not a certificate claim. Verify the current official credential/course and price before calling it free.",Varies,Varies,Provider-dependent,Unknown,Varies,Provider-dependent,Varies,https://www.apache.org/,C,Не начато,Source watch — auto review,2026-08-31,,curated,discovery
SRCX-0e0fc233bd2a,Germany,Bosch Rexroth,Bosch Rexroth — Chemistry source & credential directory,source-watch,Chemistry,Chemistry,catalog,⚠️ verify current offer,"Monitoring record, not a certificate claim. Verify the current official credential/course and price before calling it free.",Varies,Varies,Provider-dependent,Unknown,Varies,Provider-dependent,Varies,https://www.boschrexroth.com/en/xc/training/,C,Не начато,Source watch — auto review,2026-08-31,,curated,discovery
SRCX-1452d359f069,United States,Broadcom VMware,Broadcom VMware — Chemistry source & credential directory,source-watch,Chemistry,Chemistry,catalog,⚠️ verify current offer,"Monitoring record, not a certificate claim. Verify the current official credential/course and price before calling it free.",Varies,Varies,Provider-dependent,Unknown,Varies,Provider-dependent,Varies,https://www.vmware.com/learning.html,C,Не начато,Source watch — auto review,2026-08-31,,curated,discovery
SRCX-0773dcd47455,United Kingdom,BSI,BSI — Chemistry source & credential directory,source-watch,Chemistry,Chemistry,catalog,⚠️ verify current offer,"Monitoring record, not a certificate claim. Verify the current official credential/course and price before calling it free.",Varies,Varies,Provider-dependent,Unknown,Varies,Provider-dependent,Varies,https://www.bsigroup.com/,C,Не начато,Source watch — auto review,2026-08-31,,curated,discovery
SRCX-05450772395c,Sweden,COMSOL,COMSOL — Chemistry source & credential directory,source-watch,Chemistry,Chemistry,catalog,⚠️ verify current offer,"Monitoring record, not a certificate claim. Verify the current official credential/course and price before calling it free.",Varies,Varies,Provider-dependent,Unknown,Varies,Provider-dependent,Varies,https://www.comsol.com/learning-center,C,Не начато,Source watch — auto review,2026-08-31,,curated,discovery
SRCX-01de706d9fd3,United States,Datadog,Datadog — Chemistry source & credential directory,source-watch,Chemistry,Chemistry,catalog,⚠️ verify current offer,"Monitoring record, not a certificate claim. Verify the current official credential/course and price before calling it free.",Varies,Varies,Provider-dependent,Unknown,Varies,Provider-dependent,Varies,https://learn.datadoghq.com/,C,Не начато,Source watch — auto review,2026-08-31,,curated,discovery
SRCX-117a5d0c9c74,United States,Docker,Docker — Chemistry source & credential directory,source-watch,Chemistry,Chemistry,catalog,⚠️ verify current offer,"Monitoring record, not a certificate claim. Verify the current official credential/course and price before calling it free.",Varies,Varies,Provider-dependent,Unknown,Varies,Provider-dependent,Varies,https://www.docker.com/education/,C,Не начато,Source watch — auto review,2026-08-31,,curated,discovery
SRCX-054a19a33252,Global,Eclipse Foundation,Eclipse Foundation — Chemistry source & credential directory,source-watch,Chemistry,Chemistry,catalog,⚠️ verify current offer,"Monitoring record, not a certificate claim. Verify the current official credential/course and price before calling it free.",Varies,Varies,Provider-dependent,Unknown,Varies,Provider-dependent,Varies,https://www.eclipse.org/org/workinggroups/,C,Не начато,Source watch — auto review,2026-08-31,,curated,discovery
SRCX-04e2d20c041f,European Union,EIT Digital,EIT Digital — Chemistry source & credential directory,source-watch,Chemistry,Chemistry,catalog,⚠️ verify current offer,"Monitoring record, not a certificate claim. Verify the current official credential/course and price before calling it free.",Varies,Varies,Provider-dependent,Unknown,Varies,Provider-dependent,Varies,https://www.eitdigital.eu/,C,Не начато,Source watch — auto review,2026-08-31,,curated,discovery
SRCX-02aaa9d70d34,European Union,EIT Health,EIT Health — Chemistry source & credential directory,source-watch,Chemistry,Chemistry,catalog,⚠️ verify current offer,"Monitoring record, not a certificate claim. Verify the current official credential/course and price before calling it free.",Varies,Varies,Provider-dependent,Unknown,Varies,Provider-dependent,Varies,https://eithealth.eu/,C,Не начато,Source watch — auto review,2026-08-31,,curated,discovery
SRCX-093e9b9fce16,Global,FAO eLearning Academy,FAO eLearning Academy — Chemistry source & credential directory,source-watch,Chemistry,Chemistry,catalog,⚠️ verify current offer,"Monitoring record, not a certificate claim. Verify the current official credential/course and price before calling it free.",Varies,Varies,Provider-dependent,Unknown,Varies,Provider-dependent,Varies,https://elearning.fao.org/,C,Не начато,Source watch — auto review,2026-08-31,,curated,discovery
SRCX-11b723f80740,United States,Netlify,Netlify — Chemistry source & credential directory,source-watch,Chemistry,Chemistry,catalog,⚠️ verify current offer,"Monitoring record, not a certificate claim. Verify the current official credential/course and price before calling it free.",Varies,Varies,Provider-dependent,Unknown,Varies,Provider-dependent,Varies,https://www.netlify.com/learn/,C,Не начато,Source watch — auto review,2026-08-31,,curated,discovery
SRCX-0080d40499fa,United Kingdom,PortSwigger,PortSwigger — Chemistry source & credential directory,source-watch,Chemistry,Chemistry,catalog,⚠️ verify current offer,"Monitoring record, not a certificate claim. Verify the current official credential/course and price before calling it free.",Varies,Varies,Provider-dependent,Unknown,Varies,Provider-dependent,Varies,https://portswigger.net/web-security,C,Не начато,Source watch — auto review,2026-08-31,,curated,discovery
SRCX-0cea65a12269,United States,Power BI / Microsoft,Power BI / Microsoft — Chemistry source & credential directory,source-watch,Chemistry,Chemistry,catalog,⚠️ verify current offer,"Monitoring record, not a certificate claim. Verify the current official credential/course and price before calling it free.",Varies,Varies,Provider-dependent,Unknown,Varies,Provider-dependent,Varies,https://learn.microsoft.com/training/powerplatform/power-bi/,C,Не начато,Source watch — auto review,2026-08-31,,curated,discovery
SRCX-0844e7cb30e8,Global,Prometheus,Prometheus — Chemistry source & credential directory,source-watch,Chemistry,Chemistry,catalog,⚠️ verify current offer,"Monitoring record, not a certificate claim. Verify the current official credential/course and price before calling it free.",Varies,Varies,Provider-dependent,Unknown,Varies,Provider-dependent,Varies,https://prometheus.io/,C,Не начато,Source watch — auto review,2026-08-31,,curated,discovery
SRCX-147ea24df69e,United States,Qualcomm,Qualcomm — Chemistry source & credential directory,source-watch,Chemistry,Chemistry,catalog,⚠️ verify current offer,"Monitoring record, not a certificate claim. Verify the current official credential/course and price before calling it free.",Varies,Varies,Provider-dependent,Unknown,Varies,Provider-dependent,Varies,https://www.qualcomm.com/developer,C,Не начато,Source watch — auto review,2026-08-31,,curated,discovery
SRCX-07ca6493aac6,Russia,RЭД СОФТ,RЭД СОФТ — Chemistry source & credential directory,source-watch,Chemistry,Chemistry,catalog,⚠️ verify current offer,"Monitoring record, not a certificate claim. Verify the current official credential/course and price before calling it free.",Varies,Varies,Provider-dependent,Unknown,Varies,Provider-dependent,Varies,https://education.red-soft.ru/,C,Не начато,Source watch — auto review,2026-08-31,,curated,discovery
SRCX-09cd4439c68b,United States,Scrum Alliance,Scrum Alliance — Chemistry source & credential directory,source-watch,Chemistry,Chemistry,catalog,⚠️ verify current offer,"Monitoring record, not a certificate claim. Verify the current official credential/course and price before calling it free.",Varies,Varies,Provider-dependent,Unknown,Varies,Provider-dependent,Varies,https://www.scrumalliance.org/get-certified,C,Не начато,Source watch — auto review,2026-08-31,,curated,discovery
SRCX-066613a3f64f,United States,Scrum.org,Scrum.org — Chemistry source & credential directory,source-watch,Chemistry,Chemistry,catalog,⚠️ verify current offer,"Monitoring record, not a certificate claim. Verify the current official credential/course and price before calling it free.",Varies,Varies,Provider-dependent,Unknown,Varies,Provider-dependent,Varies,https://www.scrum.org/professional-training,C,Не начато,Source watch — auto review,2026-08-31,,curated,discovery
SRCX-0430e2b756c2,Global,SLSA,SLSA — Chemistry source & credential directory,source-watch,Chemistry,Chemistry,catalog,⚠️ verify current offer,"Monitoring record, not a certificate claim. Verify the current official credential/course and price before calling it free.",Varies,Varies,Provider-dependent,Unknown,Varies,Provider-dependent,Varies,https://slsa.dev/,C,Не начато,Source watch — auto review,2026-08-31,,curated,discovery
SRCX-13017790f9a1,United States,Synopsys,Synopsys — Chemistry source & credential directory,source-watch,Chemistry,Chemistry,catalog,⚠️ verify current offer,"Monitoring record, not a certificate claim. Verify the current official credential/course and price before calling it free.",Varies,Varies,Provider-dependent,Unknown,Varies,Provider-dependent,Varies,https://www.synopsys.com/,C,Не начато,Source watch — auto review,2026-08-31,,curated,discovery
SRCX-12eebb65822e,United States,USGS,USGS — Chemistry source & credential directory,source-watch,Chemistry,Chemistry,catalog,⚠️ verify current offer,"Monitoring record, not a certificate claim. Verify the current official credential/course and price before calling it free.",Varies,Varies,Provider-dependent,Unknown,Varies,Provider-dependent,Varies,https://www.usgs.gov/educational-resources,C,Не начато,Source watch — auto review,2026-08-31,,curated,discovery
SRCX-140c839de3a2,Russia,Нетология,Нетология — Chemistry source & credential directory,source-watch,Chemistry,Chemistry,catalog,⚠️ verify current offer,"Monitoring record, not a certificate claim. Verify the current official credential/course and price before calling it free.",Varies,Varies,Provider-dependent,Unknown,Varies,Provider-dependent,Varies,https://netology.ru/,C,Не начато,Source watch — auto review,2026-08-31,,curated,discovery
SRCX-14e7114b7685,United States,Anthropic,Anthropic — Cloud source & credential directory,source-watch,Cloud,Cloud,catalog,⚠️ verify current offer,"Monitoring record, not a certificate claim. Verify the current official credential/course and price before calling it free.",Varies,Varies,Provider-dependent,Unknown,Varies,Provider-dependent,Varies,https://www.anthropic.com/,C,Не начато,Source watch — auto review,2026-08-31,,curated,discovery
SRCX-049ca0e43597,Australia,Atlassian,Atlassian — Cloud source & credential directory,source-watch,Cloud,Cloud,catalog,⚠️ verify current offer,"Monitoring record, not a certificate claim. Verify the current official credential/course and price before calling it free.",Varies,Varies,Provider-dependent,Unknown,Varies,Provider-dependent,Varies,https://university.atlassian.com/,C,Не начато,Source watch — auto review,2026-08-31,,curated,discovery
SRCX-14c368014b0f,United States,Datadog,Datadog — Cloud source & credential directory,source-watch,Cloud,Cloud,catalog,⚠️ verify current offer,"Monitoring record, not a certificate claim. Verify the current official credential/course and price before calling it free.",Varies,Varies,Provider-dependent,Unknown,Varies,Provider-dependent,Varies,https://learn.datadoghq.com/,C,Не начато,Source watch — auto review,2026-08-31,,curated,discovery
SRCX-0564822f1207,United States,Fortinet,Fortinet — Cloud source & credential directory,source-watch,Cloud,Cloud,catalog,⚠️ verify current offer,"Monitoring record, not a certificate claim. Verify the current official credential/course and price before calling it free.",Varies,Varies,Provider-dependent,Unknown,Varies,Provider-dependent,Varies,https://www.fortinet.com/training-certification,C,Не начато,Source watch — auto review,2026-08-31,,curated,discovery
SRCX-1488f930683d,United Kingdom,FutureLearn,FutureLearn — Cloud source & credential directory,source-watch,Cloud,Cloud,catalog,⚠️ verify current offer,"Monitoring record, not a certificate claim. Verify the current official credential/course and price before calling it free.",Varies,Varies,Provider-dependent,Unknown,Varies,Provider-dependent,Varies,https://www.futurelearn.com/,C,Не начато,Source watch — auto review,2026-08-31,,curated,discovery
SRCX-0bff0d684239,Global,Hyperledger,Hyperledger — Cloud source & credential directory,source-watch,Cloud,Cloud,catalog,⚠️ verify current offer,"Monitoring record, not a certificate claim. Verify the current official credential/course and price before calling it free.",Varies,Varies,Provider-dependent,Unknown,Varies,Provider-dependent,Varies,https://www.hyperledger.org/learn,C,Не начато,Source watch — auto review,2026-08-31,,curated,discovery
SRCX-02a5df3d1bcc,Global,ITU Academy,ITU Academy — Cloud source & credential directory,source-watch,Cloud,Cloud,catalog,⚠️ verify current offer,"Monitoring record, not a certificate claim. Verify the current official credential/course and price before calling it free.",Varies,Varies,Provider-dependent,Unknown,Varies,Provider-dependent,Varies,https://academy.itu.int/,C,Не начато,Source watch — auto review,2026-08-31,,curated,discovery
SRCX-11d0b2128667,United States,Juniper Networks,Juniper Networks — Cloud source & credential directory,source-watch,Cloud,Cloud,catalog,⚠️ verify current offer,"Monitoring record, not a certificate claim. Verify the current official credential/course and price before calling it free.",Varies,Varies,Provider-dependent,Unknown,Varies,Provider-dependent,Varies,https://www.juniper.net/us/en/training/certification.html,C,Не начато,Source watch — auto review,2026-08-31,,curated,discovery
SRCX-14e39e318096,United States,Looker / Google,Looker / Google — Cloud source & credential directory,source-watch,Cloud,Cloud,catalog,⚠️ verify current offer,"Monitoring record, not a certificate claim. Verify the current official credential/course and price before calling it free.",Varies,Varies,Provider-dependent,Unknown,Varies,Provider-dependent,Varies,https://cloud.google.com/looker/docs,C,Не начато,Source watch — auto review,2026-08-31,,curated,discovery
SRCX-00e0dedba40d,Germany,Phoenix Contact,Phoenix Contact — Cloud source & credential directory,source-watch,Cloud,Cloud,catalog,⚠️ verify current offer,"Monitoring record, not a certificate claim. Verify the current official credential/course and price before calling it free.",Varies,Varies,Provider-dependent,Unknown,Varies,Provider-dependent,Varies,https://www.phoenixcontact.com/en-pc/training,C,Не начато,Source watch — auto review,2026-08-31,,curated,discovery
SRCX-01e434e59398,United States,Redis,Redis — Cloud source & credential directory,source-watch,Cloud,Cloud,catalog,⚠️ verify current offer,"Monitoring record, not a certificate claim. Verify the current official credential/course and price before calling it free.",Varies,Varies,Provider-dependent,Unknown,Varies,Provider-dependent,Varies,https://university.redis.com/,C,Не начато,Source watch — auto review,2026-08-31,,curated,discovery
SRCX-0d8295cfc84f,Russia,RЭД СОФТ,RЭД СОФТ — Cloud source & credential directory,source-watch,Cloud,Cloud,catalog,⚠️ verify current offer,"Monitoring record, not a certificate claim. Verify the current official credential/course and price before calling it free.",Varies,Varies,Provider-dependent,Unknown,Varies,Provider-dependent,Varies,https://education.red-soft.ru/,C,Не начато,Source watch — auto review,2026-08-31,,curated,discovery
SRCX-12629532a739,United States,Splunk,Splunk — Cloud source & credential directory,source-watch,Cloud,Cloud,catalog,⚠️ verify current offer,"Monitoring record, not a certificate claim. Verify the current official credential/course and price before calling it free.",Varies,Varies,Provider-dependent,Unknown,Varies,Provider-dependent,Varies,https://www.splunk.com/en_us/training.html,C,Не начато,Source watch — auto review,2026-08-31,,curated,discovery
SRCX-138f52874cc1,Russia,Открытое образование,Открытое образование — Cloud source & credential directory,source-watch,Cloud,Cloud,catalog,⚠️ verify current offer,"Monitoring record, not a certificate claim. Verify the current official credential/course and price before calling it free.",Varies,Varies,Provider-dependent,Unknown,Varies,Provider-dependent,Varies,https://openedu.ru/,C,Не начато,Source watch — auto review,2026-08-31,,curated,discovery
SRCX-0d071200ba6e,Russia,1C,1C — Cloud Architecture source & credential directory,source-watch,Cloud Architecture,Cloud Architecture,catalog,⚠️ verify current offer,"Monitoring record, not a certificate claim. Verify the current official credential/course and price before calling it free.",Varies,Varies,Provider-dependent,Unknown,Varies,Provider-dependent,Varies,https://1c.ru/,C,Не начато,Source watch — auto review,2026-08-31,,curated,discovery
SRCX-0c6403b5c667,Australia,Altium,Altium — Cloud Architecture source & credential directory,source-watch,Cloud Architecture,Cloud Architecture,catalog,⚠️ verify current offer,"Monitoring record, not a certificate claim. Verify the current official credential/course and price before calling it free.",Varies,Varies,Provider-dependent,Unknown,Varies,Provider-dependent,Varies,https://www.altium.com/education,C,Не начато,Source watch — auto review,2026-08-31,,curated,discovery
SRCX-0f8a2872828c,Global,Apache Spark,Apache Spark — Cloud Architecture source & credential directory,source-watch,Cloud Architecture,Cloud Architecture,catalog,⚠️ verify current offer,"Monitoring record, not a certificate claim. Verify the current official credential/course and price before calling it free.",Varies,Varies,Provider-dependent,Unknown,Varies,Provider-dependent,Varies,https://spark.apache.org/,C,Не начато,Source watch — auto review,2026-08-31,,curated,discovery
SRCX-0935d13c9a87,Italy,Arduino,Arduino — Cloud Architecture source & credential directory,source-watch,Cloud Architecture,Cloud Architecture,catalog,⚠️ verify current offer,"Monitoring record, not a certificate claim. Verify the current official credential/course and price before calling it free.",Varies,Varies,Provider-dependent,Unknown,Varies,Provider-dependent,Varies,https://docs.arduino.cc/,C,Не начато,Source watch — auto review,2026-08-31,,curated,discovery
SRCX-04ed7d4cd30e,United States,AWS,AWS — Cloud Architecture source & credential directory,source-watch,Cloud Architecture,Cloud Architecture,catalog,⚠️ verify current offer,"Monitoring record, not a certificate claim. Verify the current official credential/course and price before calling it free.",Varies,Varies,Provider-dependent,Unknown,Varies,Provider-dependent,Varies,https://aws.amazon.com/training/,C,Не начато,Source watch — auto review,2026-08-31,,curated,discovery
SRCX-0d1e305c7794,Germany,Beckhoff,Beckhoff — Cloud Architecture source & credential directory,source-watch,Cloud Architecture,Cloud Architecture,catalog,⚠️ verify current offer,"Monitoring record, not a certificate claim. Verify the current official credential/course and price before calling it free.",Varies,Varies,Provider-dependent,Unknown,Varies,Provider-dependent,Varies,https://www.beckhoff.com/en-us/company/education/,C,Не начато,Source watch — auto review,2026-08-31,,curated,discovery
SRCX-0b08aee58b1c,Israel,Check Point,Check Point — Cloud Architecture source & credential directory,source-watch,Cloud Architecture,Cloud Architecture,catalog,⚠️ verify current offer,"Monitoring record, not a certificate claim. Verify the current official credential/course and price before calling it free.",Varies,Varies,Provider-dependent,Unknown,Varies,Provider-dependent,Varies,https://www.checkpoint.com/services/training-and-certification/,C,Не начато,Source watch — auto review,2026-08-31,,curated,discovery
SRCX-017d8bef66a0,United States,DeepLearning.AI,DeepLearning.AI — Cloud Architecture source & credential directory,source-watch,Cloud Architecture,Cloud Architecture,catalog,⚠️ verify current offer,"Monitoring record, not a certificate claim. Verify the current official credential/course and price before calling it free.",Varies,Varies,Provider-dependent,Unknown,Varies,Provider-dependent,Varies,https://www.deeplearning.ai/,C,Не начато,Source watch — auto review,2026-08-31,,curated,discovery
SRCX-0f7daa8516c5,United States,DigitalOcean,DigitalOcean — Cloud Architecture source & credential directory,source-watch,Cloud Architecture,Cloud Architecture,catalog,⚠️ verify current offer,"Monitoring record, not a certificate claim. Verify the current official credential/course and price before calling it free.",Varies,Varies,Provider-dependent,Unknown,Varies,Provider-dependent,Varies,https://www.digitalocean.com/community,C,Не начато,Source watch — auto review,2026-08-31,,curated,discovery
SRCX-0ca31d0a12da,European Union,EIT Health,EIT Health — Cloud Architecture source & credential directory,source-watch,Cloud Architecture,Cloud Architecture,catalog,⚠️ verify current offer,"Monitoring record, not a certificate claim. Verify the current official credential/course and price before calling it free.",Varies,Varies,Provider-dependent,Unknown,Varies,Provider-dependent,Varies,https://eithealth.eu/,C,Не начато,Source watch — auto review,2026-08-31,,curated,discovery
SRCX-106aca1fb0a8,Europe,ESA,ESA — Cloud Architecture source & credential directory,source-watch,Cloud Architecture,Cloud Architecture,catalog,⚠️ verify current offer,"Monitoring record, not a certificate claim. Verify the current official credential/course and price before calling it free.",Varies,Varies,Provider-dependent,Unknown,Varies,Provider-dependent,Varies,https://learningzone.esa.int/,C,Не начато,Source watch — auto review,2026-08-31,,curated,discovery
SRCX-021999a14c81,United States,fast.ai,fast.ai — Cloud Architecture source & credential directory,source-watch,Cloud Architecture,Cloud Architecture,catalog,⚠️ verify current offer,"Monitoring record, not a certificate claim. Verify the current official credential/course and price before calling it free.",Varies,Varies,Provider-dependent,Unknown,Varies,Provider-dependent,Varies,https://course.fast.ai/,C,Не начато,Source watch — auto review,2026-08-31,,curated,discovery
SRCX-0c0f6a514115,Global,ITU Academy,ITU Academy — Cloud Architecture source & credential directory,source-watch,Cloud Architecture,Cloud Architecture,catalog,⚠️ verify current offer,"Monitoring record, not a certificate claim. Verify the current official credential/course and price before calling it free.",Varies,Varies,Provider-dependent,Unknown,Varies,Provider-dependent,Varies,https://academy.itu.int/,C,Не начато,Source watch — auto review,2026-08-31,,curated,discovery
SRCX-0a11a441d2fc,Switzerland,KNIME,KNIME — Cloud Architecture source & credential directory,source-watch,Cloud Architecture,Cloud Architecture,catalog,⚠️ verify current offer,"Monitoring record, not a certificate claim. Verify the current official credential/course and price before calling it free.",Varies,Varies,Provider-dependent,Unknown,Varies,Provider-dependent,Varies,https://www.knime.com/learning,C,Не начато,Source watch — auto review,2026-08-31,,curated,discovery
SRCX-0e3bf559d42f,United States,Linux Foundation Training,Linux Foundation Training — Cloud Architecture source & credential directory,source-watch,Cloud Architecture,Cloud Architecture,catalog,⚠️ verify current offer,"Monitoring record, not a certificate claim. Verify the current official credential/course and price before calling it free.",Varies,Varies,Provider-dependent,Unknown,Varies,Provider-dependent,Varies,https://training.linuxfoundation.org/,C,Не начато,Source watch — auto review,2026-08-31,,curated,discovery
SRCX-09dc24da880c,United States,MIT OpenCourseWare,MIT OpenCourseWare — Cloud Architecture source & credential directory,source-watch,Cloud Architecture,Cloud Architecture,catalog,⚠️ verify current offer,"Monitoring record, not a certificate claim. Verify the current official credential/course and price before calling it free.",Varies,Varies,Provider-dependent,Unknown,Varies,Provider-dependent,Varies,https://ocw.mit.edu/,C,Не начато,Source watch — auto review,2026-08-31,,curated,discovery
SRCX-06e83c035378,United States,NVIDIA,NVIDIA — Cloud Architecture source & credential directory,source-watch,Cloud Architecture,Cloud Architecture,catalog,⚠️ verify current offer,"Monitoring record, not a certificate claim. Verify the current official credential/course and price before calling it free.",Varies,Varies,Provider-dependent,Unknown,Varies,Provider-dependent,Varies,https://www.nvidia.com/training/,C,Не начато,Source watch — auto review,2026-08-31,,curated,discovery
SRCX-12cf9f31054d,Global,OpenSSF,OpenSSF — Cloud Architecture source & credential directory,source-watch,Cloud Architecture,Cloud Architecture,catalog,⚠️ verify current offer,"Monitoring record, not a certificate claim. Verify the current official credential/course and price before calling it free.",Varies,Varies,Provider-dependent,Unknown,Varies,Provider-dependent,Varies,https://openssf.org/,C,Не начато,Source watch — auto review,2026-08-31,,curated,discovery
SRCX-1150fc7f251d,Global,OpenTofu,OpenTofu — Cloud Architecture source & credential directory,source-watch,Cloud Architecture,Cloud Architecture,catalog,⚠️ verify current offer,"Monitoring record, not a certificate claim. Verify the current official credential/course and price before calling it free.",Varies,Varies,Provider-dependent,Unknown,Varies,Provider-dependent,Varies,https://opentofu.org/,C,Не начато,Source watch — auto review,2026-08-31,,curated,discovery
SRCX-0124391bb9e2,United States,PMI,PMI — Cloud Architecture source & credential directory,source-watch,Cloud Architecture,Cloud Architecture,catalog,⚠️ verify current offer,"Monitoring record, not a certificate claim. Verify the current official credential/course and price before calling it free.",Varies,Varies,Provider-dependent,Unknown,Varies,Provider-dependent,Varies,https://www.pmi.org/learning,C,Не начато,Source watch — auto review,2026-08-31,,curated,discovery
SRCX-13e14be50849,Poland,Python Institute,Python Institute — Cloud Architecture source & credential directory,source-watch,Cloud Architecture,Cloud Architecture,catalog,⚠️ verify current offer,"Monitoring record, not a certificate claim. Verify the current official credential/course and price before calling it free.",Varies,Varies,Provider-dependent,Unknown,Varies,Provider-dependent,Varies,https://pythoninstitute.org/,C,Не начато,Source watch — auto review,2026-08-31,,curated,discovery
SRCX-0d66ecb40813,Russia,Stepik,Stepik — Cloud Architecture source & credential directory,source-watch,Cloud Architecture,Cloud Architecture,catalog,⚠️ verify current offer,"Monitoring record, not a certificate claim. Verify the current official credential/course and price before calling it free.",Varies,Varies,Provider-dependent,Unknown,Varies,Provider-dependent,Varies,https://stepik.org/,C,Не начато,Source watch — auto review,2026-08-31,,curated,discovery
SRCX-02e2a0b03324,United States,Alteryx,Alteryx — Containers source & credential directory,source-watch,Containers,Containers,catalog,⚠️ verify current offer,"Monitoring record, not a certificate claim. Verify the current official credential/course and price before calling it free.",Varies,Varies,Provider-dependent,Unknown,Varies,Provider-dependent,Varies,https://community.alteryx.com/,C,Не начато,Source watch — auto review,2026-08-31,,curated,discovery
SRCX-0c0a765f5463,Sweden,COMSOL,COMSOL — Containers source & credential directory,source-watch,Containers,Containers,catalog,⚠️ verify current offer,"Monitoring record, not a certificate claim. Verify the current official credential/course and price before calling it free.",Varies,Varies,Provider-dependent,Unknown,Varies,Provider-dependent,Varies,https://www.comsol.com/learning-center,C,Не начато,Source watch — auto review,2026-08-31,,curated,discovery
SRCX-056b16b3f26f,Global,Data Carpentries,Data Carpentries — Containers source & credential directory,source-watch,Containers,Containers,catalog,⚠️ verify current offer,"Monitoring record, not a certificate claim. Verify the current official credential/course and price before calling it free.",Varies,Varies,Provider-dependent,Unknown,Varies,Provider-dependent,Varies,https://datacarpentries.org/,C,Не начато,Source watch — auto review,2026-08-31,,curated,discovery
SRCX-102dd18e9aad,United States/Global,FIRST Robotics,FIRST Robotics — Containers source & credential directory,source-watch,Containers,Containers,catalog,⚠️ verify current offer,"Monitoring record, not a certificate claim. Verify the current official credential/course and price before calling it free.",Varies,Varies,Provider-dependent,Unknown,Varies,Provider-dependent,Varies,https://www.firstinspires.org/,C,Не начато,Source watch — auto review,2026-08-31,,curated,discovery
SRCX-09d9c141aaff,United States,GitLab Learn,GitLab Learn — Containers source & credential directory,source-watch,Containers,Containers,catalog,⚠️ verify current offer,"Monitoring record, not a certificate claim. Verify the current official credential/course and price before calling it free.",Varies,Varies,Provider-dependent,Unknown,Varies,Provider-dependent,Varies,https://about.gitlab.com/learn/,C,Не начато,Source watch — auto review,2026-08-31,,curated,discovery
SRCX-109f273fb15e,United States,HubSpot Academy,HubSpot Academy — Containers source & credential directory,source-watch,Containers,Containers,catalog,⚠️ verify current offer,"Monitoring record, not a certificate claim. Verify the current official credential/course and price before calling it free.",Varies,Varies,Provider-dependent,Unknown,Varies,Provider-dependent,Varies,https://academy.hubspot.com/,C,Не начато,Source watch — auto review,2026-08-31,,curated,discovery
SRCX-12d47fdb68d0,United States,JFrog Academy,JFrog Academy — Containers source & credential directory,source-watch,Containers,Containers,catalog,⚠️ verify current offer,"Monitoring record, not a certificate claim. Verify the current official credential/course and price before calling it free.",Varies,Varies,Provider-dependent,Unknown,Varies,Provider-dependent,Varies,https://academy.jfrog.com/,C,Не начато,Source watch — auto review,2026-08-31,,curated,discovery
SRCX-0d03e827b78a,Canada,Linux Professional Institute,Linux Professional Institute — Containers source & credential directory,source-watch,Containers,Containers,catalog,⚠️ verify current offer,"Monitoring record, not a certificate claim. Verify the current official credential/course and price before calling it free.",Varies,Varies,Provider-dependent,Unknown,Varies,Provider-dependent,Varies,https://www.lpi.org/,C,Не начато,Source watch — auto review,2026-08-31,,curated,discovery
SRCX-14442be93ae5,Global,OpenSSF,OpenSSF — Containers source & credential directory,source-watch,Containers,Containers,catalog,⚠️ verify current offer,"Monitoring record, not a certificate claim. Verify the current official credential/course and price before calling it free.",Varies,Varies,Provider-dependent,Unknown,Varies,Provider-dependent,Varies,https://openssf.org/,C,Не начато,Source watch — auto review,2026-08-31,,curated,discovery
SRCX-081c60633ad4,United States,Oracle,Oracle — Containers source & credential directory,source-watch,Containers,Containers,catalog,⚠️ verify current offer,"Monitoring record, not a certificate claim. Verify the current official credential/course and price before calling it free.",Varies,Varies,Provider-dependent,Unknown,Varies,Provider-dependent,Varies,https://www.oracle.com/education/certification/,C,Не начато,Source watch — auto review,2026-08-31,,curated,discovery
SRCX-0dde0fab9697,United States,Qlik,Qlik — Containers source & credential directory,source-watch,Containers,Containers,catalog,⚠️ verify current offer,"Monitoring record, not a certificate claim. Verify the current official credential/course and price before calling it free.",Varies,Varies,Provider-dependent,Unknown,Varies,Provider-dependent,Varies,https://learning.qlik.com/,C,Не начато,Source watch — auto review,2026-08-31,,curated,discovery
SRCX-0247220e035a,Japan,Renesas,Renesas — Containers source & credential directory,source-watch,Containers,Containers,catalog,⚠️ verify current offer,"Monitoring record, not a certificate claim. Verify the current official credential/course and price before calling it free.",Varies,Varies,Provider-dependent,Unknown,Varies,Provider-dependent,Varies,https://www.renesas.com/us/en/design-resources/training,C,Не начато,Source watch — auto review,2026-08-31,,curated,discovery
SRCX-0940cd1dbd7b,United States,Salesforce Trailhead,Salesforce Trailhead — Containers source & credential directory,source-watch,Containers,Containers,catalog,⚠️ verify current offer,"Monitoring record, not a certificate claim. Verify the current official credential/course and price before calling it free.",Varies,Varies,Provider-dependent,Unknown,Varies,Provider-dependent,Varies,https://trailhead.salesforce.com/,C,Не начато,Source watch — auto review,2026-08-31,,curated,discovery
SRCX-034d0e029fbf,United States,SANS Institute,SANS Institute — Containers source & credential directory,source-watch,Containers,Containers,catalog,⚠️ verify current offer,"Monitoring record, not a certificate claim. Verify the current official credential/course and price before calling it free.",Varies,Varies,Provider-dependent,Unknown,Varies,Provider-dependent,Varies,https://www.sans.org/,C,Не начато,Source watch — auto review,2026-08-31,,curated,discovery
SRCX-0e3aafe6bf22,United States,Scrum.org,Scrum.org — Containers source & credential directory,source-watch,Containers,Containers,catalog,⚠️ verify current offer,"Monitoring record, not a certificate claim. Verify the current official credential/course and price before calling it free.",Varies,Varies,Provider-dependent,Unknown,Varies,Provider-dependent,Varies,https://www.scrum.org/professional-training,C,Не начато,Source watch — auto review,2026-08-31,,curated,discovery
SRCX-14833f5627d8,Russia,Т-Банк Education,Т-Банк Education — Containers source & credential directory,source-watch,Containers,Containers,catalog,⚠️ verify current offer,"Monitoring record, not a certificate claim. Verify the current official credential/course and price before calling it free.",Varies,Varies,Provider-dependent,Unknown,Varies,Provider-dependent,Varies,https://education.tbank.ru/,C,Не начато,Source watch — auto review,2026-08-31,,curated,discovery
SRCX-0a3251076477,Switzerland,ABB,ABB — Control Systems source & credential directory,source-watch,Control Systems,Control Systems,catalog,⚠️ verify current offer,"Monitoring record, not a certificate claim. Verify the current official credential/course and price before calling it free.",Varies,Varies,Provider-dependent,Unknown,Varies,Provider-dependent,Varies,https://new.abb.com/service/training,C,Не начато,Source watch — auto review,2026-08-31,,curated,discovery
SRCX-0e2a13bc5616,Global,Apache Software Foundation,Apache Software Foundation — Control Systems source & credential directory,source-watch,Control Systems,Control Systems,catalog,⚠️ verify current offer,"Monitoring record, not a certificate claim. Verify the current official credential/course and price before calling it free.",Varies,Varies,Provider-dependent,Unknown,Varies,Provider-dependent,Varies,https://www.apache.org/,C,Не начато,Source watch — auto review,2026-08-31,,curated,discovery
SRCX-067f7e741e9c,United States,Cisco,Cisco — Control Systems source & credential directory,source-watch,Control Systems,Control Systems,catalog,⚠️ verify current offer,"Monitoring record, not a certificate claim. Verify the current official credential/course and price before calling it free.",Varies,Varies,Provider-dependent,Unknown,Varies,Provider-dependent,Varies,https://www.netacad.com/,C,Не начато,Source watch — auto review,2026-08-31,,curated,discovery
SRCX-065df91a848a,European Union,EU Academy,EU Academy — Control Systems source & credential directory,source-watch,Control Systems,Control Systems,catalog,⚠️ verify current offer,"Monitoring record, not a certificate claim. Verify the current official credential/course and price before calling it free.",Varies,Varies,Provider-dependent,Unknown,Varies,Provider-dependent,Varies,https://academy.europa.eu/,C,Не начато,Source watch — auto review,2026-08-31,,curated,discovery
SRCX-0cc4d4d428f0,United States,Google Cloud,Google Cloud — Control Systems source & credential directory,source-watch,Control Systems,Control Systems,catalog,⚠️ verify current offer,"Monitoring record, not a certificate claim. Verify the current official credential/course and price before calling it free.",Varies,Varies,Provider-dependent,Unknown,Varies,Provider-dependent,Varies,https://www.cloudskillsboost.google/,C,Не начато,Source watch — auto review,2026-08-31,,curated,discovery
SRCX-044b5766f87d,United Kingdom/Global,GSMA,GSMA — Control Systems source & credential directory,source-watch,Control Systems,Control Systems,catalog,⚠️ verify current offer,"Monitoring record, not a certificate claim. Verify the current official credential/course and price before calling it free.",Varies,Varies,Provider-dependent,Unknown,Varies,Provider-dependent,Varies,https://www.gsma.com/,C,Не начато,Source watch — auto review,2026-08-31,,curated,discovery
SRCX-1026db87b9e5,Global,ITU Academy,ITU Academy — Control Systems source & credential directory,source-watch,Control Systems,Control Systems,catalog,⚠️ verify current offer,"Monitoring record, not a certificate claim. Verify the current official credential/course and price before calling it free.",Varies,Varies,Provider-dependent,Unknown,Varies,Provider-dependent,Varies,https://academy.itu.int/,C,Не начато,Source watch — auto review,2026-08-31,,curated,discovery
SRCX-09740b557559,Russia,Kaspersky,Kaspersky — Control Systems source & credential directory,source-watch,Control Systems,Control Systems,catalog,⚠️ verify current offer,"Monitoring record, not a certificate claim. Verify the current official credential/course and price before calling it free.",Varies,Varies,Provider-dependent,Unknown,Varies,Provider-dependent,Varies,https://certification.kaspersky.com/,C,Не начато,Source watch — auto review,2026-08-31,,curated,discovery
SRCX-0d1c8732f7de,Canada,Linux Professional Institute,Linux Professional Institute — Control Systems source & credential directory,source-watch,Control Systems,Control Systems,catalog,⚠️ verify current offer,"Monitoring record, not a certificate claim. Verify the current official credential/course and price before calling it free.",Varies,Varies,Provider-dependent,Unknown,Varies,Provider-dependent,Varies,https://www.lpi.org/,C,Не начато,Source watch — auto review,2026-08-31,,curated,discovery
SRCX-0642a29363c6,Japan,Mitsubishi Electric,Mitsubishi Electric — Control Systems source & credential directory,source-watch,Control Systems,Control Systems,catalog,⚠️ verify current offer,"Monitoring record, not a certificate claim. Verify the current official credential/course and price before calling it free.",Varies,Varies,Provider-dependent,Unknown,Varies,Provider-dependent,Varies,https://us.mitsubishielectric.com/fa/en/learn/,C,Не начато,Source watch — auto review,2026-08-31,,curated,discovery
SRCX-13ede893d366,United States,Neo4j,Neo4j — Control Systems source & credential directory,source-watch,Control Systems,Control Systems,catalog,⚠️ verify current offer,"Monitoring record, not a certificate claim. Verify the current official credential/course and price before calling it free.",Varies,Varies,Provider-dependent,Unknown,Varies,Provider-dependent,Varies,https://graphacademy.neo4j.com/,C,Не начато,Source watch — auto review,2026-08-31,,curated,discovery
SRCX-11c1127ed0ab,Global,OpenTelemetry,OpenTelemetry — Control Systems source & credential directory,source-watch,Control Systems,Control Systems,catalog,⚠️ verify current offer,"Monitoring record, not a certificate claim. Verify the current official credential/course and price before calling it free.",Varies,Varies,Provider-dependent,Unknown,Varies,Provider-dependent,Varies,https://opentelemetry.io/,C,Не начато,Source watch — auto review,2026-08-31,,curated,discovery
SRCX-0a6c8934d9e8,Global,PostgreSQL,PostgreSQL — Control Systems source & credential directory,source-watch,Control Systems,Control Systems,catalog,⚠️ verify current offer,"Monitoring record, not a certificate claim. Verify the current official credential/course and price before calling it free.",Varies,Varies,Provider-dependent,Unknown,Varies,Provider-dependent,Varies,https://www.postgresql.org/,C,Не начато,Source watch — auto review,2026-08-31,,curated,discovery
SRCX-09cd971030b3,United States,Postman,Postman — Control Systems source & credential directory,source-watch,Control Systems,Control Systems,catalog,⚠️ verify current offer,"Monitoring record, not a certificate claim. Verify the current official credential/course and price before calling it free.",Varies,Varies,Provider-dependent,Unknown,Varies,Provider-dependent,Varies,https://academy.postman.com/,C,Не начато,Source watch — auto review,2026-08-31,,curated,discovery
SRCX-04b46e463ff0,Germany,Siemens,Siemens — Control Systems source & credential directory,source-watch,Control Systems,Control Systems,catalog,⚠️ verify current offer,"Monitoring record, not a certificate claim. Verify the current official credential/course and price before calling it free.",Varies,Varies,Provider-dependent,Unknown,Varies,Provider-dependent,Varies,https://www.siemens.com/training,C,Не начато,Source watch — auto review,2026-08-31,,curated,discovery
SRCX-0e4fec18a486,Global,UNEP InforMEA,UNEP InforMEA — Control Systems source & credential directory,source-watch,Control Systems,Control Systems,catalog,⚠️ verify current offer,"Monitoring record, not a certificate claim. Verify the current official credential/course and price before calling it free.",Varies,Varies,Provider-dependent,Unknown,Varies,Provider-dependent,Varies,https://www.informea.org/,C,Не начато,Source watch — auto review,2026-08-31,,curated,discovery
GEO-37497aa5,Brazil,Regional technical credential sources,Brazil technical certification & credential sources,regional-source,Cross-domain,IT;Energy;Agriculture,catalog,⚠️ verify current offer,Regional discovery index; verify individual credentials.,Varies,Varies,PT-BR,Unknown,Varies,Varies,Varies,https://www.google.com/search?q=Brazil+official+technical+certification,C,Не начато,Regional source index,2026-08-31,,curated,discovery
GEO-cd6a7b87,Canada,Regional technical credential sources,Canada technical certification & credential sources,regional-source,Cross-domain,AI;Cybersecurity;Engineering,catalog,⚠️ verify current offer,Regional discovery index; verify individual credentials.,Varies,Varies,EN/FR,Unknown,Varies,Varies,Varies,https://www.google.com/search?q=Canada+official+technical+certification,C,Не начато,Regional source index,2026-08-31,,curated,discovery
GEO-d2eaf2aa,China,Regional technical credential sources,China technical certification & credential sources,regional-source,Cross-domain,AI;Cloud;Electronics;Telecom,catalog,⚠️ verify current offer,Regional discovery index; verify individual credentials.,Varies,Varies,ZH,Unknown,Varies,Varies,Varies,https://www.google.com/search?q=China+official+technical+certification,C,Не начато,Regional source index,2026-08-31,,curated,discovery
GEO-c909b138,Finland,Regional technical credential sources,Finland technical certification & credential sources,regional-source,Cross-domain,Telecom;Networking;Software,catalog,⚠️ verify current offer,Regional discovery index; verify individual credentials.,Varies,Varies,FI,Unknown,Varies,Varies,Varies,https://www.google.com/search?q=Finland+official+technical+certification,C,Не начато,Regional source index,2026-08-31,,curated,discovery
GEO-e3772ac4,France,Regional technical credential sources,France technical certification & credential sources,regional-source,Cross-domain,Aerospace;AI;Automotive;Energy,catalog,⚠️ verify current offer,Regional discovery index; verify individual credentials.,Varies,Varies,FR,Unknown,Varies,Varies,Varies,https://www.google.com/search?q=France+official+technical+certification,C,Не начато,Regional source index,2026-08-31,,curated,discovery
GEO-17d53e0e,Germany,Regional technical credential sources,Germany technical certification & credential sources,regional-source,Cross-domain,Automation;Manufacturing;Automotive,catalog,⚠️ verify current offer,Regional discovery index; verify individual credentials.,Varies,Varies,DE,Unknown,Varies,Varies,Varies,https://www.google.com/search?q=Germany+official+technical+certification,C,Не начато,Regional source index,2026-08-31,,curated,discovery
GEO-967ce367,India,Regional technical credential sources,India technical certification & credential sources,regional-source,Cross-domain,IT;Cloud;Software;Cybersecurity,catalog,⚠️ verify current offer,Regional discovery index; verify individual credentials.,Varies,Varies,EN,Unknown,Varies,Varies,Varies,https://www.google.com/search?q=India+official+technical+certification,C,Не начато,Regional source index,2026-08-31,,curated,discovery
GEO-4c197dfd,Israel,Regional technical credential sources,Israel technical certification & credential sources,regional-source,Cross-domain,Cybersecurity;Semiconductors;AI,catalog,⚠️ verify current offer,Regional discovery index; verify individual credentials.,Varies,Varies,HE,Unknown,Varies,Varies,Varies,https://www.google.com/search?q=Israel+official+technical+certification,C,Не начато,Regional source index,2026-08-31,,curated,discovery
GEO-ad79ef0f,Italy,Regional technical credential sources,Italy technical certification & credential sources,regional-source,Cross-domain,Automotive;Automation;Design,catalog,⚠️ verify current offer,Regional discovery index; verify individual credentials.,Varies,Varies,IT,Unknown,Varies,Varies,Varies,https://www.google.com/search?q=Italy+official+technical+certification,C,Не начато,Regional source index,2026-08-31,,curated,discovery
GEO-fcf29f6c,Japan,Regional technical credential sources,Japan technical certification & credential sources,regional-source,Cross-domain,Robotics;Semiconductors;Electronics;Telecom,catalog,⚠️ verify current offer,Regional discovery index; verify individual credentials.,Varies,Varies,JA,Unknown,Varies,Varies,Varies,https://www.google.com/search?q=Japan+official+technical+certification,C,Не начато,Regional source index,2026-08-31,,curated,discovery
GEO-fb61c8a8,Netherlands,Regional technical credential sources,Netherlands technical certification & credential sources,regional-source,Cross-domain,Semiconductors;Logistics;Engineering,catalog,⚠️ verify current offer,Regional discovery index; verify individual credentials.,Varies,Varies,NL,Unknown,Varies,Varies,Varies,https://www.google.com/search?q=Netherlands+official+technical+certification,C,Не начато,Regional source index,2026-08-31,,curated,discovery
GEO-6f49c311,Saudi Arabia,Regional technical credential sources,Saudi Arabia technical certification & credential sources,regional-source,Cross-domain,AI;Cloud;Cybersecurity,catalog,⚠️ verify current offer,Regional discovery index; verify individual credentials.,Varies,Varies,AR/EN,Unknown,Varies,Varies,Varies,https://www.google.com/search?q=Saudi+Arabia+official+technical+certification,C,Не начато,Regional source index,2026-08-31,,curated,discovery
GEO-20c0b7bd,Singapore,Regional technical credential sources,Singapore technical certification & credential sources,regional-source,Cross-domain,AI;Cloud;Cybersecurity,catalog,⚠️ verify current offer,Regional discovery index; verify individual credentials.,Varies,Varies,EN/ZH,Unknown,Varies,Varies,Varies,https://www.google.com/search?q=Singapore+official+technical+certification,C,Не начато,Regional source index,2026-08-31,,curated,discovery
GEO-04653e65,South Korea,Regional technical credential sources,South Korea technical certification & credential sources,regional-source,Cross-domain,Semiconductors;Electronics;Telecom;Manufacturing,catalog,⚠️ verify current offer,Regional discovery index; verify individual credentials.,Varies,Varies,KO,Unknown,Varies,Varies,Varies,https://www.google.com/search?q=South+Korea+official+technical+certification,C,Не начато,Regional source index,2026-08-31,,curated,discovery
GEO-20a8df9b,Spain,Regional technical credential sources,Spain technical certification & credential sources,regional-source,Cross-domain,Telecom;Renewables;Engineering,catalog,⚠️ verify current offer,Regional discovery index; verify individual credentials.,Varies,Varies,ES,Unknown,Varies,Varies,Varies,https://www.google.com/search?q=Spain+official+technical+certification,C,Не начато,Regional source index,2026-08-31,,curated,discovery
GEO-72ddd2b6,Sweden,Regional technical credential sources,Sweden technical certification & credential sources,regional-source,Cross-domain,Telecom;Cloud;Automation,catalog,⚠️ verify current offer,Regional discovery index; verify individual credentials.,Varies,Varies,SV,Unknown,Varies,Varies,Varies,https://www.google.com/search?q=Sweden+official+technical+certification,C,Не начато,Regional source index,2026-08-31,,curated,discovery
GEO-77dcd849,Switzerland,Regional technical credential sources,Switzerland technical certification & credential sources,regional-source,Cross-domain,Standards;Electronics;Engineering,catalog,⚠️ verify current offer,Regional discovery index; verify individual credentials.,Varies,Varies,DE/FR/IT,Unknown,Varies,Varies,Varies,https://www.google.com/search?q=Switzerland+official+technical+certification,C,Не начато,Regional source index,2026-08-31,,curated,discovery
GEO-d115b8d5,United Arab Emirates,Regional technical credential sources,United Arab Emirates technical certification & credential sources,regional-source,Cross-domain,AI;Cloud;Energy,catalog,⚠️ verify current offer,Regional discovery index; verify individual credentials.,Varies,Varies,AR/EN,Unknown,Varies,Varies,Varies,https://www.google.com/search?q=United+Arab+Emirates+official+technical+certification,C,Не начато,Regional source index,2026-08-31,,curated,discovery
SRCX-00aa67cd40f3,Global,Apache Kafka,Apache Kafka — Cyber-Physical Systems source & credential directory,source-watch,Cyber-Physical Systems,Cyber-Physical Systems,catalog,⚠️ verify current offer,"Monitoring record, not a certificate claim. Verify the current official credential/course and price before calling it free.",Varies,Varies,Provider-dependent,Unknown,Varies,Provider-dependent,Varies,https://kafka.apache.org/,C,Не начато,Source watch — auto review,2026-08-31,,curated,discovery
SRCX-0001266ed52f,United Kingdom,Arm,Arm — Cyber-Physical Systems source & credential directory,source-watch,Cyber-Physical Systems,Cyber-Physical Systems,catalog,⚠️ verify current offer,"Monitoring record, not a certificate claim. Verify the current official credential/course and price before calling it free.",Varies,Varies,Provider-dependent,Unknown,Varies,Provider-dependent,Varies,https://learn.arm.com/,C,Не начато,Source watch — auto review,2026-08-31,,curated,discovery
SRCX-00e8ba333f60,United States,AWS,AWS — Cyber-Physical Systems source & credential directory,source-watch,Cyber-Physical Systems,Cyber-Physical Systems,catalog,⚠️ verify current offer,"Monitoring record, not a certificate claim. Verify the current official credential/course and price before calling it free.",Varies,Varies,Provider-dependent,Unknown,Varies,Provider-dependent,Varies,https://aws.amazon.com/training/,C,Не начато,Source watch — auto review,2026-08-31,,curated,discovery
SRCX-02af1ca738ad,Germany,Bosch Rexroth,Bosch Rexroth — Cyber-Physical Systems source & credential directory,source-watch,Cyber-Physical Systems,Cyber-Physical Systems,catalog,⚠️ verify current offer,"Monitoring record, not a certificate claim. Verify the current official credential/course and price before calling it free.",Varies,Varies,Provider-dependent,Unknown,Varies,Provider-dependent,Varies,https://www.boschrexroth.com/en/xc/training/,C,Не начато,Source watch — auto review,2026-08-31,,curated,discovery
SRCX-061ddcc34c09,United States,Confluent,Confluent — Cyber-Physical Systems source & credential directory,source-watch,Cyber-Physical Systems,Cyber-Physical Systems,catalog,⚠️ verify current offer,"Monitoring record, not a certificate claim. Verify the current official credential/course and price before calling it free.",Varies,Varies,Provider-dependent,Unknown,Varies,Provider-dependent,Varies,https://developer.confluent.io/,C,Не начато,Source watch — auto review,2026-08-31,,curated,discovery
SRCX-069644090eb1,United States,Esri,Esri — Cyber-Physical Systems source & credential directory,source-watch,Cyber-Physical Systems,Cyber-Physical Systems,catalog,⚠️ verify current offer,"Monitoring record, not a certificate claim. Verify the current official credential/course and price before calling it free.",Varies,Varies,Provider-dependent,Unknown,Varies,Provider-dependent,Varies,https://www.esri.com/training/,C,Не начато,Source watch — auto review,2026-08-31,,curated,discovery
SRCX-06bdd43114ce,European Union,EU Academy,EU Academy — Cyber-Physical Systems source & credential directory,source-watch,Cyber-Physical Systems,Cyber-Physical Systems,catalog,⚠️ verify current offer,"Monitoring record, not a certificate claim. Verify the current official credential/course and price before calling it free.",Varies,Varies,Provider-dependent,Unknown,Varies,Provider-dependent,Varies,https://academy.europa.eu/,C,Не начато,Source watch — auto review,2026-08-31,,curated,discovery
SRCX-0ed90f2f5d0c,Germany,Infineon,Infineon — Cyber-Physical Systems source & credential directory,source-watch,Cyber-Physical Systems,Cyber-Physical Systems,catalog,⚠️ verify current offer,"Monitoring record, not a certificate claim. Verify the current official credential/course and price before calling it free.",Varies,Varies,Provider-dependent,Unknown,Varies,Provider-dependent,Varies,https://www.infineon.com/cms/en/training/,C,Не начато,Source watch — auto review,2026-08-31,,curated,discovery
SRCX-15277f75cb0d,United States,Khan Academy,Khan Academy — Cyber-Physical Systems source & credential directory,source-watch,Cyber-Physical Systems,Cyber-Physical Systems,catalog,⚠️ verify current offer,"Monitoring record, not a certificate claim. Verify the current official credential/course and price before calling it free.",Varies,Varies,Provider-dependent,Unknown,Varies,Provider-dependent,Varies,https://www.khanacademy.org/,C,Не начато,Source watch — auto review,2026-08-31,,curated,discovery
SRCX-0cf2bab4b1e6,Germany,Phoenix Contact,Phoenix Contact — Cyber-Physical Systems source & credential directory,source-watch,Cyber-Physical Systems,Cyber-Physical Systems,catalog,⚠️ verify current offer,"Monitoring record, not a certificate claim. Verify the current official credential/course and price before calling it free.",Varies,Varies,Provider-dependent,Unknown,Varies,Provider-dependent,Varies,https://www.phoenixcontact.com/en-pc/training,C,Не начато,Source watch — auto review,2026-08-31,,curated,discovery
SRCX-02b34337e8a1,United States,Postman,Postman — Cyber-Physical Systems source & credential directory,source-watch,Cyber-Physical Systems,Cyber-Physical Systems,catalog,⚠️ verify current offer,"Monitoring record, not a certificate claim. Verify the current official credential/course and price before calling it free.",Varies,Varies,Provider-dependent,Unknown,Varies,Provider-dependent,Varies,https://academy.postman.com/,C,Не начато,Source watch — auto review,2026-08-31,,curated,discovery
SRCX-05c28216cfcb,United States,Scrum Alliance,Scrum Alliance — Cyber-Physical Systems source & credential directory,source-watch,Cyber-Physical Systems,Cyber-Physical Systems,catalog,⚠️ verify current offer,"Monitoring record, not a certificate claim. Verify the current official credential/course and price before calling it free.",Varies,Varies,Provider-dependent,Unknown,Varies,Provider-dependent,Varies,https://www.scrumalliance.org/get-certified,C,Не начато,Source watch — auto review,2026-08-31,,curated,discovery
SRCX-145068a6c90b,Russia,Stepik,Stepik — Cyber-Physical Systems source & credential directory,source-watch,Cyber-Physical Systems,Cyber-Physical Systems,catalog,⚠️ verify current offer,"Monitoring record, not a certificate claim. Verify the current official credential/course and price before calling it free.",Varies,Varies,Provider-dependent,Unknown,Varies,Provider-dependent,Varies,https://stepik.org/,C,Не начато,Source watch — auto review,2026-08-31,,curated,discovery
SRCX-04f5a6758e63,Global,The Carpentries,The Carpentries — Cyber-Physical Systems source & credential directory,source-watch,Cyber-Physical Systems,Cyber-Physical Systems,catalog,⚠️ verify current offer,"Monitoring record, not a certificate claim. Verify the current official credential/course and price before calling it free.",Varies,Varies,Provider-dependent,Unknown,Varies,Provider-dependent,Varies,https://carpentries.org/workshops/,C,Не начато,Source watch — auto review,2026-08-31,,curated,discovery
SRCX-002fc8c9b4ef,United States,Ansible,Ansible — Cybersecurity source & credential directory,source-watch,Cybersecurity,Cybersecurity,catalog,⚠️ verify current offer,"Monitoring record, not a certificate claim. Verify the current official credential/course and price before calling it free.",Varies,Varies,Provider-dependent,Unknown,Varies,Provider-dependent,Varies,https://www.ansible.com/,C,Не начато,Source watch — auto review,2026-08-31,,curated,discovery
SRCX-010a222204f6,United States,ASQ,ASQ — Cybersecurity source & credential directory,source-watch,Cybersecurity,Cybersecurity,catalog,⚠️ verify current offer,"Monitoring record, not a certificate claim. Verify the current official credential/course and price before calling it free.",Varies,Varies,Provider-dependent,Unknown,Varies,Provider-dependent,Varies,https://asq.org/training,C,Не начато,Source watch — auto review,2026-08-31,,curated,discovery
SRCX-08b337cf65b6,United Kingdom,BSI,BSI — Cybersecurity source & credential directory,source-watch,Cybersecurity,Cybersecurity,catalog,⚠️ verify current offer,"Monitoring record, not a certificate claim. Verify the current official credential/course and price before calling it free.",Varies,Varies,Provider-dependent,Unknown,Varies,Provider-dependent,Varies,https://www.bsigroup.com/,C,Не начато,Source watch — auto review,2026-08-31,,curated,discovery
SRCX-127c3c69bf54,Global,edX,edX — Cybersecurity source & credential directory,source-watch,Cybersecurity,Cybersecurity,catalog,⚠️ verify current offer,"Monitoring record, not a certificate claim. Verify the current official credential/course and price before calling it free.",Varies,Varies,Provider-dependent,Unknown,Varies,Provider-dependent,Varies,https://www.edx.org/,C,Не начато,Source watch — auto review,2026-08-31,,curated,discovery
SRCX-06d1af190fc5,United States,Google for Developers,Google for Developers — Cybersecurity source & credential directory,source-watch,Cybersecurity,Cybersecurity,catalog,⚠️ verify current offer,"Monitoring record, not a certificate claim. Verify the current official credential/course and price before calling it free.",Varies,Varies,Provider-dependent,Unknown,Varies,Provider-dependent,Varies,https://developers.google.com/profile/badges,C,Не начато,Source watch — auto review,2026-08-31,,curated,discovery
SRCX-02c144772c1b,Switzerland,IEC,IEC — Cybersecurity source & credential directory,source-watch,Cybersecurity,Cybersecurity,catalog,⚠️ verify current offer,"Monitoring record, not a certificate claim. Verify the current official credential/course and price before calling it free.",Varies,Varies,Provider-dependent,Unknown,Varies,Provider-dependent,Varies,https://www.iec.ch/,C,Не начато,Source watch — auto review,2026-08-31,,curated,discovery
SRCX-1206174675a8,Switzerland,ISO,ISO — Cybersecurity source & credential directory,source-watch,Cybersecurity,Cybersecurity,catalog,⚠️ verify current offer,"Monitoring record, not a certificate claim. Verify the current official credential/course and price before calling it free.",Varies,Varies,Provider-dependent,Unknown,Varies,Provider-dependent,Varies,https://www.iso.org/training.html,C,Не начато,Source watch — auto review,2026-08-31,,curated,discovery
SRCX-10d2a4654d13,United States,JFrog Academy,JFrog Academy — Cybersecurity source & credential directory,source-watch,Cybersecurity,Cybersecurity,catalog,⚠️ verify current offer,"Monitoring record, not a certificate claim. Verify the current official credential/course and price before calling it free.",Varies,Varies,Provider-dependent,Unknown,Varies,Provider-dependent,Varies,https://academy.jfrog.com/,C,Не начато,Source watch — auto review,2026-08-31,,curated,discovery
SRCX-030e7b614e50,United States,Microchip Technology,Microchip Technology — Cybersecurity source & credential directory,source-watch,Cybersecurity,Cybersecurity,catalog,⚠️ verify current offer,"Monitoring record, not a certificate claim. Verify the current official credential/course and price before calling it free.",Varies,Varies,Provider-dependent,Unknown,Varies,Provider-dependent,Varies,https://www.microchip.com/en-us/training,C,Не начато,Source watch — auto review,2026-08-31,,curated,discovery
SRCX-08576e28d8dc,United Kingdom,National Physical Laboratory,National Physical Laboratory — Cybersecurity source & credential directory,source-watch,Cybersecurity,Cybersecurity,catalog,⚠️ verify current offer,"Monitoring record, not a certificate claim. Verify the current official credential/course and price before calling it free.",Varies,Varies,Provider-dependent,Unknown,Varies,Provider-dependent,Varies,https://www.npl.co.uk/education-training,C,Не начато,Source watch — auto review,2026-08-31,,curated,discovery
SRCX-0e04c92897d7,United States,NIST,NIST — Cybersecurity source & credential directory,source-watch,Cybersecurity,Cybersecurity,catalog,⚠️ verify current offer,"Monitoring record, not a certificate claim. Verify the current official credential/course and price before calling it free.",Varies,Varies,Provider-dependent,Unknown,Varies,Provider-dependent,Varies,https://www.nist.gov/,C,Не начато,Source watch — auto review,2026-08-31,,curated,discovery
SRCX-05ea5bfc405a,Global,NumPy,NumPy — Cybersecurity source & credential directory,source-watch,Cybersecurity,Cybersecurity,catalog,⚠️ verify current offer,"Monitoring record, not a certificate claim. Verify the current official credential/course and price before calling it free.",Varies,Varies,Provider-dependent,Unknown,Varies,Provider-dependent,Varies,https://numpy.org/,C,Не начато,Source watch — auto review,2026-08-31,,curated,discovery
SRCX-10028d35e164,Global,OpenSSF,OpenSSF — Cybersecurity source & credential directory,source-watch,Cybersecurity,Cybersecurity,catalog,⚠️ verify current offer,"Monitoring record, not a certificate claim. Verify the current official credential/course and price before calling it free.",Varies,Varies,Provider-dependent,Unknown,Varies,Provider-dependent,Varies,https://openssf.org/,C,Не начато,Source watch — auto review,2026-08-31,,curated,discovery
SRCX-00966fd4ff66,United Kingdom,Raspberry Pi Foundation,Raspberry Pi Foundation — Cybersecurity source & credential directory,source-watch,Cybersecurity,Cybersecurity,catalog,⚠️ verify current offer,"Monitoring record, not a certificate claim. Verify the current official credential/course and price before calling it free.",Varies,Varies,Provider-dependent,Unknown,Varies,Provider-dependent,Varies,https://training-hub.raspberrypi.org/,C,Не начато,Source watch — auto review,2026-08-31,,curated,discovery
SRCX-01cce48b42eb,United States,Rockwell Automation,Rockwell Automation — Cybersecurity source & credential directory,source-watch,Cybersecurity,Cybersecurity,catalog,⚠️ verify current offer,"Monitoring record, not a certificate claim. Verify the current official credential/course and price before calling it free.",Varies,Varies,Provider-dependent,Unknown,Varies,Provider-dependent,Varies,https://www.rockwellautomation.com/en-us/services/training.html,C,Не начато,Source watch — auto review,2026-08-31,,curated,discovery
SRCX-0a3787d178c2,Germany,Siemens,Siemens — Cybersecurity source & credential directory,source-watch,Cybersecurity,Cybersecurity,catalog,⚠️ verify current offer,"Monitoring record, not a certificate claim. Verify the current official credential/course and price before calling it free.",Varies,Varies,Provider-dependent,Unknown,Varies,Provider-dependent,Varies,https://www.siemens.com/training,C,Не начато,Source watch — auto review,2026-08-31,,curated,discovery
SRCX-02d74493af4d,Global,SLSA,SLSA — Cybersecurity source & credential directory,source-watch,Cybersecurity,Cybersecurity,catalog,⚠️ verify current offer,"Monitoring record, not a certificate claim. Verify the current official credential/course and price before calling it free.",Varies,Varies,Provider-dependent,Unknown,Varies,Provider-dependent,Varies,https://slsa.dev/,C,Не начато,Source watch — auto review,2026-08-31,,curated,discovery
SRCX-05fa3bee5a09,United States,ASQ,ASQ — DSP source & credential directory,source-watch,DSP,DSP,catalog,⚠️ verify current offer,"Monitoring record, not a certificate claim. Verify the current official credential/course and price before calling it free.",Varies,Varies,Provider-dependent,Unknown,Varies,Provider-dependent,Varies,https://asq.org/training,C,Не начато,Source watch — auto review,2026-08-31,,curated,discovery
SRCX-02e2951f3556,United States,Cadence,Cadence — DSP source & credential directory,source-watch,DSP,DSP,catalog,⚠️ verify current offer,"Monitoring record, not a certificate claim. Verify the current official credential/course and price before calling it free.",Varies,Varies,Provider-dependent,Unknown,Varies,Provider-dependent,Varies,https://www.cadence.com/,C,Не начато,Source watch — auto review,2026-08-31,,curated,discovery
SRCX-00be41893825,France,Dassault Systèmes,Dassault Systèmes — DSP source & credential directory,source-watch,DSP,DSP,catalog,⚠️ verify current offer,"Monitoring record, not a certificate claim. Verify the current official credential/course and price before calling it free.",Varies,Varies,Provider-dependent,Unknown,Varies,Provider-dependent,Varies,https://www.3ds.com/education/,C,Не начато,Source watch — auto review,2026-08-31,,curated,discovery
SRCX-0fcdf5bffae5,United States,Datadog,Datadog — DSP source & credential directory,source-watch,DSP,DSP,catalog,⚠️ verify current offer,"Monitoring record, not a certificate claim. Verify the current official credential/course and price before calling it free.",Varies,Varies,Provider-dependent,Unknown,Varies,Provider-dependent,Varies,https://learn.datadoghq.com/,C,Не начато,Source watch — auto review,2026-08-31,,curated,discovery
SRCX-0b7e88dbe6f6,European Union,EIT Digital,EIT Digital — DSP source & credential directory,source-watch,DSP,DSP,catalog,⚠️ verify current offer,"Monitoring record, not a certificate claim. Verify the current official credential/course and price before calling it free.",Varies,Varies,Provider-dependent,Unknown,Varies,Provider-dependent,Varies,https://www.eitdigital.eu/,C,Не начато,Source watch — auto review,2026-08-31,,curated,discovery
SRCX-0ea2fc4feab6,Global,Hyperledger,Hyperledger — DSP source & credential directory,source-watch,DSP,DSP,catalog,⚠️ verify current offer,"Monitoring record, not a certificate claim. Verify the current official credential/course and price before calling it free.",Varies,Varies,Provider-dependent,Unknown,Varies,Provider-dependent,Varies,https://www.hyperledger.org/learn,C,Не начато,Source watch — auto review,2026-08-31,,curated,discovery
SRCX-028d930101b4,United States,IPC,IPC — DSP source & credential directory,source-watch,DSP,DSP,catalog,⚠️ verify current offer,"Monitoring record, not a certificate claim. Verify the current official credential/course and price before calling it free.",Varies,Varies,Provider-dependent,Unknown,Varies,Provider-dependent,Varies,https://www.ipc.org/training,C,Не начато,Source watch — auto review,2026-08-31,,curated,discovery
SRCX-00fe298c4d24,Switzerland,ISO,ISO — DSP source & credential directory,source-watch,DSP,DSP,catalog,⚠️ verify current offer,"Monitoring record, not a certificate claim. Verify the current official credential/course and price before calling it free.",Varies,Varies,Provider-dependent,Unknown,Varies,Provider-dependent,Varies,https://www.iso.org/training.html,C,Не начато,Source watch — auto review,2026-08-31,,curated,discovery
SRCX-08e6291ac109,Russia,Kaspersky,Kaspersky — DSP source & credential directory,source-watch,DSP,DSP,catalog,⚠️ verify current offer,"Monitoring record, not a certificate claim. Verify the current official credential/course and price before calling it free.",Varies,Varies,Provider-dependent,Unknown,Varies,Provider-dependent,Varies,https://certification.kaspersky.com/,C,Не начато,Source watch — auto review,2026-08-31,,curated,discovery
SRCX-11ef9ec041fc,United States,Keysight Technologies,Keysight Technologies — DSP source & credential directory,source-watch,DSP,DSP,catalog,⚠️ verify current offer,"Monitoring record, not a certificate claim. Verify the current official credential/course and price before calling it free.",Varies,Varies,Provider-dependent,Unknown,Varies,Provider-dependent,Varies,https://www.keysight.com/us/en/learn.html,C,Не начато,Source watch — auto review,2026-08-31,,curated,discovery
SRCX-15b9857b7d33,United States,New Relic,New Relic — DSP source & credential directory,source-watch,DSP,DSP,catalog,⚠️ verify current offer,"Monitoring record, not a certificate claim. Verify the current official credential/course and price before calling it free.",Varies,Varies,Provider-dependent,Unknown,Varies,Provider-dependent,Varies,https://learn.newrelic.com/,C,Не начато,Source watch — auto review,2026-08-31,,curated,discovery
SRCX-017b0b6dc0d2,Netherlands,NXP Semiconductors,NXP Semiconductors — DSP source & credential directory,source-watch,DSP,DSP,catalog,⚠️ verify current offer,"Monitoring record, not a certificate claim. Verify the current official credential/course and price before calling it free.",Varies,Varies,Provider-dependent,Unknown,Varies,Provider-dependent,Varies,https://www.nxp.com/design/training:TRAINING,C,Не начато,Source watch — auto review,2026-08-31,,curated,discovery
SRCX-10e60b8a9e81,United Kingdom,OpenLearn,OpenLearn — DSP source & credential directory,source-watch,DSP,DSP,catalog,⚠️ verify current offer,"Monitoring record, not a certificate claim. Verify the current official credential/course and price before calling it free.",Varies,Varies,Provider-dependent,Unknown,Varies,Provider-dependent,Varies,https://www.open.edu/openlearn/,C,Не начато,Source watch — auto review,2026-08-31,,curated,discovery
SRCX-06d8a71aecbd,Global,OpenSSF,OpenSSF — DSP source & credential directory,source-watch,DSP,DSP,catalog,⚠️ verify current offer,"Monitoring record, not a certificate claim. Verify the current official credential/course and price before calling it free.",Varies,Varies,Provider-dependent,Unknown,Varies,Provider-dependent,Varies,https://openssf.org/,C,Не начато,Source watch — auto review,2026-08-31,,curated,discovery
SRCX-0e123019bde4,Germany,Phoenix Contact,Phoenix Contact — DSP source & credential directory,source-watch,DSP,DSP,catalog,⚠️ verify current offer,"Monitoring record, not a certificate claim. Verify the current official credential/course and price before calling it free.",Varies,Varies,Provider-dependent,Unknown,Varies,Provider-dependent,Varies,https://www.phoenixcontact.com/en-pc/training,C,Не начато,Source watch — auto review,2026-08-31,,curated,discovery
SRCX-11c975bc0e01,United States,PyTorch,PyTorch — DSP source & credential directory,source-watch,DSP,DSP,catalog,⚠️ verify current offer,"Monitoring record, not a certificate claim. Verify the current official credential/course and price before calling it free.",Varies,Varies,Provider-dependent,Unknown,Varies,Provider-dependent,Varies,https://pytorch.org/,C,Не начато,Source watch — auto review,2026-08-31,,curated,discovery
SRCX-1433d6d31a10,Global,QGIS,QGIS — DSP source & credential directory,source-watch,DSP,DSP,catalog,⚠️ verify current offer,"Monitoring record, not a certificate claim. Verify the current official credential/course and price before calling it free.",Varies,Varies,Provider-dependent,Unknown,Varies,Provider-dependent,Varies,https://www.qgis.org/en/site/forusers/trainingmaterial/,C,Не начато,Source watch — auto review,2026-08-31,,curated,discovery
SRCX-0e91f8a3bc63,United States,Sentry,Sentry — DSP source & credential directory,source-watch,DSP,DSP,catalog,⚠️ verify current offer,"Monitoring record, not a certificate claim. Verify the current official credential/course and price before calling it free.",Varies,Varies,Provider-dependent,Unknown,Varies,Provider-dependent,Varies,https://sentry.io/resources/,C,Не начато,Source watch — auto review,2026-08-31,,curated,discovery
SRCX-1266cdd51c67,United States,Silicon Labs,Silicon Labs — DSP source & credential directory,source-watch,DSP,DSP,catalog,⚠️ verify current offer,"Monitoring record, not a certificate claim. Verify the current official credential/course and price before calling it free.",Varies,Varies,Provider-dependent,Unknown,Varies,Provider-dependent,Varies,https://www.silabs.com/training,C,Не начато,Source watch — auto review,2026-08-31,,curated,discovery
SRCX-07f8a856a3f6,Switzerland,STMicroelectronics,STMicroelectronics — DSP source & credential directory,source-watch,DSP,DSP,catalog,⚠️ verify current offer,"Monitoring record, not a certificate claim. Verify the current official credential/course and price before calling it free.",Varies,Varies,Provider-dependent,Unknown,Varies,Provider-dependent,Varies,https://www.st.com/content/st_com/en/about/training.html,C,Не начато,Source watch — auto review,2026-08-31,,curated,discovery
SRCX-05b1b801077d,United States,Tektronix,Tektronix — DSP source & credential directory,source-watch,DSP,DSP,catalog,⚠️ verify current offer,"Monitoring record, not a certificate claim. Verify the current official credential/course and price before calling it free.",Varies,Varies,Provider-dependent,Unknown,Varies,Provider-dependent,Varies,https://www.tek.com/en/learning,C,Не начато,Source watch — auto review,2026-08-31,,curated,discovery
SRCX-049dd74103d6,Global,The Carpentries,The Carpentries — DSP source & credential directory,source-watch,DSP,DSP,catalog,⚠️ verify current offer,"Monitoring record, not a certificate claim. Verify the current official credential/course and price before calling it free.",Varies,Varies,Provider-dependent,Unknown,Varies,Provider-dependent,Varies,https://carpentries.org/workshops/,C,Не начато,Source watch — auto review,2026-08-31,,curated,discovery
SRCX-007aa389d82c,Switzerland,ABB,ABB — Data Analytics source & credential directory,source-watch,Data Analytics,Data Analytics,catalog,⚠️ verify current offer,"Monitoring record, not a certificate claim. Verify the current official credential/course and price before calling it free.",Varies,Varies,Provider-dependent,Unknown,Varies,Provider-dependent,Varies,https://new.abb.com/service/training,C,Не начато,Source watch — auto review,2026-08-31,,curated,discovery
SRCX-095f71e451c0,United States,Docker,Docker — Data Analytics source & credential directory,source-watch,Data Analytics,Data Analytics,catalog,⚠️ verify current offer,"Monitoring record, not a certificate claim. Verify the current official credential/course and price before calling it free.",Varies,Varies,Provider-dependent,Unknown,Varies,Provider-dependent,Varies,https://www.docker.com/education/,C,Не начато,Source watch — auto review,2026-08-31,,curated,discovery
SRCX-112ce5669567,Global,Eclipse Foundation,Eclipse Foundation — Data Analytics source & credential directory,source-watch,Data Analytics,Data Analytics,catalog,⚠️ verify current offer,"Monitoring record, not a certificate claim. Verify the current official credential/course and price before calling it free.",Varies,Varies,Provider-dependent,Unknown,Varies,Provider-dependent,Varies,https://www.eclipse.org/org/workinggroups/,C,Не начато,Source watch — auto review,2026-08-31,,curated,discovery
SRCX-10b0c3c2b29d,European Union,EIT Digital,EIT Digital — Data Analytics source & credential directory,source-watch,Data Analytics,Data Analytics,catalog,⚠️ verify current offer,"Monitoring record, not a certificate claim. Verify the current official credential/course and price before calling it free.",Varies,Varies,Provider-dependent,Unknown,Varies,Provider-dependent,Varies,https://www.eitdigital.eu/,C,Не начато,Source watch — auto review,2026-08-31,,curated,discovery
SRCX-0cc0442c5e75,United States,Elastic,Elastic — Data Analytics source & credential directory,source-watch,Data Analytics,Data Analytics,catalog,⚠️ verify current offer,"Monitoring record, not a certificate claim. Verify the current official credential/course and price before calling it free.",Varies,Varies,Provider-dependent,Unknown,Varies,Provider-dependent,Varies,https://www.elastic.co/training/,C,Не начато,Source watch — auto review,2026-08-31,,curated,discovery
SRCX-0e8268e66203,Europe,ESA,ESA — Data Analytics source & credential directory,source-watch,Data Analytics,Data Analytics,catalog,⚠️ verify current offer,"Monitoring record, not a certificate claim. Verify the current official credential/course and price before calling it free.",Varies,Varies,Provider-dependent,Unknown,Varies,Provider-dependent,Varies,https://learningzone.esa.int/,C,Не начато,Source watch — auto review,2026-08-31,,curated,discovery
SRCX-03e2ad46bc53,United Kingdom,FutureLearn,FutureLearn — Data Analytics source & credential directory,source-watch,Data Analytics,Data Analytics,catalog,⚠️ verify current offer,"Monitoring record, not a certificate claim. Verify the current official credential/course and price before calling it free.",Varies,Varies,Provider-dependent,Unknown,Varies,Provider-dependent,Varies,https://www.futurelearn.com/,C,Не начато,Source watch — auto review,2026-08-31,,curated,discovery
SRCX-020e26699cfd,Global,ISC2,ISC2 — Data Analytics source & credential directory,source-watch,Data Analytics,Data Analytics,catalog,⚠️ verify current offer,"Monitoring record, not a certificate claim. Verify the current official credential/course and price before calling it free.",Varies,Varies,Provider-dependent,Unknown,Varies,Provider-dependent,Varies,https://www.isc2.org/certifications,C,Не начато,Source watch — auto review,2026-08-31,,curated,discovery
SRCX-01e4e36d5323,United States,JFrog Academy,JFrog Academy — Data Analytics source & credential directory,source-watch,Data Analytics,Data Analytics,catalog,⚠️ verify current offer,"Monitoring record, not a certificate claim. Verify the current official credential/course and price before calling it free.",Varies,Varies,Provider-dependent,Unknown,Varies,Provider-dependent,Varies,https://academy.jfrog.com/,C,Не начато,Source watch — auto review,2026-08-31,,curated,discovery
SRCX-0c2f08fb45e6,Taiwan,MediaTek,MediaTek — Data Analytics source & credential directory,source-watch,Data Analytics,Data Analytics,catalog,⚠️ verify current offer,"Monitoring record, not a certificate claim. Verify the current official credential/course and price before calling it free.",Varies,Varies,Provider-dependent,Unknown,Varies,Provider-dependent,Varies,https://corp.mediatek.com/,C,Не начато,Source watch — auto review,2026-08-31,,curated,discovery
SRCX-04b89333ec84,United States,Netlify,Netlify — Data Analytics source & credential directory,source-watch,Data Analytics,Data Analytics,catalog,⚠️ verify current offer,"Monitoring record, not a certificate claim. Verify the current official credential/course and price before calling it free.",Varies,Varies,Provider-dependent,Unknown,Varies,Provider-dependent,Varies,https://www.netlify.com/learn/,C,Не начато,Source watch — auto review,2026-08-31,,curated,discovery
SRCX-0876175122ac,United States,New Relic,New Relic — Data Analytics source & credential directory,source-watch,Data Analytics,Data Analytics,catalog,⚠️ verify current offer,"Monitoring record, not a certificate claim. Verify the current official credential/course and price before calling it free.",Varies,Varies,Provider-dependent,Unknown,Varies,Provider-dependent,Varies,https://learn.newrelic.com/,C,Не начато,Source watch — auto review,2026-08-31,,curated,discovery
SRCX-14dc0ed5edc2,Global,pandas,pandas — Data Analytics source & credential directory,source-watch,Data Analytics,Data Analytics,catalog,⚠️ verify current offer,"Monitoring record, not a certificate claim. Verify the current official credential/course and price before calling it free.",Varies,Varies,Provider-dependent,Unknown,Varies,Provider-dependent,Varies,https://pandas.pydata.org/,C,Не начато,Source watch — auto review,2026-08-31,,curated,discovery
SRCX-003da7b494fa,Global,Prometheus,Prometheus — Data Analytics source & credential directory,source-watch,Data Analytics,Data Analytics,catalog,⚠️ verify current offer,"Monitoring record, not a certificate claim. Verify the current official credential/course and price before calling it free.",Varies,Varies,Provider-dependent,Unknown,Varies,Provider-dependent,Varies,https://prometheus.io/,C,Не начато,Source watch — auto review,2026-08-31,,curated,discovery
SRCX-1278f3baaa10,United States,Qualcomm,Qualcomm — Data Analytics source & credential directory,source-watch,Data Analytics,Data Analytics,catalog,⚠️ verify current offer,"Monitoring record, not a certificate claim. Verify the current official credential/course and price before calling it free.",Varies,Varies,Provider-dependent,Unknown,Varies,Provider-dependent,Varies,https://www.qualcomm.com/developer,C,Не начато,Source watch — auto review,2026-08-31,,curated,discovery
SRCX-04b2b355f528,Switzerland,STMicroelectronics,STMicroelectronics — Data Analytics source & credential directory,source-watch,Data Analytics,Data Analytics,catalog,⚠️ verify current offer,"Monitoring record, not a certificate claim. Verify the current official credential/course and price before calling it free.",Varies,Varies,Provider-dependent,Unknown,Varies,Provider-dependent,Varies,https://www.st.com/content/st_com/en/about/training.html,C,Не начато,Source watch — auto review,2026-08-31,,curated,discovery
SRCX-00f0d39568b1,Switzerland,Web3 Foundation,Web3 Foundation — Data Analytics source & credential directory,source-watch,Data Analytics,Data Analytics,catalog,⚠️ verify current offer,"Monitoring record, not a certificate claim. Verify the current official credential/course and price before calling it free.",Varies,Varies,Provider-dependent,Unknown,Varies,Provider-dependent,Varies,https://web3.foundation/,C,Не начато,Source watch — auto review,2026-08-31,,curated,discovery
SRCX-0aee0fc616b5,United States,Akamai,Akamai — Data Engineering source & credential directory,source-watch,Data Engineering,Data Engineering,catalog,⚠️ verify current offer,"Monitoring record, not a certificate claim. Verify the current official credential/course and price before calling it free.",Varies,Varies,Provider-dependent,Unknown,Varies,Provider-dependent,Varies,https://www.akamai.com/learn,C,Не начато,Source watch — auto review,2026-08-31,,curated,discovery
SRCX-0fac0859718f,Germany,Bosch Rexroth,Bosch Rexroth — Data Engineering source & credential directory,source-watch,Data Engineering,Data Engineering,catalog,⚠️ verify current offer,"Monitoring record, not a certificate claim. Verify the current official credential/course and price before calling it free.",Varies,Varies,Provider-dependent,Unknown,Varies,Provider-dependent,Varies,https://www.boschrexroth.com/en/xc/training/,C,Не начато,Source watch — auto review,2026-08-31,,curated,discovery
SRCX-064c94788a25,Global,Eclipse Foundation,Eclipse Foundation — Data Engineering source & credential directory,source-watch,Data Engineering,Data Engineering,catalog,⚠️ verify current offer,"Monitoring record, not a certificate claim. Verify the current official credential/course and price before calling it free.",Varies,Varies,Provider-dependent,Unknown,Varies,Provider-dependent,Varies,https://www.eclipse.org/org/workinggroups/,C,Не начато,Source watch — auto review,2026-08-31,,curated,discovery
SRCX-0cb798833a53,European Union,EIT Climate-KIC,EIT Climate-KIC — Data Engineering source & credential directory,source-watch,Data Engineering,Data Engineering,catalog,⚠️ verify current offer,"Monitoring record, not a certificate claim. Verify the current official credential/course and price before calling it free.",Varies,Varies,Provider-dependent,Unknown,Varies,Provider-dependent,Varies,https://www.climate-kic.org/,C,Не начато,Source watch — auto review,2026-08-31,,curated,discovery
SRCX-05163ba09938,Sweden,Grafana Labs,Grafana Labs — Data Engineering source & credential directory,source-watch,Data Engineering,Data Engineering,catalog,⚠️ verify current offer,"Monitoring record, not a certificate claim. Verify the current official credential/course and price before calling it free.",Varies,Varies,Provider-dependent,Unknown,Varies,Provider-dependent,Varies,https://grafana.com/training/,C,Не начато,Source watch — auto review,2026-08-31,,curated,discovery
SRCX-10f5c4cfb753,United States,JFrog Academy,JFrog Academy — Data Engineering source & credential directory,source-watch,Data Engineering,Data Engineering,catalog,⚠️ verify current offer,"Monitoring record, not a certificate claim. Verify the current official credential/course and price before calling it free.",Varies,Varies,Provider-dependent,Unknown,Varies,Provider-dependent,Varies,https://academy.jfrog.com/,C,Не начато,Source watch — auto review,2026-08-31,,curated,discovery
SRCX-116913289f18,United States,Linux Foundation,Linux Foundation — Data Engineering source & credential directory,source-watch,Data Engineering,Data Engineering,catalog,⚠️ verify current offer,"Monitoring record, not a certificate claim. Verify the current official credential/course and price before calling it free.",Varies,Varies,Provider-dependent,Unknown,Varies,Provider-dependent,Varies,https://training.linuxfoundation.org/,C,Не начато,Source watch — auto review,2026-08-31,,curated,discovery
SRCX-042bf698fcea,United States,NOAA,NOAA — Data Engineering source & credential directory,source-watch,Data Engineering,Data Engineering,catalog,⚠️ verify current offer,"Monitoring record, not a certificate claim. Verify the current official credential/course and price before calling it free.",Varies,Varies,Provider-dependent,Unknown,Varies,Provider-dependent,Varies,https://www.noaa.gov/education,C,Не начато,Source watch — auto review,2026-08-31,,curated,discovery
SRCX-126f23ebcd04,United States,PTC,PTC — Data Engineering source & credential directory,source-watch,Data Engineering,Data Engineering,catalog,⚠️ verify current offer,"Monitoring record, not a certificate claim. Verify the current official credential/course and price before calling it free.",Varies,Varies,Provider-dependent,Unknown,Varies,Provider-dependent,Varies,https://www.ptc.com/en/academic-program,C,Не начато,Source watch — auto review,2026-08-31,,curated,discovery
SRCX-061037c6ad26,Germany,Rohde & Schwarz,Rohde & Schwarz — Data Engineering source & credential directory,source-watch,Data Engineering,Data Engineering,catalog,⚠️ verify current offer,"Monitoring record, not a certificate claim. Verify the current official credential/course and price before calling it free.",Varies,Varies,Provider-dependent,Unknown,Varies,Provider-dependent,Varies,https://www.rohde-schwarz.com/,C,Не начато,Source watch — auto review,2026-08-31,,curated,discovery
SRCX-14c388efd169,United States,Xilinx / AMD Adaptive Computing,Xilinx / AMD Adaptive Computing — Data Engineering source & credential directory,source-watch,Data Engineering,Data Engineering,catalog,⚠️ verify current offer,"Monitoring record, not a certificate claim. Verify the current official credential/course and price before calling it free.",Varies,Varies,Provider-dependent,Unknown,Varies,Provider-dependent,Varies,https://www.amd.com/en/corporate/university-programs.html,C,Не начато,Source watch — auto review,2026-08-31,,curated,discovery
SRCX-06ccd7f8eb6a,United States,Alteryx,Alteryx — Databases source & credential directory,source-watch,Databases,Databases,catalog,⚠️ verify current offer,"Monitoring record, not a certificate claim. Verify the current official credential/course and price before calling it free.",Varies,Varies,Provider-dependent,Unknown,Varies,Provider-dependent,Varies,https://community.alteryx.com/,C,Не начато,Source watch — auto review,2026-08-31,,curated,discovery
SRCX-07d97cb510a4,United States,ASQ,ASQ — Databases source & credential directory,source-watch,Databases,Databases,catalog,⚠️ verify current offer,"Monitoring record, not a certificate claim. Verify the current official credential/course and price before calling it free.",Varies,Varies,Provider-dependent,Unknown,Varies,Provider-dependent,Varies,https://asq.org/training,C,Не начато,Source watch — auto review,2026-08-31,,curated,discovery
SRCX-13516eb16ada,United States,GitLab Learn,GitLab Learn — Databases source & credential directory,source-watch,Databases,Databases,catalog,⚠️ verify current offer,"Monitoring record, not a certificate claim. Verify the current official credential/course and price before calling it free.",Varies,Varies,Provider-dependent,Unknown,Varies,Provider-dependent,Varies,https://about.gitlab.com/learn/,C,Не начато,Source watch — auto review,2026-08-31,,curated,discovery
SRCX-0be24583c8c2,United Kingdom/Global,GSMA,GSMA — Databases source & credential directory,source-watch,Databases,Databases,catalog,⚠️ verify current offer,"Monitoring record, not a certificate claim. Verify the current official credential/course and price before calling it free.",Varies,Varies,Provider-dependent,Unknown,Varies,Provider-dependent,Varies,https://www.gsma.com/,C,Не начато,Source watch — auto review,2026-08-31,,curated,discovery
SRCX-04cd03a1b480,United States,New Relic,New Relic — Databases source & credential directory,source-watch,Databases,Databases,catalog,⚠️ verify current offer,"Monitoring record, not a certificate claim. Verify the current official credential/course and price before calling it free.",Varies,Varies,Provider-dependent,Unknown,Varies,Provider-dependent,Varies,https://learn.newrelic.com/,C,Не начато,Source watch — auto review,2026-08-31,,curated,discovery
SRCX-0b772ab97a5e,Netherlands,NXP Semiconductors,NXP Semiconductors — Databases source & credential directory,source-watch,Databases,Databases,catalog,⚠️ verify current offer,"Monitoring record, not a certificate claim. Verify the current official credential/course and price before calling it free.",Varies,Varies,Provider-dependent,Unknown,Varies,Provider-dependent,Varies,https://www.nxp.com/design/training:TRAINING,C,Не начато,Source watch — auto review,2026-08-31,,curated,discovery
SRCX-14954a1a124a,Global,OpenSSF Scorecard,OpenSSF Scorecard — Databases source & credential directory,source-watch,Databases,Databases,catalog,⚠️ verify current offer,"Monitoring record, not a certificate claim. Verify the current official credential/course and price before calling it free.",Varies,Varies,Provider-dependent,Unknown,Varies,Provider-dependent,Varies,https://scorecard.dev/,C,Не начато,Source watch — auto review,2026-08-31,,curated,discovery
SRCX-15bbe84823f5,Global,OpenTelemetry,OpenTelemetry — Databases source & credential directory,source-watch,Databases,Databases,catalog,⚠️ verify current offer,"Monitoring record, not a certificate claim. Verify the current official credential/course and price before calling it free.",Varies,Varies,Provider-dependent,Unknown,Varies,Provider-dependent,Varies,https://opentelemetry.io/,C,Не начато,Source watch — auto review,2026-08-31,,curated,discovery
SRCX-0113732fbf56,Global,QGIS,QGIS — Databases source & credential directory,source-watch,Databases,Databases,catalog,⚠️ verify current offer,"Monitoring record, not a certificate claim. Verify the current official credential/course and price before calling it free.",Varies,Varies,Provider-dependent,Unknown,Varies,Provider-dependent,Varies,https://www.qgis.org/en/site/forusers/trainingmaterial/,C,Не начато,Source watch — auto review,2026-08-31,,curated,discovery
SRCX-07b890d42454,United States,Qualcomm,Qualcomm — Databases source & credential directory,source-watch,Databases,Databases,catalog,⚠️ verify current offer,"Monitoring record, not a certificate claim. Verify the current official credential/course and price before calling it free.",Varies,Varies,Provider-dependent,Unknown,Varies,Provider-dependent,Varies,https://www.qualcomm.com/developer,C,Не начато,Source watch — auto review,2026-08-31,,curated,discovery
SRCX-033d05d7bdab,Global,UNEP InforMEA,UNEP InforMEA — Databases source & credential directory,source-watch,Databases,Databases,catalog,⚠️ verify current offer,"Monitoring record, not a certificate claim. Verify the current official credential/course and price before calling it free.",Varies,Varies,Provider-dependent,Unknown,Varies,Provider-dependent,Varies,https://www.informea.org/,C,Не начато,Source watch — auto review,2026-08-31,,curated,discovery
SRCX-0536ba0b29a4,Russia,1C,1C — DevOps source & credential directory,source-watch,DevOps,DevOps,catalog,⚠️ verify current offer,"Monitoring record, not a certificate claim. Verify the current official credential/course and price before calling it free.",Varies,Varies,Provider-dependent,Unknown,Varies,Provider-dependent,Varies,https://1c.ru/,C,Не начато,Source watch — auto review,2026-08-31,,curated,discovery
SRCX-0bd1f4b14885,Australia,Altium,Altium — DevOps source & credential directory,source-watch,DevOps,DevOps,catalog,⚠️ verify current offer,"Monitoring record, not a certificate claim. Verify the current official credential/course and price before calling it free.",Varies,Varies,Provider-dependent,Unknown,Varies,Provider-dependent,Varies,https://www.altium.com/education,C,Не начато,Source watch — auto review,2026-08-31,,curated,discovery
SRCX-074f8acb56e1,United States,Analog Devices,Analog Devices — DevOps source & credential directory,source-watch,DevOps,DevOps,catalog,⚠️ verify current offer,"Monitoring record, not a certificate claim. Verify the current official credential/course and price before calling it free.",Varies,Varies,Provider-dependent,Unknown,Varies,Provider-dependent,Varies,https://www.analog.com/en/education.html,C,Не начато,Source watch — auto review,2026-08-31,,curated,discovery
SRCX-039a9a565deb,United States,Anthropic,Anthropic — DevOps source & credential directory,source-watch,DevOps,DevOps,catalog,⚠️ verify current offer,"Monitoring record, not a certificate claim. Verify the current official credential/course and price before calling it free.",Varies,Varies,Provider-dependent,Unknown,Varies,Provider-dependent,Varies,https://www.anthropic.com/,C,Не начато,Source watch — auto review,2026-08-31,,curated,discovery
SRCX-14508e6830a7,United States,Cisco,Cisco — DevOps source & credential directory,source-watch,DevOps,DevOps,catalog,⚠️ verify current offer,"Monitoring record, not a certificate claim. Verify the current official credential/course and price before calling it free.",Varies,Varies,Provider-dependent,Unknown,Varies,Provider-dependent,Varies,https://www.netacad.com/,C,Не начато,Source watch — auto review,2026-08-31,,curated,discovery
SRCX-1090426f46dd,United States,DeepLearning.AI,DeepLearning.AI — DevOps source & credential directory,source-watch,DevOps,DevOps,catalog,⚠️ verify current offer,"Monitoring record, not a certificate claim. Verify the current official credential/course and price before calling it free.",Varies,Varies,Provider-dependent,Unknown,Varies,Provider-dependent,Varies,https://www.deeplearning.ai/,C,Не начато,Source watch — auto review,2026-08-31,,curated,discovery
SRCX-06aa16b9f5dd,Global,Eclipse Foundation,Eclipse Foundation — DevOps source & credential directory,source-watch,DevOps,DevOps,catalog,⚠️ verify current offer,"Monitoring record, not a certificate claim. Verify the current official credential/course and price before calling it free.",Varies,Varies,Provider-dependent,Unknown,Varies,Provider-dependent,Varies,https://www.eclipse.org/org/workinggroups/,C,Не начато,Source watch — auto review,2026-08-31,,curated,discovery
SRCX-1477b0229cde,United States,GitHub,GitHub — DevOps source & credential directory,source-watch,DevOps,DevOps,catalog,⚠️ verify current offer,"Monitoring record, not a certificate claim. Verify the current official credential/course and price before calling it free.",Varies,Varies,Provider-dependent,Unknown,Varies,Provider-dependent,Varies,https://learn.github.com/certifications,C,Не начато,Source watch — auto review,2026-08-31,,curated,discovery
SRCX-0819b508aa37,Global,Hyperledger,Hyperledger — DevOps source & credential directory,source-watch,DevOps,DevOps,catalog,⚠️ verify current offer,"Monitoring record, not a certificate claim. Verify the current official credential/course and price before calling it free.",Varies,Varies,Provider-dependent,Unknown,Varies,Provider-dependent,Varies,https://www.hyperledger.org/learn,C,Не начато,Source watch — auto review,2026-08-31,,curated,discovery
SRCX-0d2bd56b64a3,Germany,Infineon,Infineon — DevOps source & credential directory,source-watch,DevOps,DevOps,catalog,⚠️ verify current offer,"Monitoring record, not a certificate claim. Verify the current official credential/course and price before calling it free.",Varies,Varies,Provider-dependent,Unknown,Varies,Provider-dependent,Varies,https://www.infineon.com/cms/en/training/,C,Не начато,Source watch — auto review,2026-08-31,,curated,discovery
SRCX-048a8f736633,United States,JFrog Academy,JFrog Academy — DevOps source & credential directory,source-watch,DevOps,DevOps,catalog,⚠️ verify current offer,"Monitoring record, not a certificate claim. Verify the current official credential/course and price before calling it free.",Varies,Varies,Provider-dependent,Unknown,Varies,Provider-dependent,Varies,https://academy.jfrog.com/,C,Не начато,Source watch — auto review,2026-08-31,,curated,discovery
SRCX-04c560f8144f,Canada,Linux Professional Institute,Linux Professional Institute — DevOps source & credential directory,source-watch,DevOps,DevOps,catalog,⚠️ verify current offer,"Monitoring record, not a certificate claim. Verify the current official credential/course and price before calling it free.",Varies,Varies,Provider-dependent,Unknown,Varies,Provider-dependent,Varies,https://www.lpi.org/,C,Не начато,Source watch — auto review,2026-08-31,,curated,discovery
SRCX-10371f0c5c26,United States,Looker / Google,Looker / Google — DevOps source & credential directory,source-watch,DevOps,DevOps,catalog,⚠️ verify current offer,"Monitoring record, not a certificate claim. Verify the current official credential/course and price before calling it free.",Varies,Varies,Provider-dependent,Unknown,Varies,Provider-dependent,Varies,https://cloud.google.com/looker/docs,C,Не начато,Source watch — auto review,2026-08-31,,curated,discovery
SRCX-066bae6a851f,Global,OpenEDX,OpenEDX — DevOps source & credential directory,source-watch,DevOps,DevOps,catalog,⚠️ verify current offer,"Monitoring record, not a certificate claim. Verify the current official credential/course and price before calling it free.",Varies,Varies,Provider-dependent,Unknown,Varies,Provider-dependent,Varies,https://openedx.org/,C,Не начато,Source watch — auto review,2026-08-31,,curated,discovery
SRCX-0700897da59c,Global,OWASP,OWASP — DevOps source & credential directory,source-watch,DevOps,DevOps,catalog,⚠️ verify current offer,"Monitoring record, not a certificate claim. Verify the current official credential/course and price before calling it free.",Varies,Varies,Provider-dependent,Unknown,Varies,Provider-dependent,Varies,https://owasp.org/,C,Не начато,Source watch — auto review,2026-08-31,,curated,discovery
SRCX-01caf660dc65,Germany,Rohde & Schwarz,Rohde & Schwarz — DevOps source & credential directory,source-watch,DevOps,DevOps,catalog,⚠️ verify current offer,"Monitoring record, not a certificate claim. Verify the current official credential/course and price before calling it free.",Varies,Varies,Provider-dependent,Unknown,Varies,Provider-dependent,Varies,https://www.rohde-schwarz.com/,C,Не начато,Source watch — auto review,2026-08-31,,curated,discovery
SRCX-14fc1879f8aa,United States,Silicon Labs,Silicon Labs — DevOps source & credential directory,source-watch,DevOps,DevOps,catalog,⚠️ verify current offer,"Monitoring record, not a certificate claim. Verify the current official credential/course and price before calling it free.",Varies,Varies,Provider-dependent,Unknown,Varies,Provider-dependent,Varies,https://www.silabs.com/training,C,Не начато,Source watch — auto review,2026-08-31,,curated,discovery
SRCX-13cdaf134763,United Kingdom,TryHackMe,TryHackMe — DevOps source & credential directory,source-watch,DevOps,DevOps,catalog,⚠️ verify current offer,"Monitoring record, not a certificate claim. Verify the current official credential/course and price before calling it free.",Varies,Varies,Provider-dependent,Unknown,Varies,Provider-dependent,Varies,https://tryhackme.com/,C,Не начато,Source watch — auto review,2026-08-31,,curated,discovery
SRCX-0f51e3cd3192,United States,Analog Devices,Analog Devices — Digital Forensics source & credential directory,source-watch,Digital Forensics,Digital Forensics,catalog,⚠️ verify current offer,"Monitoring record, not a certificate claim. Verify the current official credential/course and price before calling it free.",Varies,Varies,Provider-dependent,Unknown,Varies,Provider-dependent,Varies,https://www.analog.com/en/education.html,C,Не начато,Source watch — auto review,2026-08-31,,curated,discovery
SRCX-0e955fc5ef41,Germany,Beckhoff,Beckhoff — Digital Forensics source & credential directory,source-watch,Digital Forensics,Digital Forensics,catalog,⚠️ verify current offer,"Monitoring record, not a certificate claim. Verify the current official credential/course and price before calling it free.",Varies,Varies,Provider-dependent,Unknown,Varies,Provider-dependent,Varies,https://www.beckhoff.com/en-us/company/education/,C,Не начато,Source watch — auto review,2026-08-31,,curated,discovery
SRCX-022788d303aa,Germany,Bosch Rexroth,Bosch Rexroth — Digital Forensics source & credential directory,source-watch,Digital Forensics,Digital Forensics,catalog,⚠️ verify current offer,"Monitoring record, not a certificate claim. Verify the current official credential/course and price before calling it free.",Varies,Varies,Provider-dependent,Unknown,Varies,Provider-dependent,Varies,https://www.boschrexroth.com/en/xc/training/,C,Не начато,Source watch — auto review,2026-08-31,,curated,discovery
SRCX-05ae9495d5ba,Global,Cloud Security Alliance,Cloud Security Alliance — Digital Forensics source & credential directory,source-watch,Digital Forensics,Digital Forensics,catalog,⚠️ verify current offer,"Monitoring record, not a certificate claim. Verify the current official credential/course and price before calling it free.",Varies,Varies,Provider-dependent,Unknown,Varies,Provider-dependent,Varies,https://cloudsecurityalliance.org/education,C,Не начато,Source watch — auto review,2026-08-31,,curated,discovery
SRCX-0bb17a3d0b66,Global,Coursera,Coursera — Digital Forensics source & credential directory,source-watch,Digital Forensics,Digital Forensics,catalog,⚠️ verify current offer,"Monitoring record, not a certificate claim. Verify the current official credential/course and price before calling it free.",Varies,Varies,Provider-dependent,Unknown,Varies,Provider-dependent,Varies,https://www.coursera.org/,C,Не начато,Source watch — auto review,2026-08-31,,curated,discovery
SRCX-119218b2dad8,United States,DeepLearning.AI,DeepLearning.AI — Digital Forensics source & credential directory,source-watch,Digital Forensics,Digital Forensics,catalog,⚠️ verify current offer,"Monitoring record, not a certificate claim. Verify the current official credential/course and price before calling it free.",Varies,Varies,Provider-dependent,Unknown,Varies,Provider-dependent,Varies,https://www.deeplearning.ai/,C,Не начато,Source watch — auto review,2026-08-31,,curated,discovery
SRCX-0cbf5d4c90b4,United States,EC-Council,EC-Council — Digital Forensics source & credential directory,source-watch,Digital Forensics,Digital Forensics,catalog,⚠️ verify current offer,"Monitoring record, not a certificate claim. Verify the current official credential/course and price before calling it free.",Varies,Varies,Provider-dependent,Unknown,Varies,Provider-dependent,Varies,https://www.eccouncil.org/train-certify/,C,Не начато,Source watch — auto review,2026-08-31,,curated,discovery
SRCX-086496bba7f3,United States,Esri,Esri — Digital Forensics source & credential directory,source-watch,Digital Forensics,Digital Forensics,catalog,⚠️ verify current offer,"Monitoring record, not a certificate claim. Verify the current official credential/course and price before calling it free.",Varies,Varies,Provider-dependent,Unknown,Varies,Provider-dependent,Varies,https://www.esri.com/training/,C,Не начато,Source watch — auto review,2026-08-31,,curated,discovery
SRCX-00c37f4cb5f2,United States,HubSpot Academy,HubSpot Academy — Digital Forensics source & credential directory,source-watch,Digital Forensics,Digital Forensics,catalog,⚠️ verify current offer,"Monitoring record, not a certificate claim. Verify the current official credential/course and price before calling it free.",Varies,Varies,Provider-dependent,Unknown,Varies,Provider-dependent,Varies,https://academy.hubspot.com/,C,Не начато,Source watch — auto review,2026-08-31,,curated,discovery
SRCX-0735d3fe86c3,United States,Khan Academy,Khan Academy — Digital Forensics source & credential directory,source-watch,Digital Forensics,Digital Forensics,catalog,⚠️ verify current offer,"Monitoring record, not a certificate claim. Verify the current official credential/course and price before calling it free.",Varies,Varies,Provider-dependent,Unknown,Varies,Provider-dependent,Varies,https://www.khanacademy.org/,C,Не начато,Source watch — auto review,2026-08-31,,curated,discovery
SRCX-041b3a133745,Global,Kubernetes,Kubernetes — Digital Forensics source & credential directory,source-watch,Digital Forensics,Digital Forensics,catalog,⚠️ verify current offer,"Monitoring record, not a certificate claim. Verify the current official credential/course and price before calling it free.",Varies,Varies,Provider-dependent,Unknown,Varies,Provider-dependent,Varies,https://kubernetes.io/training/,C,Не начато,Source watch — auto review,2026-08-31,,curated,discovery
SRCX-14c36613f3f7,United States,Marvell,Marvell — Digital Forensics source & credential directory,source-watch,Digital Forensics,Digital Forensics,catalog,⚠️ verify current offer,"Monitoring record, not a certificate claim. Verify the current official credential/course and price before calling it free.",Varies,Varies,Provider-dependent,Unknown,Varies,Provider-dependent,Varies,https://www.marvell.com/,C,Не начато,Source watch — auto review,2026-08-31,,curated,discovery
SRCX-10ebc715b6b0,United States,MongoDB,MongoDB — Digital Forensics source & credential directory,source-watch,Digital Forensics,Digital Forensics,catalog,⚠️ verify current offer,"Monitoring record, not a certificate claim. Verify the current official credential/course and price before calling it free.",Varies,Varies,Provider-dependent,Unknown,Varies,Provider-dependent,Varies,https://learn.mongodb.com/,C,Не начато,Source watch — auto review,2026-08-31,,curated,discovery
SRCX-14e294f1970b,United States,NI,NI — Digital Forensics source & credential directory,source-watch,Digital Forensics,Digital Forensics,catalog,⚠️ verify current offer,"Monitoring record, not a certificate claim. Verify the current official credential/course and price before calling it free.",Varies,Varies,Provider-dependent,Unknown,Varies,Provider-dependent,Varies,https://www.ni.com/training/,C,Не начато,Source watch — auto review,2026-08-31,,curated,discovery
SRCX-0fbb4296101d,United States,NIST,NIST — Digital Forensics source & credential directory,source-watch,Digital Forensics,Digital Forensics,catalog,⚠️ verify current offer,"Monitoring record, not a certificate claim. Verify the current official credential/course and price before calling it free.",Varies,Varies,Provider-dependent,Unknown,Varies,Provider-dependent,Varies,https://www.nist.gov/,C,Не начато,Source watch — auto review,2026-08-31,,curated,discovery
SRCX-0cd1b8a98a66,Japan,Renesas,Renesas — Digital Forensics source & credential directory,source-watch,Digital Forensics,Digital Forensics,catalog,⚠️ verify current offer,"Monitoring record, not a certificate claim. Verify the current official credential/course and price before calling it free.",Varies,Varies,Provider-dependent,Unknown,Varies,Provider-dependent,Varies,https://www.renesas.com/us/en/design-resources/training,C,Не начато,Source watch — auto review,2026-08-31,,curated,discovery
SRCX-12c81f7bbffc,France,Schneider Electric,Schneider Electric — Digital Forensics source & credential directory,source-watch,Digital Forensics,Digital Forensics,catalog,⚠️ verify current offer,"Monitoring record, not a certificate claim. Verify the current official credential/course and price before calling it free.",Varies,Varies,Provider-dependent,Unknown,Varies,Provider-dependent,Varies,https://www.se.com/ww/en/work/solutions/for-business/training/,C,Не начато,Source watch — auto review,2026-08-31,,curated,discovery
SRCX-12c67cfd8c6e,Global,CNCF,CNCF — Digital Twins source & credential directory,source-watch,Digital Twins,Digital Twins,catalog,⚠️ verify current offer,"Monitoring record, not a certificate claim. Verify the current official credential/course and price before calling it free.",Varies,Varies,Provider-dependent,Unknown,Varies,Provider-dependent,Varies,https://www.cncf.io/training/,C,Не начато,Source watch — auto review,2026-08-31,,curated,discovery
SRCX-0b1ab54803d0,France,Dassault Aviation,Dassault Aviation — Digital Twins source & credential directory,source-watch,Digital Twins,Digital Twins,catalog,⚠️ verify current offer,"Monitoring record, not a certificate claim. Verify the current official credential/course and price before calling it free.",Varies,Varies,Provider-dependent,Unknown,Varies,Provider-dependent,Varies,https://www.dassault-aviation.com/,C,Не начато,Source watch — auto review,2026-08-31,,curated,discovery
SRCX-0961b16a87c0,European Union,EIT Digital,EIT Digital — Digital Twins source & credential directory,source-watch,Digital Twins,Digital Twins,catalog,⚠️ verify current offer,"Monitoring record, not a certificate claim. Verify the current official credential/course and price before calling it free.",Varies,Varies,Provider-dependent,Unknown,Varies,Provider-dependent,Varies,https://www.eitdigital.eu/,C,Не начато,Source watch — auto review,2026-08-31,,curated,discovery
SRCX-0c375ec6b561,United States,Esri,Esri — Digital Twins source & credential directory,source-watch,Digital Twins,Digital Twins,catalog,⚠️ verify current offer,"Monitoring record, not a certificate claim. Verify the current official credential/course and price before calling it free.",Varies,Varies,Provider-dependent,Unknown,Varies,Provider-dependent,Varies,https://www.esri.com/training/,C,Не начато,Source watch — auto review,2026-08-31,,curated,discovery
SRCX-0b508d244768,United States,Lattice Semiconductor,Lattice Semiconductor — Digital Twins source & credential directory,source-watch,Digital Twins,Digital Twins,catalog,⚠️ verify current offer,"Monitoring record, not a certificate claim. Verify the current official credential/course and price before calling it free.",Varies,Varies,Provider-dependent,Unknown,Varies,Provider-dependent,Varies,https://www.latticesemi.com/Support,C,Не начато,Source watch — auto review,2026-08-31,,curated,discovery
SRCX-10d6914cdb33,United Kingdom,National Physical Laboratory,National Physical Laboratory — Digital Twins source & credential directory,source-watch,Digital Twins,Digital Twins,catalog,⚠️ verify current offer,"Monitoring record, not a certificate claim. Verify the current official credential/course and price before calling it free.",Varies,Varies,Provider-dependent,Unknown,Varies,Provider-dependent,Varies,https://www.npl.co.uk/education-training,C,Не начато,Source watch — auto review,2026-08-31,,curated,discovery
SRCX-049f193a41bc,United States,Red Hat,Red Hat — Digital Twins source & credential directory,source-watch,Digital Twins,Digital Twins,catalog,⚠️ verify current offer,"Monitoring record, not a certificate claim. Verify the current official credential/course and price before calling it free.",Varies,Varies,Provider-dependent,Unknown,Varies,Provider-dependent,Varies,https://www.redhat.com/en/services/certification,C,Не начато,Source watch — auto review,2026-08-31,,curated,discovery
SRCX-060082fea47b,United States,Rockwell Automation,Rockwell Automation — Digital Twins source & credential directory,source-watch,Digital Twins,Digital Twins,catalog,⚠️ verify current offer,"Monitoring record, not a certificate claim. Verify the current official credential/course and price before calling it free.",Varies,Varies,Provider-dependent,Unknown,Varies,Provider-dependent,Varies,https://www.rockwellautomation.com/en-us/services/training.html,C,Не начато,Source watch — auto review,2026-08-31,,curated,discovery
SRCX-08aa49c59268,Germany,Rohde & Schwarz,Rohde & Schwarz — Digital Twins source & credential directory,source-watch,Digital Twins,Digital Twins,catalog,⚠️ verify current offer,"Monitoring record, not a certificate claim. Verify the current official credential/course and price before calling it free.",Varies,Varies,Provider-dependent,Unknown,Varies,Provider-dependent,Varies,https://www.rohde-schwarz.com/,C,Не начато,Source watch — auto review,2026-08-31,,curated,discovery
SRCX-0dd3773610c6,United States,SiFive,SiFive — Digital Twins source & credential directory,source-watch,Digital Twins,Digital Twins,catalog,⚠️ verify current offer,"Monitoring record, not a certificate claim. Verify the current official credential/course and price before calling it free.",Varies,Varies,Provider-dependent,Unknown,Varies,Provider-dependent,Varies,https://www.sifive.com/,C,Не начато,Source watch — auto review,2026-08-31,,curated,discovery
SRCX-044c68857d18,United States,Tableau,Tableau — Digital Twins source & credential directory,source-watch,Digital Twins,Digital Twins,catalog,⚠️ verify current offer,"Monitoring record, not a certificate claim. Verify the current official credential/course and price before calling it free.",Varies,Varies,Provider-dependent,Unknown,Varies,Provider-dependent,Varies,https://www.tableau.com/learn,C,Не начато,Source watch — auto review,2026-08-31,,curated,discovery
SRCX-00e33e1e3a84,Global,UN CC:Learn,UN CC:Learn — Digital Twins source & credential directory,source-watch,Digital Twins,Digital Twins,catalog,⚠️ verify current offer,"Monitoring record, not a certificate claim. Verify the current official credential/course and price before calling it free.",Varies,Varies,Provider-dependent,Unknown,Varies,Provider-dependent,Varies,https://unccelearn.org/,C,Не начато,Source watch — auto review,2026-08-31,,curated,discovery
SRCX-14962ee023f2,Global,UNEP InforMEA,UNEP InforMEA — Digital Twins source & credential directory,source-watch,Digital Twins,Digital Twins,catalog,⚠️ verify current offer,"Monitoring record, not a certificate claim. Verify the current official credential/course and price before calling it free.",Varies,Varies,Provider-dependent,Unknown,Varies,Provider-dependent,Varies,https://www.informea.org/,C,Не начато,Source watch — auto review,2026-08-31,,curated,discovery
SRCX-00a9600d8dc0,United States,USGS,USGS — Digital Twins source & credential directory,source-watch,Digital Twins,Digital Twins,catalog,⚠️ verify current offer,"Monitoring record, not a certificate claim. Verify the current official credential/course and price before calling it free.",Varies,Varies,Provider-dependent,Unknown,Varies,Provider-dependent,Varies,https://www.usgs.gov/educational-resources,C,Не начато,Source watch — auto review,2026-08-31,,curated,discovery
SRCX-11e079cb8e3f,Russia,1C,1C — EDA source & credential directory,source-watch,EDA,EDA,catalog,⚠️ verify current offer,"Monitoring record, not a certificate claim. Verify the current official credential/course and price before calling it free.",Varies,Varies,Provider-dependent,Unknown,Varies,Provider-dependent,Varies,https://1c.ru/,C,Не начато,Source watch — auto review,2026-08-31,,curated,discovery
SRCX-0f172ee4d975,United States,Anthropic,Anthropic — EDA source & credential directory,source-watch,EDA,EDA,catalog,⚠️ verify current offer,"Monitoring record, not a certificate claim. Verify the current official credential/course and price before calling it free.",Varies,Varies,Provider-dependent,Unknown,Varies,Provider-dependent,Varies,https://www.anthropic.com/,C,Не начато,Source watch — auto review,2026-08-31,,curated,discovery
SRCX-15e67063f860,Global,Apache Kafka,Apache Kafka — EDA source & credential directory,source-watch,EDA,EDA,catalog,⚠️ verify current offer,"Monitoring record, not a certificate claim. Verify the current official credential/course and price before calling it free.",Varies,Varies,Provider-dependent,Unknown,Varies,Provider-dependent,Varies,https://kafka.apache.org/,C,Не начато,Source watch — auto review,2026-08-31,,curated,discovery
SRCX-0682bd2a05f7,Italy,Arduino,Arduino — EDA source & credential directory,source-watch,EDA,EDA,catalog,⚠️ verify current offer,"Monitoring record, not a certificate claim. Verify the current official credential/course and price before calling it free.",Varies,Varies,Provider-dependent,Unknown,Varies,Provider-dependent,Varies,https://docs.arduino.cc/,C,Не начато,Source watch — auto review,2026-08-31,,curated,discovery
SRCX-15b2c28f033e,United Kingdom,Arm,Arm — EDA source & credential directory,source-watch,EDA,EDA,catalog,⚠️ verify current offer,"Monitoring record, not a certificate claim. Verify the current official credential/course and price before calling it free.",Varies,Varies,Provider-dependent,Unknown,Varies,Provider-dependent,Varies,https://learn.arm.com/,C,Не начато,Source watch — auto review,2026-08-31,,curated,discovery
SRCX-0559c790a9ce,Sweden,COMSOL,COMSOL — EDA source & credential directory,source-watch,EDA,EDA,catalog,⚠️ verify current offer,"Monitoring record, not a certificate claim. Verify the current official credential/course and price before calling it free.",Varies,Varies,Provider-dependent,Unknown,Varies,Provider-dependent,Varies,https://www.comsol.com/learning-center,C,Не начато,Source watch — auto review,2026-08-31,,curated,discovery
SRCX-0660d82903b8,United States,EC-Council,EC-Council — EDA source & credential directory,source-watch,EDA,EDA,catalog,⚠️ verify current offer,"Monitoring record, not a certificate claim. Verify the current official credential/course and price before calling it free.",Varies,Varies,Provider-dependent,Unknown,Varies,Provider-dependent,Varies,https://www.eccouncil.org/train-certify/,C,Не начато,Source watch — auto review,2026-08-31,,curated,discovery
SRCX-08c4044ee8f7,United States,Google Cloud,Google Cloud — EDA source & credential directory,source-watch,EDA,EDA,catalog,⚠️ verify current offer,"Monitoring record, not a certificate claim. Verify the current official credential/course and price before calling it free.",Varies,Varies,Provider-dependent,Unknown,Varies,Provider-dependent,Varies,https://www.cloudskillsboost.google/,C,Не начато,Source watch — auto review,2026-08-31,,curated,discovery
SRCX-0019abe9a650,Switzerland,IEC,IEC — EDA source & credential directory,source-watch,EDA,EDA,catalog,⚠️ verify current offer,"Monitoring record, not a certificate claim. Verify the current official credential/course and price before calling it free.",Varies,Varies,Provider-dependent,Unknown,Varies,Provider-dependent,Varies,https://www.iec.ch/,C,Не начато,Source watch — auto review,2026-08-31,,curated,discovery
SRCX-0b1cc8c5c1f8,Russia,Kaspersky,Kaspersky — EDA source & credential directory,source-watch,EDA,EDA,catalog,⚠️ verify current offer,"Monitoring record, not a certificate claim. Verify the current official credential/course and price before calling it free.",Varies,Varies,Provider-dependent,Unknown,Varies,Provider-dependent,Varies,https://certification.kaspersky.com/,C,Не начато,Source watch — auto review,2026-08-31,,curated,discovery
SRCX-019690cf3350,Canada,Linux Professional Institute,Linux Professional Institute — EDA source & credential directory,source-watch,EDA,EDA,catalog,⚠️ verify current offer,"Monitoring record, not a certificate claim. Verify the current official credential/course and price before calling it free.",Varies,Varies,Provider-dependent,Unknown,Varies,Provider-dependent,Varies,https://www.lpi.org/,C,Не начато,Source watch — auto review,2026-08-31,,curated,discovery
SRCX-0118ca629f5a,United Kingdom,OpenLearn,OpenLearn — EDA source & credential directory,source-watch,EDA,EDA,catalog,⚠️ verify current offer,"Monitoring record, not a certificate claim. Verify the current official credential/course and price before calling it free.",Varies,Varies,Provider-dependent,Unknown,Varies,Provider-dependent,Varies,https://www.open.edu/openlearn/,C,Не начато,Source watch — auto review,2026-08-31,,curated,discovery
SRCX-0da335900ae1,Global,OpenSSF,OpenSSF — EDA source & credential directory,source-watch,EDA,EDA,catalog,⚠️ verify current offer,"Monitoring record, not a certificate claim. Verify the current official credential/course and price before calling it free.",Varies,Varies,Provider-dependent,Unknown,Varies,Provider-dependent,Varies,https://openssf.org/,C,Не начато,Source watch — auto review,2026-08-31,,curated,discovery
SRCX-0a38401753b5,Global,OpenTelemetry,OpenTelemetry — EDA source & credential directory,source-watch,EDA,EDA,catalog,⚠️ verify current offer,"Monitoring record, not a certificate claim. Verify the current official credential/course and price before calling it free.",Varies,Varies,Provider-dependent,Unknown,Varies,Provider-dependent,Varies,https://opentelemetry.io/,C,Не начато,Source watch — auto review,2026-08-31,,curated,discovery
SRCX-159e66763c92,United States,PagerDuty,PagerDuty — EDA source & credential directory,source-watch,EDA,EDA,catalog,⚠️ verify current offer,"Monitoring record, not a certificate claim. Verify the current official credential/course and price before calling it free.",Varies,Varies,Provider-dependent,Unknown,Varies,Provider-dependent,Varies,https://www.pagerduty.com/resources/,C,Не начато,Source watch — auto review,2026-08-31,,curated,discovery
SRCX-0435e40497ee,Germany,Phoenix Contact,Phoenix Contact — EDA source & credential directory,source-watch,EDA,EDA,catalog,⚠️ verify current offer,"Monitoring record, not a certificate claim. Verify the current official credential/course and price before calling it free.",Varies,Varies,Provider-dependent,Unknown,Varies,Provider-dependent,Varies,https://www.phoenixcontact.com/en-pc/training,C,Не начато,Source watch — auto review,2026-08-31,,curated,discovery
SRCX-0c07f325458e,United States,Postman,Postman — EDA source & credential directory,source-watch,EDA,EDA,catalog,⚠️ verify current offer,"Monitoring record, not a certificate claim. Verify the current official credential/course and price before calling it free.",Varies,Varies,Provider-dependent,Unknown,Varies,Provider-dependent,Varies,https://academy.postman.com/,C,Не начато,Source watch — auto review,2026-08-31,,curated,discovery
SRCX-0a6770f12018,United States,Redis,Redis — EDA source & credential directory,source-watch,EDA,EDA,catalog,⚠️ verify current offer,"Monitoring record, not a certificate claim. Verify the current official credential/course and price before calling it free.",Varies,Varies,Provider-dependent,Unknown,Varies,Provider-dependent,Varies,https://university.redis.com/,C,Не начато,Source watch — auto review,2026-08-31,,curated,discovery
SRCX-02bb632d2ada,United States,SANS Institute,SANS Institute — EDA source & credential directory,source-watch,EDA,EDA,catalog,⚠️ verify current offer,"Monitoring record, not a certificate claim. Verify the current official credential/course and price before calling it free.",Varies,Varies,Provider-dependent,Unknown,Varies,Provider-dependent,Varies,https://www.sans.org/,C,Не начато,Source watch — auto review,2026-08-31,,curated,discovery
SRCX-04c41b26258b,Russia,Stepik,Stepik — EDA source & credential directory,source-watch,EDA,EDA,catalog,⚠️ verify current offer,"Monitoring record, not a certificate claim. Verify the current official credential/course and price before calling it free.",Varies,Varies,Provider-dependent,Unknown,Varies,Provider-dependent,Varies,https://stepik.org/,C,Не начато,Source watch — auto review,2026-08-31,,curated,discovery
SRCX-126f4c47e9be,United States,Texas Instruments,Texas Instruments — EDA source & credential directory,source-watch,EDA,EDA,catalog,⚠️ verify current offer,"Monitoring record, not a certificate claim. Verify the current official credential/course and price before calling it free.",Varies,Varies,Provider-dependent,Unknown,Varies,Provider-dependent,Varies,https://training.ti.com/,C,Не начато,Source watch — auto review,2026-08-31,,curated,discovery
SRCX-0efbe7bf1735,Global,UNEP InforMEA,UNEP InforMEA — EDA source & credential directory,source-watch,EDA,EDA,catalog,⚠️ verify current offer,"Monitoring record, not a certificate claim. Verify the current official credential/course and price before calling it free.",Varies,Varies,Provider-dependent,Unknown,Varies,Provider-dependent,Varies,https://www.informea.org/,C,Не начато,Source watch — auto review,2026-08-31,,curated,discovery
SRCX-03e9b496ed1a,United States,Alteryx,Alteryx — EdTech source & credential directory,source-watch,EdTech,EdTech,catalog,⚠️ verify current offer,"Monitoring record, not a certificate claim. Verify the current official credential/course and price before calling it free.",Varies,Varies,Provider-dependent,Unknown,Varies,Provider-dependent,Varies,https://community.alteryx.com/,C,Не начато,Source watch — auto review,2026-08-31,,curated,discovery
SRCX-056cdb984179,United States,Analog Devices,Analog Devices — EdTech source & credential directory,source-watch,EdTech,EdTech,catalog,⚠️ verify current offer,"Monitoring record, not a certificate claim. Verify the current official credential/course and price before calling it free.",Varies,Varies,Provider-dependent,Unknown,Varies,Provider-dependent,Varies,https://www.analog.com/en/education.html,C,Не начато,Source watch — auto review,2026-08-31,,curated,discovery
SRCX-0a2d0a6105f6,Global,Apache Airflow,Apache Airflow — EdTech source & credential directory,source-watch,EdTech,EdTech,catalog,⚠️ verify current offer,"Monitoring record, not a certificate claim. Verify the current official credential/course and price before calling it free.",Varies,Varies,Provider-dependent,Unknown,Varies,Provider-dependent,Varies,https://airflow.apache.org/,C,Не начато,Source watch — auto review,2026-08-31,,curated,discovery
SRCX-007547b931db,Global,Apache Spark,Apache Spark — EdTech source & credential directory,source-watch,EdTech,EdTech,catalog,⚠️ verify current offer,"Monitoring record, not a certificate claim. Verify the current official credential/course and price before calling it free.",Varies,Varies,Provider-dependent,Unknown,Varies,Provider-dependent,Varies,https://spark.apache.org/,C,Не начато,Source watch — auto review,2026-08-31,,curated,discovery
SRCX-0165fecbbc0e,Global,Chainlink,Chainlink — EdTech source & credential directory,source-watch,EdTech,EdTech,catalog,⚠️ verify current offer,"Monitoring record, not a certificate claim. Verify the current official credential/course and price before calling it free.",Varies,Varies,Provider-dependent,Unknown,Varies,Provider-dependent,Varies,https://docs.chain.link/,C,Не начато,Source watch — auto review,2026-08-31,,curated,discovery
SRCX-07ccd4f0655f,United States,Cisco,Cisco — EdTech source & credential directory,source-watch,EdTech,EdTech,catalog,⚠️ verify current offer,"Monitoring record, not a certificate claim. Verify the current official credential/course and price before calling it free.",Varies,Varies,Provider-dependent,Unknown,Varies,Provider-dependent,Varies,https://www.netacad.com/,C,Не начато,Source watch — auto review,2026-08-31,,curated,discovery
SRCX-0f5ef87c3453,Global,Cloud Security Alliance,Cloud Security Alliance — EdTech source & credential directory,source-watch,EdTech,EdTech,catalog,⚠️ verify current offer,"Monitoring record, not a certificate claim. Verify the current official credential/course and price before calling it free.",Varies,Varies,Provider-dependent,Unknown,Varies,Provider-dependent,Varies,https://cloudsecurityalliance.org/education,C,Не начато,Source watch — auto review,2026-08-31,,curated,discovery
SRCX-13f9624743bd,Global,Eclipse Foundation,Eclipse Foundation — EdTech source & credential directory,source-watch,EdTech,EdTech,catalog,⚠️ verify current offer,"Monitoring record, not a certificate claim. Verify the current official credential/course and price before calling it free.",Varies,Varies,Provider-dependent,Unknown,Varies,Provider-dependent,Varies,https://www.eclipse.org/org/workinggroups/,C,Не начато,Source watch — auto review,2026-08-31,,curated,discovery
SRCX-115b2151f6d4,United States,Elastic,Elastic — EdTech source & credential directory,source-watch,EdTech,EdTech,catalog,⚠️ verify current offer,"Monitoring record, not a certificate claim. Verify the current official credential/course and price before calling it free.",Varies,Varies,Provider-dependent,Unknown,Varies,Provider-dependent,Varies,https://www.elastic.co/training/,C,Не начато,Source watch — auto review,2026-08-31,,curated,discovery
SRCX-089209c72a30,Global,FAO eLearning Academy,FAO eLearning Academy — EdTech source & credential directory,source-watch,EdTech,EdTech,catalog,⚠️ verify current offer,"Monitoring record, not a certificate claim. Verify the current official credential/course and price before calling it free.",Varies,Varies,Provider-dependent,Unknown,Varies,Provider-dependent,Varies,https://elearning.fao.org/,C,Не начато,Source watch — auto review,2026-08-31,,curated,discovery
SRCX-13c0dd7b2c6e,United States,fast.ai,fast.ai — EdTech source & credential directory,source-watch,EdTech,EdTech,catalog,⚠️ verify current offer,"Monitoring record, not a certificate claim. Verify the current official credential/course and price before calling it free.",Varies,Varies,Provider-dependent,Unknown,Varies,Provider-dependent,Varies,https://course.fast.ai/,C,Не начато,Source watch — auto review,2026-08-31,,curated,discovery
SRCX-0344ffab474b,United States/Global,FIRST Robotics,FIRST Robotics — EdTech source & credential directory,source-watch,EdTech,EdTech,catalog,⚠️ verify current offer,"Monitoring record, not a certificate claim. Verify the current official credential/course and price before calling it free.",Varies,Varies,Provider-dependent,Unknown,Varies,Provider-dependent,Varies,https://www.firstinspires.org/,C,Не начато,Source watch — auto review,2026-08-31,,curated,discovery
SRCX-11d850f99bf0,United States,HubSpot Academy,HubSpot Academy — EdTech source & credential directory,source-watch,EdTech,EdTech,catalog,⚠️ verify current offer,"Monitoring record, not a certificate claim. Verify the current official credential/course and price before calling it free.",Varies,Varies,Provider-dependent,Unknown,Varies,Provider-dependent,Varies,https://academy.hubspot.com/,C,Не начато,Source watch — auto review,2026-08-31,,curated,discovery
SRCX-077681f431aa,Switzerland,IEC,IEC — EdTech source & credential directory,source-watch,EdTech,EdTech,catalog,⚠️ verify current offer,"Monitoring record, not a certificate claim. Verify the current official credential/course and price before calling it free.",Varies,Varies,Provider-dependent,Unknown,Varies,Provider-dependent,Varies,https://www.iec.ch/,C,Не начато,Source watch — auto review,2026-08-31,,curated,discovery
SRCX-0f9865add83d,Germany,Infineon,Infineon — EdTech source & credential directory,source-watch,EdTech,EdTech,catalog,⚠️ verify current offer,"Monitoring record, not a certificate claim. Verify the current official credential/course and price before calling it free.",Varies,Varies,Provider-dependent,Unknown,Varies,Provider-dependent,Varies,https://www.infineon.com/cms/en/training/,C,Не начато,Source watch — auto review,2026-08-31,,curated,discovery
SRCX-04a40948c544,Global,ISC2 Learning,ISC2 Learning — EdTech source & credential directory,source-watch,EdTech,EdTech,catalog,⚠️ verify current offer,"Monitoring record, not a certificate claim. Verify the current official credential/course and price before calling it free.",Varies,Varies,Provider-dependent,Unknown,Varies,Provider-dependent,Varies,https://www.isc2.org/training,C,Не начато,Source watch — auto review,2026-08-31,,curated,discovery
SRCX-1501070b17fc,Czech Republic,JetBrains Academy,JetBrains Academy — EdTech source & credential directory,source-watch,EdTech,EdTech,catalog,⚠️ verify current offer,"Monitoring record, not a certificate claim. Verify the current official credential/course and price before calling it free.",Varies,Varies,Provider-dependent,Unknown,Varies,Provider-dependent,Varies,https://www.jetbrains.com/academy/,C,Не начато,Source watch — auto review,2026-08-31,,curated,discovery
SRCX-122e495cf901,Russia,Kaspersky,Kaspersky — EdTech source & credential directory,source-watch,EdTech,EdTech,catalog,⚠️ verify current offer,"Monitoring record, not a certificate claim. Verify the current official credential/course and price before calling it free.",Varies,Varies,Provider-dependent,Unknown,Varies,Provider-dependent,Varies,https://certification.kaspersky.com/,C,Не начато,Source watch — auto review,2026-08-31,,curated,discovery
SRCX-13dc765977f3,Global,Kubernetes,Kubernetes — EdTech source & credential directory,source-watch,EdTech,EdTech,catalog,⚠️ verify current offer,"Monitoring record, not a certificate claim. Verify the current official credential/course and price before calling it free.",Varies,Varies,Provider-dependent,Unknown,Varies,Provider-dependent,Varies,https://kubernetes.io/training/,C,Не начато,Source watch — auto review,2026-08-31,,curated,discovery
SRCX-03624a838b9b,United States,MongoDB,MongoDB — EdTech source & credential directory,source-watch,EdTech,EdTech,catalog,⚠️ verify current offer,"Monitoring record, not a certificate claim. Verify the current official credential/course and price before calling it free.",Varies,Varies,Provider-dependent,Unknown,Varies,Provider-dependent,Varies,https://learn.mongodb.com/,C,Не начато,Source watch — auto review,2026-08-31,,curated,discovery
SRCX-0c8cc7b7c887,United Kingdom,National Physical Laboratory,National Physical Laboratory — EdTech source & credential directory,source-watch,EdTech,EdTech,catalog,⚠️ verify current offer,"Monitoring record, not a certificate claim. Verify the current official credential/course and price before calling it free.",Varies,Varies,Provider-dependent,Unknown,Varies,Provider-dependent,Varies,https://www.npl.co.uk/education-training,C,Не начато,Source watch — auto review,2026-08-31,,curated,discovery
SRCX-1582abdbfdf0,United States,New Relic,New Relic — EdTech source & credential directory,source-watch,EdTech,EdTech,catalog,⚠️ verify current offer,"Monitoring record, not a certificate claim. Verify the current official credential/course and price before calling it free.",Varies,Varies,Provider-dependent,Unknown,Varies,Provider-dependent,Varies,https://learn.newrelic.com/,C,Не начато,Source watch — auto review,2026-08-31,,curated,discovery
SRCX-064fcaf939a6,United States,NIST,NIST — EdTech source & credential directory,source-watch,EdTech,EdTech,catalog,⚠️ verify current offer,"Monitoring record, not a certificate claim. Verify the current official credential/course and price before calling it free.",Varies,Varies,Provider-dependent,Unknown,Varies,Provider-dependent,Varies,https://www.nist.gov/,C,Не начато,Source watch — auto review,2026-08-31,,curated,discovery
SRCX-0621d132bb5e,Global,NumPy,NumPy — EdTech source & credential directory,source-watch,EdTech,EdTech,catalog,⚠️ verify current offer,"Monitoring record, not a certificate claim. Verify the current official credential/course and price before calling it free.",Varies,Varies,Provider-dependent,Unknown,Varies,Provider-dependent,Varies,https://numpy.org/,C,Не начато,Source watch — auto review,2026-08-31,,curated,discovery
SRCX-03866eb2ef46,United States,Oracle,Oracle — EdTech source & credential directory,source-watch,EdTech,EdTech,catalog,⚠️ verify current offer,"Monitoring record, not a certificate claim. Verify the current official credential/course and price before calling it free.",Varies,Varies,Provider-dependent,Unknown,Varies,Provider-dependent,Varies,https://www.oracle.com/education/certification/,C,Не начато,Source watch — auto review,2026-08-31,,curated,discovery
SRCX-15bd94226ecf,United States,Palo Alto Networks,Palo Alto Networks — EdTech source & credential directory,source-watch,EdTech,EdTech,catalog,⚠️ verify current offer,"Monitoring record, not a certificate claim. Verify the current official credential/course and price before calling it free.",Varies,Varies,Provider-dependent,Unknown,Varies,Provider-dependent,Varies,https://www.paloaltonetworks.com/services/education,C,Не начато,Source watch — auto review,2026-08-31,,curated,discovery
SRCX-0f1cd44e692c,Global,pandas,pandas — EdTech source & credential directory,source-watch,EdTech,EdTech,catalog,⚠️ verify current offer,"Monitoring record, not a certificate claim. Verify the current official credential/course and price before calling it free.",Varies,Varies,Provider-dependent,Unknown,Varies,Provider-dependent,Varies,https://pandas.pydata.org/,C,Не начато,Source watch — auto review,2026-08-31,,curated,discovery
SRCX-091066b00852,United States,PMI,PMI — EdTech source & credential directory,source-watch,EdTech,EdTech,catalog,⚠️ verify current offer,"Monitoring record, not a certificate claim. Verify the current official credential/course and price before calling it free.",Varies,Varies,Provider-dependent,Unknown,Varies,Provider-dependent,Varies,https://www.pmi.org/learning,C,Не начато,Source watch — auto review,2026-08-31,,curated,discovery
SRCX-120cc5f93fd2,Germany,Siemens,Siemens — EdTech source & credential directory,source-watch,EdTech,EdTech,catalog,⚠️ verify current offer,"Monitoring record, not a certificate claim. Verify the current official credential/course and price before calling it free.",Varies,Varies,Provider-dependent,Unknown,Varies,Provider-dependent,Varies,https://www.siemens.com/training,C,Не начато,Source watch — auto review,2026-08-31,,curated,discovery
SRCX-1325b10a3125,Global,WHO Academy,WHO Academy — EdTech source & credential directory,source-watch,EdTech,EdTech,catalog,⚠️ verify current offer,"Monitoring record, not a certificate claim. Verify the current official credential/course and price before calling it free.",Varies,Varies,Provider-dependent,Unknown,Varies,Provider-dependent,Varies,https://www.who.int/about/who-academy,C,Не начато,Source watch — auto review,2026-08-31,,curated,discovery
SRCX-0d2c1945805e,Global,Apache Spark,Apache Spark — Electronics source & credential directory,source-watch,Electronics,Electronics,catalog,⚠️ verify current offer,"Monitoring record, not a certificate claim. Verify the current official credential/course and price before calling it free.",Varies,Varies,Provider-dependent,Unknown,Varies,Provider-dependent,Varies,https://spark.apache.org/,C,Не начато,Source watch — auto review,2026-08-31,,curated,discovery
SRCX-0a9949d753da,Germany,Bosch Rexroth,Bosch Rexroth — Electronics source & credential directory,source-watch,Electronics,Electronics,catalog,⚠️ verify current offer,"Monitoring record, not a certificate claim. Verify the current official credential/course and price before calling it free.",Varies,Varies,Provider-dependent,Unknown,Varies,Provider-dependent,Varies,https://www.boschrexroth.com/en/xc/training/,C,Не начато,Source watch — auto review,2026-08-31,,curated,discovery
SRCX-08f837d6dfa7,Germany,Festo,Festo — Electronics source & credential directory,source-watch,Electronics,Electronics,catalog,⚠️ verify current offer,"Monitoring record, not a certificate claim. Verify the current official credential/course and price before calling it free.",Varies,Varies,Provider-dependent,Unknown,Varies,Provider-dependent,Varies,https://www.festo.com/us/en/e/academy/,C,Не начато,Source watch — auto review,2026-08-31,,curated,discovery
SRCX-0a180f3cbb2f,United States,GitHub Skills,GitHub Skills — Electronics source & credential directory,source-watch,Electronics,Electronics,catalog,⚠️ verify current offer,"Monitoring record, not a certificate claim. Verify the current official credential/course and price before calling it free.",Varies,Varies,Provider-dependent,Unknown,Varies,Provider-dependent,Varies,https://skills.github.com/,C,Не начато,Source watch — auto review,2026-08-31,,curated,discovery
SRCX-0c0372a157ba,Malta,Hack The Box,Hack The Box — Electronics source & credential directory,source-watch,Electronics,Electronics,catalog,⚠️ verify current offer,"Monitoring record, not a certificate claim. Verify the current official credential/course and price before calling it free.",Varies,Varies,Provider-dependent,Unknown,Varies,Provider-dependent,Varies,https://academy.hackthebox.com/,C,Не начато,Source watch — auto review,2026-08-31,,curated,discovery
SRCX-00046f9e109b,United States,Kaggle,Kaggle — Electronics source & credential directory,source-watch,Electronics,Electronics,catalog,⚠️ verify current offer,"Monitoring record, not a certificate claim. Verify the current official credential/course and price before calling it free.",Varies,Varies,Provider-dependent,Unknown,Varies,Provider-dependent,Varies,https://www.kaggle.com/learn,C,Не начато,Source watch — auto review,2026-08-31,,curated,discovery
SRCX-0548442b3d06,Russia,Kaspersky,Kaspersky — Electronics source & credential directory,source-watch,Electronics,Electronics,catalog,⚠️ verify current offer,"Monitoring record, not a certificate claim. Verify the current official credential/course and price before calling it free.",Varies,Varies,Provider-dependent,Unknown,Varies,Provider-dependent,Varies,https://certification.kaspersky.com/,C,Не начато,Source watch — auto review,2026-08-31,,curated,discovery
SRCX-010fb4d17c52,Global,OpenSSF Scorecard,OpenSSF Scorecard — Electronics source & credential directory,source-watch,Electronics,Electronics,catalog,⚠️ verify current offer,"Monitoring record, not a certificate claim. Verify the current official credential/course and price before calling it free.",Varies,Varies,Provider-dependent,Unknown,Varies,Provider-dependent,Varies,https://scorecard.dev/,C,Не начато,Source watch — auto review,2026-08-31,,curated,discovery
SRCX-1379d7590995,Canada,PECB,PECB — Electronics source & credential directory,source-watch,Electronics,Electronics,catalog,⚠️ verify current offer,"Monitoring record, not a certificate claim. Verify the current official credential/course and price before calling it free.",Varies,Varies,Provider-dependent,Unknown,Varies,Provider-dependent,Varies,https://pecb.com/,C,Не начато,Source watch — auto review,2026-08-31,,curated,discovery
SRCX-0d59bebcc27f,United States,Power BI / Microsoft,Power BI / Microsoft — Electronics source & credential directory,source-watch,Electronics,Electronics,catalog,⚠️ verify current offer,"Monitoring record, not a certificate claim. Verify the current official credential/course and price before calling it free.",Varies,Varies,Provider-dependent,Unknown,Varies,Provider-dependent,Varies,https://learn.microsoft.com/training/powerplatform/power-bi/,C,Не начато,Source watch — auto review,2026-08-31,,curated,discovery
SRCX-138ab3672c0d,United States,PTC,PTC — Electronics source & credential directory,source-watch,Electronics,Electronics,catalog,⚠️ verify current offer,"Monitoring record, not a certificate claim. Verify the current official credential/course and price before calling it free.",Varies,Varies,Provider-dependent,Unknown,Varies,Provider-dependent,Varies,https://www.ptc.com/en/academic-program,C,Не начато,Source watch — auto review,2026-08-31,,curated,discovery
SRCX-0ec5c92ebc77,United States,PyTorch,PyTorch — Electronics source & credential directory,source-watch,Electronics,Electronics,catalog,⚠️ verify current offer,"Monitoring record, not a certificate claim. Verify the current official credential/course and price before calling it free.",Varies,Varies,Provider-dependent,Unknown,Varies,Provider-dependent,Varies,https://pytorch.org/,C,Не начато,Source watch — auto review,2026-08-31,,curated,discovery
SRCX-143b97c7c6d0,Global,QGIS,QGIS — Electronics source & credential directory,source-watch,Electronics,Electronics,catalog,⚠️ verify current offer,"Monitoring record, not a certificate claim. Verify the current official credential/course and price before calling it free.",Varies,Varies,Provider-dependent,Unknown,Varies,Provider-dependent,Varies,https://www.qgis.org/en/site/forusers/trainingmaterial/,C,Не начато,Source watch — auto review,2026-08-31,,curated,discovery
SRCX-0a4d863a0332,Russia,Roscosmos Education,Roscosmos Education — Electronics source & credential directory,source-watch,Electronics,Electronics,catalog,⚠️ verify current offer,"Monitoring record, not a certificate claim. Verify the current official credential/course and price before calling it free.",Varies,Varies,Provider-dependent,Unknown,Varies,Provider-dependent,Varies,https://www.roscosmos.ru/,C,Не начато,Source watch — auto review,2026-08-31,,curated,discovery
SRCX-048de4a21d80,France,Schneider Electric,Schneider Electric — Electronics source & credential directory,source-watch,Electronics,Electronics,catalog,⚠️ verify current offer,"Monitoring record, not a certificate claim. Verify the current official credential/course and price before calling it free.",Varies,Varies,Provider-dependent,Unknown,Varies,Provider-dependent,Varies,https://www.se.com/ww/en/work/solutions/for-business/training/,C,Не начато,Source watch — auto review,2026-08-31,,curated,discovery
SRCX-0b71f9c51d6d,United States,Scrum Alliance,Scrum Alliance — Electronics source & credential directory,source-watch,Electronics,Electronics,catalog,⚠️ verify current offer,"Monitoring record, not a certificate claim. Verify the current official credential/course and price before calling it free.",Varies,Varies,Provider-dependent,Unknown,Varies,Provider-dependent,Varies,https://www.scrumalliance.org/get-certified,C,Не начато,Source watch — auto review,2026-08-31,,curated,discovery
SRCX-027f022f64e4,United States,Snowflake,Snowflake — Electronics source & credential directory,source-watch,Electronics,Electronics,catalog,⚠️ verify current offer,"Monitoring record, not a certificate claim. Verify the current official credential/course and price before calling it free.",Varies,Varies,Provider-dependent,Unknown,Varies,Provider-dependent,Varies,https://learn.snowflake.com/,C,Не начато,Source watch — auto review,2026-08-31,,curated,discovery
SRCX-0c428e658f7a,United States,Splunk,Splunk — Electronics source & credential directory,source-watch,Electronics,Electronics,catalog,⚠️ verify current offer,"Monitoring record, not a certificate claim. Verify the current official credential/course and price before calling it free.",Varies,Varies,Provider-dependent,Unknown,Varies,Provider-dependent,Varies,https://www.splunk.com/en_us/training.html,C,Не начато,Source watch — auto review,2026-08-31,,curated,discovery
SRCX-0b650d45198b,United States,Synopsys,Synopsys — Electronics source & credential directory,source-watch,Electronics,Electronics,catalog,⚠️ verify current offer,"Monitoring record, not a certificate claim. Verify the current official credential/course and price before calling it free.",Varies,Varies,Provider-dependent,Unknown,Varies,Provider-dependent,Varies,https://www.synopsys.com/,C,Не начато,Source watch — auto review,2026-08-31,,curated,discovery
SRCX-0cd096c7da5a,United States,Anthropic,Anthropic — Embedded source & credential directory,source-watch,Embedded,Embedded,catalog,⚠️ verify current offer,"Monitoring record, not a certificate claim. Verify the current official credential/course and price before calling it free.",Varies,Varies,Provider-dependent,Unknown,Varies,Provider-dependent,Varies,https://www.anthropic.com/,C,Не начато,Source watch — auto review,2026-08-31,,curated,discovery
SRCX-01742811fe83,United States,Cadence,Cadence — Embedded source & credential directory,source-watch,Embedded,Embedded,catalog,⚠️ verify current offer,"Monitoring record, not a certificate claim. Verify the current official credential/course and price before calling it free.",Varies,Varies,Provider-dependent,Unknown,Varies,Provider-dependent,Varies,https://www.cadence.com/,C,Не начато,Source watch — auto review,2026-08-31,,curated,discovery
SRCX-06e51bc38997,France,Dassault Aviation,Dassault Aviation — Embedded source & credential directory,source-watch,Embedded,Embedded,catalog,⚠️ verify current offer,"Monitoring record, not a certificate claim. Verify the current official credential/course and price before calling it free.",Varies,Varies,Provider-dependent,Unknown,Varies,Provider-dependent,Varies,https://www.dassault-aviation.com/,C,Не начато,Source watch — auto review,2026-08-31,,curated,discovery
SRCX-03c805f240dd,United States,Databricks,Databricks — Embedded source & credential directory,source-watch,Embedded,Embedded,catalog,⚠️ verify current offer,"Monitoring record, not a certificate claim. Verify the current official credential/course and price before calling it free.",Varies,Varies,Provider-dependent,Unknown,Varies,Provider-dependent,Varies,https://www.databricks.com/learn,C,Не начато,Source watch — auto review,2026-08-31,,curated,discovery
SRCX-0db3311d7a13,Europe,ESA,ESA — Embedded source & credential directory,source-watch,Embedded,Embedded,catalog,⚠️ verify current offer,"Monitoring record, not a certificate claim. Verify the current official credential/course and price before calling it free.",Varies,Varies,Provider-dependent,Unknown,Varies,Provider-dependent,Varies,https://learningzone.esa.int/,C,Не начато,Source watch — auto review,2026-08-31,,curated,discovery
SRCX-0cfbd9258caf,United States,Lattice Semiconductor,Lattice Semiconductor — Embedded source & credential directory,source-watch,Embedded,Embedded,catalog,⚠️ verify current offer,"Monitoring record, not a certificate claim. Verify the current official credential/course and price before calling it free.",Varies,Varies,Provider-dependent,Unknown,Varies,Provider-dependent,Varies,https://www.latticesemi.com/Support,C,Не начато,Source watch — auto review,2026-08-31,,curated,discovery
SRCX-0ccd69c61e43,United States,Marvell,Marvell — Embedded source & credential directory,source-watch,Embedded,Embedded,catalog,⚠️ verify current offer,"Monitoring record, not a certificate claim. Verify the current official credential/course and price before calling it free.",Varies,Varies,Provider-dependent,Unknown,Varies,Provider-dependent,Varies,https://www.marvell.com/,C,Не начато,Source watch — auto review,2026-08-31,,curated,discovery
SRCX-04c8c4617106,United States,MIT OpenCourseWare,MIT OpenCourseWare — Embedded source & credential directory,source-watch,Embedded,Embedded,catalog,⚠️ verify current offer,"Monitoring record, not a certificate claim. Verify the current official credential/course and price before calling it free.",Varies,Varies,Provider-dependent,Unknown,Varies,Provider-dependent,Varies,https://ocw.mit.edu/,C,Не начато,Source watch — auto review,2026-08-31,,curated,discovery
SRCX-08f413fd5a27,United States,Oracle,Oracle — Embedded source & credential directory,source-watch,Embedded,Embedded,catalog,⚠️ verify current offer,"Monitoring record, not a certificate claim. Verify the current official credential/course and price before calling it free.",Varies,Varies,Provider-dependent,Unknown,Varies,Provider-dependent,Varies,https://www.oracle.com/education/certification/,C,Не начато,Source watch — auto review,2026-08-31,,curated,discovery
SRCX-0f59b9fd5322,Global,Scikit-learn,Scikit-learn — Embedded source & credential directory,source-watch,Embedded,Embedded,catalog,⚠️ verify current offer,"Monitoring record, not a certificate claim. Verify the current official credential/course and price before calling it free.",Varies,Varies,Provider-dependent,Unknown,Varies,Provider-dependent,Varies,https://scikit-learn.org/,C,Не начато,Source watch — auto review,2026-08-31,,curated,discovery
SRCX-028563c65d56,United States,Unity,Unity — Embedded source & credential directory,source-watch,Embedded,Embedded,catalog,⚠️ verify current offer,"Monitoring record, not a certificate claim. Verify the current official credential/course and price before calling it free.",Varies,Varies,Provider-dependent,Unknown,Varies,Provider-dependent,Varies,https://learn.unity.com/,C,Не начато,Source watch — auto review,2026-08-31,,curated,discovery
SRCX-12ae8487e9dd,Global,3GPP,3GPP — Energy source & credential directory,source-watch,Energy,Energy,catalog,⚠️ verify current offer,"Monitoring record, not a certificate claim. Verify the current official credential/course and price before calling it free.",Varies,Varies,Provider-dependent,Unknown,Varies,Provider-dependent,Varies,https://www.3gpp.org/,C,Не начато,Source watch — auto review,2026-08-31,,curated,discovery
SRCX-0447ad31e3b8,Global,Coursera,Coursera — Energy source & credential directory,source-watch,Energy,Energy,catalog,⚠️ verify current offer,"Monitoring record, not a certificate claim. Verify the current official credential/course and price before calling it free.",Varies,Varies,Provider-dependent,Unknown,Varies,Provider-dependent,Varies,https://www.coursera.org/,C,Не начато,Source watch — auto review,2026-08-31,,curated,discovery
SRCX-08196897833a,United States,fast.ai,fast.ai — Energy source & credential directory,source-watch,Energy,Energy,catalog,⚠️ verify current offer,"Monitoring record, not a certificate claim. Verify the current official credential/course and price before calling it free.",Varies,Varies,Provider-dependent,Unknown,Varies,Provider-dependent,Varies,https://course.fast.ai/,C,Не начато,Source watch — auto review,2026-08-31,,curated,discovery
SRCX-14b8bc9ea1b0,Global,ITU Academy,ITU Academy — Energy source & credential directory,source-watch,Energy,Energy,catalog,⚠️ verify current offer,"Monitoring record, not a certificate claim. Verify the current official credential/course and price before calling it free.",Varies,Varies,Provider-dependent,Unknown,Varies,Provider-dependent,Varies,https://academy.itu.int/,C,Не начато,Source watch — auto review,2026-08-31,,curated,discovery
SRCX-050e73ef703e,United States,NIST,NIST — Energy source & credential directory,source-watch,Energy,Energy,catalog,⚠️ verify current offer,"Monitoring record, not a certificate claim. Verify the current official credential/course and price before calling it free.",Varies,Varies,Provider-dependent,Unknown,Varies,Provider-dependent,Varies,https://www.nist.gov/,C,Не начато,Source watch — auto review,2026-08-31,,curated,discovery
SRCX-0af21d3ebd4f,United States,Oracle,Oracle — Energy source & credential directory,source-watch,Energy,Energy,catalog,⚠️ verify current offer,"Monitoring record, not a certificate claim. Verify the current official credential/course and price before calling it free.",Varies,Varies,Provider-dependent,Unknown,Varies,Provider-dependent,Varies,https://www.oracle.com/education/certification/,C,Не начато,Source watch — auto review,2026-08-31,,curated,discovery
SRCX-1284d1e47b7b,Russia,RЭД СОФТ,RЭД СОФТ — Energy source & credential directory,source-watch,Energy,Energy,catalog,⚠️ verify current offer,"Monitoring record, not a certificate claim. Verify the current official credential/course and price before calling it free.",Varies,Varies,Provider-dependent,Unknown,Varies,Provider-dependent,Varies,https://education.red-soft.ru/,C,Не начато,Source watch — auto review,2026-08-31,,curated,discovery
SRCX-0d81a31213ae,Germany,Siemens Digital Industries Software,Siemens Digital Industries Software — Energy source & credential directory,source-watch,Energy,Energy,catalog,⚠️ verify current offer,"Monitoring record, not a certificate claim. Verify the current official credential/course and price before calling it free.",Varies,Varies,Provider-dependent,Unknown,Varies,Provider-dependent,Varies,https://training.plm.automation.siemens.com/,C,Не начато,Source watch — auto review,2026-08-31,,curated,discovery
SRCX-0d3406fd1edf,Global,The Carpentries,The Carpentries — Energy source & credential directory,source-watch,Energy,Energy,catalog,⚠️ verify current offer,"Monitoring record, not a certificate claim. Verify the current official credential/course and price before calling it free.",Varies,Varies,Provider-dependent,Unknown,Varies,Provider-dependent,Varies,https://carpentries.org/workshops/,C,Не начато,Source watch — auto review,2026-08-31,,curated,discovery
SRCX-1358040378bb,United States,Anthropic,Anthropic — Environmental Technology source & credential directory,source-watch,Environmental Technology,Environmental Technology,catalog,⚠️ verify current offer,"Monitoring record, not a certificate claim. Verify the current official credential/course and price before calling it free.",Varies,Varies,Provider-dependent,Unknown,Varies,Provider-dependent,Varies,https://www.anthropic.com/,C,Не начато,Source watch — auto review,2026-08-31,,curated,discovery
SRCX-06e8222d775f,Global,Apache Airflow,Apache Airflow — Environmental Technology source & credential directory,source-watch,Environmental Technology,Environmental Technology,catalog,⚠️ verify current offer,"Monitoring record, not a certificate claim. Verify the current official credential/course and price before calling it free.",Varies,Varies,Provider-dependent,Unknown,Varies,Provider-dependent,Varies,https://airflow.apache.org/,C,Не начато,Source watch — auto review,2026-08-31,,curated,discovery
SRCX-0a4b992cdaab,Italy,Arduino,Arduino — Environmental Technology source & credential directory,source-watch,Environmental Technology,Environmental Technology,catalog,⚠️ verify current offer,"Monitoring record, not a certificate claim. Verify the current official credential/course and price before calling it free.",Varies,Varies,Provider-dependent,Unknown,Varies,Provider-dependent,Varies,https://docs.arduino.cc/,C,Не начато,Source watch — auto review,2026-08-31,,curated,discovery
SRCX-06d448ca13a9,United States,AWS,AWS — Environmental Technology source & credential directory,source-watch,Environmental Technology,Environmental Technology,catalog,⚠️ verify current offer,"Monitoring record, not a certificate claim. Verify the current official credential/course and price before calling it free.",Varies,Varies,Provider-dependent,Unknown,Varies,Provider-dependent,Varies,https://aws.amazon.com/training/,C,Не начато,Source watch — auto review,2026-08-31,,curated,discovery
SRCX-0d12076ecaab,Global,Cloud Security Alliance,Cloud Security Alliance — Environmental Technology source & credential directory,source-watch,Environmental Technology,Environmental Technology,catalog,⚠️ verify current offer,"Monitoring record, not a certificate claim. Verify the current official credential/course and price before calling it free.",Varies,Varies,Provider-dependent,Unknown,Varies,Provider-dependent,Varies,https://cloudsecurityalliance.org/education,C,Не начато,Source watch — auto review,2026-08-31,,curated,discovery
SRCX-0e4037ce77ff,United States,CompTIA,CompTIA — Environmental Technology source & credential directory,source-watch,Environmental Technology,Environmental Technology,catalog,⚠️ verify current offer,"Monitoring record, not a certificate claim. Verify the current official credential/course and price before calling it free.",Varies,Varies,Provider-dependent,Unknown,Varies,Provider-dependent,Varies,https://www.comptia.org/certifications,C,Не начато,Source watch — auto review,2026-08-31,,curated,discovery
SRCX-0257bf7c9d64,United States,Docker,Docker — Environmental Technology source & credential directory,source-watch,Environmental Technology,Environmental Technology,catalog,⚠️ verify current offer,"Monitoring record, not a certificate claim. Verify the current official credential/course and price before calling it free.",Varies,Varies,Provider-dependent,Unknown,Varies,Provider-dependent,Varies,https://www.docker.com/education/,C,Не начато,Source watch — auto review,2026-08-31,,curated,discovery
SRCX-0c86d14b5423,European Union,EIT Health,EIT Health — Environmental Technology source & credential directory,source-watch,Environmental Technology,Environmental Technology,catalog,⚠️ verify current offer,"Monitoring record, not a certificate claim. Verify the current official credential/course and price before calling it free.",Varies,Varies,Provider-dependent,Unknown,Varies,Provider-dependent,Varies,https://eithealth.eu/,C,Не начато,Source watch — auto review,2026-08-31,,curated,discovery
SRCX-06ae48d78eac,United States,Elastic,Elastic — Environmental Technology source & credential directory,source-watch,Environmental Technology,Environmental Technology,catalog,⚠️ verify current offer,"Monitoring record, not a certificate claim. Verify the current official credential/course and price before calling it free.",Varies,Varies,Provider-dependent,Unknown,Varies,Provider-dependent,Varies,https://www.elastic.co/training/,C,Не начато,Source watch — auto review,2026-08-31,,curated,discovery
SRCX-07ec0724285d,United Kingdom/Global,GSMA,GSMA — Environmental Technology source & credential directory,source-watch,Environmental Technology,Environmental Technology,catalog,⚠️ verify current offer,"Monitoring record, not a certificate claim. Verify the current official credential/course and price before calling it free.",Varies,Varies,Provider-dependent,Unknown,Varies,Provider-dependent,Varies,https://www.gsma.com/,C,Не начато,Source watch — auto review,2026-08-31,,curated,discovery
SRCX-062318a629a9,Global,IETF,IETF — Environmental Technology source & credential directory,source-watch,Environmental Technology,Environmental Technology,catalog,⚠️ verify current offer,"Monitoring record, not a certificate claim. Verify the current official credential/course and price before calling it free.",Varies,Varies,Provider-dependent,Unknown,Varies,Provider-dependent,Varies,https://www.ietf.org/education/,C,Не начато,Source watch — auto review,2026-08-31,,curated,discovery
SRCX-0d5f5c711ffe,United States,Juniper Networks,Juniper Networks — Environmental Technology source & credential directory,source-watch,Environmental Technology,Environmental Technology,catalog,⚠️ verify current offer,"Monitoring record, not a certificate claim. Verify the current official credential/course and price before calling it free.",Varies,Varies,Provider-dependent,Unknown,Varies,Provider-dependent,Varies,https://www.juniper.net/us/en/training/certification.html,C,Не начато,Source watch — auto review,2026-08-31,,curated,discovery
SRCX-0b13669f5676,Global,Jupyter,Jupyter — Environmental Technology source & credential directory,source-watch,Environmental Technology,Environmental Technology,catalog,⚠️ verify current offer,"Monitoring record, not a certificate claim. Verify the current official credential/course and price before calling it free.",Varies,Varies,Provider-dependent,Unknown,Varies,Provider-dependent,Varies,https://jupyter.org/,C,Не начато,Source watch — auto review,2026-08-31,,curated,discovery
SRCX-0bef7607ff0a,United States,Lattice Semiconductor,Lattice Semiconductor — Environmental Technology source & credential directory,source-watch,Environmental Technology,Environmental Technology,catalog,⚠️ verify current offer,"Monitoring record, not a certificate claim. Verify the current official credential/course and price before calling it free.",Varies,Varies,Provider-dependent,Unknown,Varies,Provider-dependent,Varies,https://www.latticesemi.com/Support,C,Не начато,Source watch — auto review,2026-08-31,,curated,discovery
SRCX-0c590bf67f94,United States,Netlify,Netlify — Environmental Technology source & credential directory,source-watch,Environmental Technology,Environmental Technology,catalog,⚠️ verify current offer,"Monitoring record, not a certificate claim. Verify the current official credential/course and price before calling it free.",Varies,Varies,Provider-dependent,Unknown,Varies,Provider-dependent,Varies,https://www.netlify.com/learn/,C,Не начато,Source watch — auto review,2026-08-31,,curated,discovery
SRCX-0fa0b0b0a237,Global,NumPy,NumPy — Environmental Technology source & credential directory,source-watch,Environmental Technology,Environmental Technology,catalog,⚠️ verify current offer,"Monitoring record, not a certificate claim. Verify the current official credential/course and price before calling it free.",Varies,Varies,Provider-dependent,Unknown,Varies,Provider-dependent,Varies,https://numpy.org/,C,Не начато,Source watch — auto review,2026-08-31,,curated,discovery
SRCX-1239b2fa70b8,Russia,Roscosmos Education,Roscosmos Education — Environmental Technology source & credential directory,source-watch,Environmental Technology,Environmental Technology,catalog,⚠️ verify current offer,"Monitoring record, not a certificate claim. Verify the current official credential/course and price before calling it free.",Varies,Varies,Provider-dependent,Unknown,Varies,Provider-dependent,Varies,https://www.roscosmos.ru/,C,Не начато,Source watch — auto review,2026-08-31,,curated,discovery
SRCX-077f88c339ad,United States,SANS Institute,SANS Institute — Environmental Technology source & credential directory,source-watch,Environmental Technology,Environmental Technology,catalog,⚠️ verify current offer,"Monitoring record, not a certificate claim. Verify the current official credential/course and price before calling it free.",Varies,Varies,Provider-dependent,Unknown,Varies,Provider-dependent,Varies,https://www.sans.org/,C,Не начато,Source watch — auto review,2026-08-31,,curated,discovery
SRCX-06ddeda532bb,United States,TensorFlow,TensorFlow — Environmental Technology source & credential directory,source-watch,Environmental Technology,Environmental Technology,catalog,⚠️ verify current offer,"Monitoring record, not a certificate claim. Verify the current official credential/course and price before calling it free.",Varies,Varies,Provider-dependent,Unknown,Varies,Provider-dependent,Varies,https://www.tensorflow.org/certificate,C,Не начато,Source watch — auto review,2026-08-31,,curated,discovery
SRCX-04d5bd61ae1a,United States,Xilinx / AMD Adaptive Computing,Xilinx / AMD Adaptive Computing — Environmental Technology source & credential directory,source-watch,Environmental Technology,Environmental Technology,catalog,⚠️ verify current offer,"Monitoring record, not a certificate claim. Verify the current official credential/course and price before calling it free.",Varies,Varies,Provider-dependent,Unknown,Varies,Provider-dependent,Varies,https://www.amd.com/en/corporate/university-programs.html,C,Не начато,Source watch — auto review,2026-08-31,,curated,discovery
SRCX-0ecd1fb60ea4,Russia,Открытое образование,Открытое образование — Environmental Technology source & credential directory,source-watch,Environmental Technology,Environmental Technology,catalog,⚠️ verify current offer,"Monitoring record, not a certificate claim. Verify the current official credential/course and price before calling it free.",Varies,Varies,Provider-dependent,Unknown,Varies,Provider-dependent,Varies,https://openedu.ru/,C,Не начато,Source watch — auto review,2026-08-31,,curated,discovery
SRCX-036dc24ab1dd,United States,EC-Council,EC-Council — FEA source & credential directory,source-watch,FEA,FEA,catalog,⚠️ verify current offer,"Monitoring record, not a certificate claim. Verify the current official credential/course and price before calling it free.",Varies,Varies,Provider-dependent,Unknown,Varies,Provider-dependent,Varies,https://www.eccouncil.org/train-certify/,C,Не начато,Source watch — auto review,2026-08-31,,curated,discovery
SRCX-12b3605393a8,European Union,EIT Climate-KIC,EIT Climate-KIC — FEA source & credential directory,source-watch,FEA,FEA,catalog,⚠️ verify current offer,"Monitoring record, not a certificate claim. Verify the current official credential/course and price before calling it free.",Varies,Varies,Provider-dependent,Unknown,Varies,Provider-dependent,Varies,https://www.climate-kic.org/,C,Не начато,Source watch — auto review,2026-08-31,,curated,discovery
SRCX-0b493f73db1d,United States,Epic Games,Epic Games — FEA source & credential directory,source-watch,FEA,FEA,catalog,⚠️ verify current offer,"Monitoring record, not a certificate claim. Verify the current official credential/course and price before calling it free.",Varies,Varies,Provider-dependent,Unknown,Varies,Provider-dependent,Varies,https://dev.epicgames.com/community/,C,Не начато,Source watch — auto review,2026-08-31,,curated,discovery
SRCX-069257f02626,Global,FAO eLearning Academy,FAO eLearning Academy — FEA source & credential directory,source-watch,FEA,FEA,catalog,⚠️ verify current offer,"Monitoring record, not a certificate claim. Verify the current official credential/course and price before calling it free.",Varies,Varies,Provider-dependent,Unknown,Varies,Provider-dependent,Varies,https://elearning.fao.org/,C,Не начато,Source watch — auto review,2026-08-31,,curated,discovery
SRCX-07006b403683,United States,fast.ai,fast.ai — FEA source & credential directory,source-watch,FEA,FEA,catalog,⚠️ verify current offer,"Monitoring record, not a certificate claim. Verify the current official credential/course and price before calling it free.",Varies,Varies,Provider-dependent,Unknown,Varies,Provider-dependent,Varies,https://course.fast.ai/,C,Не начато,Source watch — auto review,2026-08-31,,curated,discovery
SRCX-0c0e441df00f,United States,GitLab Learn,GitLab Learn — FEA source & credential directory,source-watch,FEA,FEA,catalog,⚠️ verify current offer,"Monitoring record, not a certificate claim. Verify the current official credential/course and price before calling it free.",Varies,Varies,Provider-dependent,Unknown,Varies,Provider-dependent,Varies,https://about.gitlab.com/learn/,C,Не начато,Source watch — auto review,2026-08-31,,curated,discovery
SRCX-1031cb82a0f2,United States,Google for Developers,Google for Developers — FEA source & credential directory,source-watch,FEA,FEA,catalog,⚠️ verify current offer,"Monitoring record, not a certificate claim. Verify the current official credential/course and price before calling it free.",Varies,Varies,Provider-dependent,Unknown,Varies,Provider-dependent,Varies,https://developers.google.com/profile/badges,C,Не начато,Source watch — auto review,2026-08-31,,curated,discovery
SRCX-072371e5e83c,Malta,Hack The Box,Hack The Box — FEA source & credential directory,source-watch,FEA,FEA,catalog,⚠️ verify current offer,"Monitoring record, not a certificate claim. Verify the current official credential/course and price before calling it free.",Varies,Varies,Provider-dependent,Unknown,Varies,Provider-dependent,Varies,https://academy.hackthebox.com/,C,Не начато,Source watch — auto review,2026-08-31,,curated,discovery
SRCX-110567c7c803,Germany,Infineon,Infineon — FEA source & credential directory,source-watch,FEA,FEA,catalog,⚠️ verify current offer,"Monitoring record, not a certificate claim. Verify the current official credential/course and price before calling it free.",Varies,Varies,Provider-dependent,Unknown,Varies,Provider-dependent,Varies,https://www.infineon.com/cms/en/training/,C,Не начато,Source watch — auto review,2026-08-31,,curated,discovery
SRCX-019acfc47b87,United States,JFrog,JFrog — FEA source & credential directory,source-watch,FEA,FEA,catalog,⚠️ verify current offer,"Monitoring record, not a certificate claim. Verify the current official credential/course and price before calling it free.",Varies,Varies,Provider-dependent,Unknown,Varies,Provider-dependent,Varies,https://academy.jfrog.com/,C,Не начато,Source watch — auto review,2026-08-31,,curated,discovery
SRCX-0ad37638ccd6,Switzerland,KNIME,KNIME — FEA source & credential directory,source-watch,FEA,FEA,catalog,⚠️ verify current offer,"Monitoring record, not a certificate claim. Verify the current official credential/course and price before calling it free.",Varies,Varies,Provider-dependent,Unknown,Varies,Provider-dependent,Varies,https://www.knime.com/learning,C,Не начато,Source watch — auto review,2026-08-31,,curated,discovery
SRCX-13056a691c5f,Global,Kubernetes,Kubernetes — FEA source & credential directory,source-watch,FEA,FEA,catalog,⚠️ verify current offer,"Monitoring record, not a certificate claim. Verify the current official credential/course and price before calling it free.",Varies,Varies,Provider-dependent,Unknown,Varies,Provider-dependent,Varies,https://kubernetes.io/training/,C,Не начато,Source watch — auto review,2026-08-31,,curated,discovery
SRCX-05ae506eae8b,Canada,Linux Professional Institute,Linux Professional Institute — FEA source & credential directory,source-watch,FEA,FEA,catalog,⚠️ verify current offer,"Monitoring record, not a certificate claim. Verify the current official credential/course and price before calling it free.",Varies,Varies,Provider-dependent,Unknown,Varies,Provider-dependent,Varies,https://www.lpi.org/,C,Не начато,Source watch — auto review,2026-08-31,,curated,discovery
SRCX-11388960ba52,United States,MathWorks,MathWorks — FEA source & credential directory,source-watch,FEA,FEA,catalog,⚠️ verify current offer,"Monitoring record, not a certificate claim. Verify the current official credential/course and price before calling it free.",Varies,Varies,Provider-dependent,Unknown,Varies,Provider-dependent,Varies,https://www.mathworks.com/learn/training.html,C,Не начато,Source watch — auto review,2026-08-31,,curated,discovery
SRCX-0259726db547,United States,New Relic,New Relic — FEA source & credential directory,source-watch,FEA,FEA,catalog,⚠️ verify current offer,"Monitoring record, not a certificate claim. Verify the current official credential/course and price before calling it free.",Varies,Varies,Provider-dependent,Unknown,Varies,Provider-dependent,Varies,https://learn.newrelic.com/,C,Не начато,Source watch — auto review,2026-08-31,,curated,discovery
SRCX-0601918003aa,Global,PostgreSQL,PostgreSQL — FEA source & credential directory,source-watch,FEA,FEA,catalog,⚠️ verify current offer,"Monitoring record, not a certificate claim. Verify the current official credential/course and price before calling it free.",Varies,Varies,Provider-dependent,Unknown,Varies,Provider-dependent,Varies,https://www.postgresql.org/,C,Не начато,Source watch — auto review,2026-08-31,,curated,discovery
SRCX-032ca550c0e2,United States,Salesforce Trailhead,Salesforce Trailhead — FEA source & credential directory,source-watch,FEA,FEA,catalog,⚠️ verify current offer,"Monitoring record, not a certificate claim. Verify the current official credential/course and price before calling it free.",Varies,Varies,Provider-dependent,Unknown,Varies,Provider-dependent,Varies,https://trailhead.salesforce.com/,C,Не начато,Source watch — auto review,2026-08-31,,curated,discovery
SRCX-0f305b5595d7,United States,Snowflake,Snowflake — FEA source & credential directory,source-watch,FEA,FEA,catalog,⚠️ verify current offer,"Monitoring record, not a certificate claim. Verify the current official credential/course and price before calling it free.",Varies,Varies,Provider-dependent,Unknown,Varies,Provider-dependent,Varies,https://learn.snowflake.com/,C,Не начато,Source watch — auto review,2026-08-31,,curated,discovery
SRCX-044c30235905,Global,The Carpentries,The Carpentries — FEA source & credential directory,source-watch,FEA,FEA,catalog,⚠️ verify current offer,"Monitoring record, not a certificate claim. Verify the current official credential/course and price before calling it free.",Varies,Varies,Provider-dependent,Unknown,Varies,Provider-dependent,Varies,https://carpentries.org/workshops/,C,Не начато,Source watch — auto review,2026-08-31,,curated,discovery
SRCX-028b68072c70,United States,Anthropic,Anthropic — FPGA source & credential directory,source-watch,FPGA,FPGA,catalog,⚠️ verify current offer,"Monitoring record, not a certificate claim. Verify the current official credential/course and price before calling it free.",Varies,Varies,Provider-dependent,Unknown,Varies,Provider-dependent,Varies,https://www.anthropic.com/,C,Не начато,Source watch — auto review,2026-08-31,,curated,discovery
SRCX-0b07262a6b91,United States,Autodesk,Autodesk — FPGA source & credential directory,source-watch,FPGA,FPGA,catalog,⚠️ verify current offer,"Monitoring record, not a certificate claim. Verify the current official credential/course and price before calling it free.",Varies,Varies,Provider-dependent,Unknown,Varies,Provider-dependent,Varies,https://www.autodesk.com/certification/overview,C,Не начато,Source watch — auto review,2026-08-31,,curated,discovery
SRCX-08d5d96300b7,Global,Chainlink,Chainlink — FPGA source & credential directory,source-watch,FPGA,FPGA,catalog,⚠️ verify current offer,"Monitoring record, not a certificate claim. Verify the current official credential/course and price before calling it free.",Varies,Varies,Provider-dependent,Unknown,Varies,Provider-dependent,Varies,https://docs.chain.link/,C,Не начато,Source watch — auto review,2026-08-31,,curated,discovery
SRCX-1246b0137c56,United States,Class Central,Class Central — FPGA source & credential directory,source-watch,FPGA,FPGA,catalog,⚠️ verify current offer,"Monitoring record, not a certificate claim. Verify the current official credential/course and price before calling it free.",Varies,Varies,Provider-dependent,Unknown,Varies,Provider-dependent,Varies,https://www.classcentral.com/,C,Не начато,Source watch — auto review,2026-08-31,,curated,discovery
SRCX-016306efa2e0,Global,Eclipse Foundation,Eclipse Foundation — FPGA source & credential directory,source-watch,FPGA,FPGA,catalog,⚠️ verify current offer,"Monitoring record, not a certificate claim. Verify the current official credential/course and price before calling it free.",Varies,Varies,Provider-dependent,Unknown,Varies,Provider-dependent,Varies,https://www.eclipse.org/org/workinggroups/,C,Не начато,Source watch — auto review,2026-08-31,,curated,discovery
SRCX-0617e81f9b82,Sweden,Grafana Labs,Grafana Labs — FPGA source & credential directory,source-watch,FPGA,FPGA,catalog,⚠️ verify current offer,"Monitoring record, not a certificate claim. Verify the current official credential/course and price before calling it free.",Varies,Varies,Provider-dependent,Unknown,Varies,Provider-dependent,Varies,https://grafana.com/training/,C,Не начато,Source watch — auto review,2026-08-31,,curated,discovery
SRCX-0722000dc9fe,Global,ISC2,ISC2 — FPGA source & credential directory,source-watch,FPGA,FPGA,catalog,⚠️ verify current offer,"Monitoring record, not a certificate claim. Verify the current official credential/course and price before calling it free.",Varies,Varies,Provider-dependent,Unknown,Varies,Provider-dependent,Varies,https://www.isc2.org/certifications,C,Не начато,Source watch — auto review,2026-08-31,,curated,discovery
SRCX-0cde25b9a0cc,Global,ISC2 Learning,ISC2 Learning — FPGA source & credential directory,source-watch,FPGA,FPGA,catalog,⚠️ verify current offer,"Monitoring record, not a certificate claim. Verify the current official credential/course and price before calling it free.",Varies,Varies,Provider-dependent,Unknown,Varies,Provider-dependent,Varies,https://www.isc2.org/training,C,Не начато,Source watch — auto review,2026-08-31,,curated,discovery
SRCX-00027b222152,United States,Khan Academy,Khan Academy — FPGA source & credential directory,source-watch,FPGA,FPGA,catalog,⚠️ verify current offer,"Monitoring record, not a certificate claim. Verify the current official credential/course and price before calling it free.",Varies,Varies,Provider-dependent,Unknown,Varies,Provider-dependent,Varies,https://www.khanacademy.org/,C,Не начато,Source watch — auto review,2026-08-31,,curated,discovery
SRCX-156db1f2fa3f,Global,Kubernetes,Kubernetes — FPGA source & credential directory,source-watch,FPGA,FPGA,catalog,⚠️ verify current offer,"Monitoring record, not a certificate claim. Verify the current official credential/course and price before calling it free.",Varies,Varies,Provider-dependent,Unknown,Varies,Provider-dependent,Varies,https://kubernetes.io/training/,C,Не начато,Source watch — auto review,2026-08-31,,curated,discovery
SRCX-0e3a580457e6,United States,PMI,PMI — FPGA source & credential directory,source-watch,FPGA,FPGA,catalog,⚠️ verify current offer,"Monitoring record, not a certificate claim. Verify the current official credential/course and price before calling it free.",Varies,Varies,Provider-dependent,Unknown,Varies,Provider-dependent,Varies,https://www.pmi.org/learning,C,Не начато,Source watch — auto review,2026-08-31,,curated,discovery
SRCX-11f8e07947a7,United States,PyTorch,PyTorch — FPGA source & credential directory,source-watch,FPGA,FPGA,catalog,⚠️ verify current offer,"Monitoring record, not a certificate claim. Verify the current official credential/course and price before calling it free.",Varies,Varies,Provider-dependent,Unknown,Varies,Provider-dependent,Varies,https://pytorch.org/,C,Не начато,Source watch — auto review,2026-08-31,,curated,discovery
SRCX-0c8598c56140,Global,QGIS,QGIS — FPGA source & credential directory,source-watch,FPGA,FPGA,catalog,⚠️ verify current offer,"Monitoring record, not a certificate claim. Verify the current official credential/course and price before calling it free.",Varies,Varies,Provider-dependent,Unknown,Varies,Provider-dependent,Varies,https://www.qgis.org/en/site/forusers/trainingmaterial/,C,Не начато,Source watch — auto review,2026-08-31,,curated,discovery
SRCX-081d963214c7,United States,Qualcomm,Qualcomm — FPGA source & credential directory,source-watch,FPGA,FPGA,catalog,⚠️ verify current offer,"Monitoring record, not a certificate claim. Verify the current official credential/course and price before calling it free.",Varies,Varies,Provider-dependent,Unknown,Varies,Provider-dependent,Varies,https://www.qualcomm.com/developer,C,Не начато,Source watch — auto review,2026-08-31,,curated,discovery
SRCX-117842e5d757,Germany,Siemens,Siemens — FPGA source & credential directory,source-watch,FPGA,FPGA,catalog,⚠️ verify current offer,"Monitoring record, not a certificate claim. Verify the current official credential/course and price before calling it free.",Varies,Varies,Provider-dependent,Unknown,Varies,Provider-dependent,Varies,https://www.siemens.com/training,C,Не начато,Source watch — auto review,2026-08-31,,curated,discovery
SRCX-15c9ade5560a,United States,Tableau,Tableau — FPGA source & credential directory,source-watch,FPGA,FPGA,catalog,⚠️ verify current offer,"Monitoring record, not a certificate claim. Verify the current official credential/course and price before calling it free.",Varies,Varies,Provider-dependent,Unknown,Varies,Provider-dependent,Varies,https://www.tableau.com/learn,C,Не начато,Source watch — auto review,2026-08-31,,curated,discovery
SRCX-1451432963fb,United States,TensorFlow,TensorFlow — FPGA source & credential directory,source-watch,FPGA,FPGA,catalog,⚠️ verify current offer,"Monitoring record, not a certificate claim. Verify the current official credential/course and price before calling it free.",Varies,Varies,Provider-dependent,Unknown,Varies,Provider-dependent,Varies,https://www.tensorflow.org/certificate,C,Не начато,Source watch — auto review,2026-08-31,,curated,discovery
SRCX-05b61b5b06a2,Russia,1C,1C — GIS source & credential directory,source-watch,GIS,GIS,catalog,⚠️ verify current offer,"Monitoring record, not a certificate claim. Verify the current official credential/course and price before calling it free.",Varies,Varies,Provider-dependent,Unknown,Varies,Provider-dependent,Varies,https://1c.ru/,C,Не начато,Source watch — auto review,2026-08-31,,curated,discovery
SRCX-124274b44d79,United States,CompTIA,CompTIA — GIS source & credential directory,source-watch,GIS,GIS,catalog,⚠️ verify current offer,"Monitoring record, not a certificate claim. Verify the current official credential/course and price before calling it free.",Varies,Varies,Provider-dependent,Unknown,Varies,Provider-dependent,Varies,https://www.comptia.org/certifications,C,Не начато,Source watch — auto review,2026-08-31,,curated,discovery
SRCX-040b85d0f497,European Union,EU Academy,EU Academy — GIS source & credential directory,source-watch,GIS,GIS,catalog,⚠️ verify current offer,"Monitoring record, not a certificate claim. Verify the current official credential/course and price before calling it free.",Varies,Varies,Provider-dependent,Unknown,Varies,Provider-dependent,Varies,https://academy.europa.eu/,C,Не начато,Source watch — auto review,2026-08-31,,curated,discovery
SRCX-0c8981ba32cb,United States,GitLab,GitLab — GIS source & credential directory,source-watch,GIS,GIS,catalog,⚠️ verify current offer,"Monitoring record, not a certificate claim. Verify the current official credential/course and price before calling it free.",Varies,Varies,Provider-dependent,Unknown,Varies,Provider-dependent,Varies,https://about.gitlab.com/learn/,C,Не начато,Source watch — auto review,2026-08-31,,curated,discovery
SRCX-00717b233758,United Kingdom/Global,GSMA,GSMA — GIS source & credential directory,source-watch,GIS,GIS,catalog,⚠️ verify current offer,"Monitoring record, not a certificate claim. Verify the current official credential/course and price before calling it free.",Varies,Varies,Provider-dependent,Unknown,Varies,Provider-dependent,Varies,https://www.gsma.com/,C,Не начато,Source watch — auto review,2026-08-31,,curated,discovery
SRCX-0e8362f39326,Global,IETF,IETF — GIS source & credential directory,source-watch,GIS,GIS,catalog,⚠️ verify current offer,"Monitoring record, not a certificate claim. Verify the current official credential/course and price before calling it free.",Varies,Varies,Provider-dependent,Unknown,Varies,Provider-dependent,Varies,https://www.ietf.org/education/,C,Не начато,Source watch — auto review,2026-08-31,,curated,discovery
SRCX-0b7d818e89a6,Global,Jupyter,Jupyter — GIS source & credential directory,source-watch,GIS,GIS,catalog,⚠️ verify current offer,"Monitoring record, not a certificate claim. Verify the current official credential/course and price before calling it free.",Varies,Varies,Provider-dependent,Unknown,Varies,Provider-dependent,Varies,https://jupyter.org/,C,Не начато,Source watch — auto review,2026-08-31,,curated,discovery
SRCX-032618694739,Japan,Omron,Omron — GIS source & credential directory,source-watch,GIS,GIS,catalog,⚠️ verify current offer,"Monitoring record, not a certificate claim. Verify the current official credential/course and price before calling it free.",Varies,Varies,Provider-dependent,Unknown,Varies,Provider-dependent,Varies,https://www.omron.com/global/en/technology/training/,C,Не начато,Source watch — auto review,2026-08-31,,curated,discovery
SRCX-0ec2f82304e4,Poland,Python Institute,Python Institute — GIS source & credential directory,source-watch,GIS,GIS,catalog,⚠️ verify current offer,"Monitoring record, not a certificate claim. Verify the current official credential/course and price before calling it free.",Varies,Varies,Provider-dependent,Unknown,Varies,Provider-dependent,Varies,https://pythoninstitute.org/,C,Не начато,Source watch — auto review,2026-08-31,,curated,discovery
SRCX-1276f04161af,Russia,RЭД СОФТ,RЭД СОФТ — GIS source & credential directory,source-watch,GIS,GIS,catalog,⚠️ verify current offer,"Monitoring record, not a certificate claim. Verify the current official credential/course and price before calling it free.",Varies,Varies,Provider-dependent,Unknown,Varies,Provider-dependent,Varies,https://education.red-soft.ru/,C,Не начато,Source watch — auto review,2026-08-31,,curated,discovery
SRCX-0702dd0cf336,Germany,SAP,SAP — GIS source & credential directory,source-watch,GIS,GIS,catalog,⚠️ verify current offer,"Monitoring record, not a certificate claim. Verify the current official credential/course and price before calling it free.",Varies,Varies,Provider-dependent,Unknown,Varies,Provider-dependent,Varies,https://learning.sap.com/,C,Не начато,Source watch — auto review,2026-08-31,,curated,discovery
SRCX-028c809192dd,United States,Scrum Alliance,Scrum Alliance — GIS source & credential directory,source-watch,GIS,GIS,catalog,⚠️ verify current offer,"Monitoring record, not a certificate claim. Verify the current official credential/course and price before calling it free.",Varies,Varies,Provider-dependent,Unknown,Varies,Provider-dependent,Varies,https://www.scrumalliance.org/get-certified,C,Не начато,Source watch — auto review,2026-08-31,,curated,discovery
SRCX-0b49403b34c1,Germany,Siemens,Siemens — GIS source & credential directory,source-watch,GIS,GIS,catalog,⚠️ verify current offer,"Monitoring record, not a certificate claim. Verify the current official credential/course and price before calling it free.",Varies,Varies,Provider-dependent,Unknown,Varies,Provider-dependent,Varies,https://www.siemens.com/training,C,Не начато,Source watch — auto review,2026-08-31,,curated,discovery
SRCX-124d74c8a06f,United States,Snowflake,Snowflake — GIS source & credential directory,source-watch,GIS,GIS,catalog,⚠️ verify current offer,"Monitoring record, not a certificate claim. Verify the current official credential/course and price before calling it free.",Varies,Varies,Provider-dependent,Unknown,Varies,Provider-dependent,Varies,https://learn.snowflake.com/,C,Не начато,Source watch — auto review,2026-08-31,,curated,discovery
SRCX-0cd71a7b7a34,European Union,EIT Climate-KIC,EIT Climate-KIC — Game Development source & credential directory,source-watch,Game Development,Game Development,catalog,⚠️ verify current offer,"Monitoring record, not a certificate claim. Verify the current official credential/course and price before calling it free.",Varies,Varies,Provider-dependent,Unknown,Varies,Provider-dependent,Varies,https://www.climate-kic.org/,C,Не начато,Source watch — auto review,2026-08-31,,curated,discovery
SRCX-03f6d1c7f247,China,Espressif,Espressif — Game Development source & credential directory,source-watch,Game Development,Game Development,catalog,⚠️ verify current offer,"Monitoring record, not a certificate claim. Verify the current official credential/course and price before calling it free.",Varies,Varies,Provider-dependent,Unknown,Varies,Provider-dependent,Varies,https://www.espressif.com/en/training,C,Не начато,Source watch — auto review,2026-08-31,,curated,discovery
SRCX-0f76a5fce8d6,United Kingdom,FutureLearn,FutureLearn — Game Development source & credential directory,source-watch,Game Development,Game Development,catalog,⚠️ verify current offer,"Monitoring record, not a certificate claim. Verify the current official credential/course and price before calling it free.",Varies,Varies,Provider-dependent,Unknown,Varies,Provider-dependent,Varies,https://www.futurelearn.com/,C,Не начато,Source watch — auto review,2026-08-31,,curated,discovery
SRCX-12ae1c70872c,United Kingdom/Global,GSMA,GSMA — Game Development source & credential directory,source-watch,Game Development,Game Development,catalog,⚠️ verify current offer,"Monitoring record, not a certificate claim. Verify the current official credential/course and price before calling it free.",Varies,Varies,Provider-dependent,Unknown,Varies,Provider-dependent,Varies,https://www.gsma.com/,C,Не начато,Source watch — auto review,2026-08-31,,curated,discovery
SRCX-0b4c06bdf82c,Global,Hyperledger,Hyperledger — Game Development source & credential directory,source-watch,Game Development,Game Development,catalog,⚠️ verify current offer,"Monitoring record, not a certificate claim. Verify the current official credential/course and price before calling it free.",Varies,Varies,Provider-dependent,Unknown,Varies,Provider-dependent,Varies,https://www.hyperledger.org/learn,C,Не начато,Source watch — auto review,2026-08-31,,curated,discovery
SRCX-01090d7b2158,Global,IEEE,IEEE — Game Development source & credential directory,source-watch,Game Development,Game Development,catalog,⚠️ verify current offer,"Monitoring record, not a certificate claim. Verify the current official credential/course and price before calling it free.",Varies,Varies,Provider-dependent,Unknown,Varies,Provider-dependent,Varies,https://www.ieee.org/education/,C,Не начато,Source watch — auto review,2026-08-31,,curated,discovery
SRCX-0db83615211b,Germany,Infineon,Infineon — Game Development source & credential directory,source-watch,Game Development,Game Development,catalog,⚠️ verify current offer,"Monitoring record, not a certificate claim. Verify the current official credential/course and price before calling it free.",Varies,Varies,Provider-dependent,Unknown,Varies,Provider-dependent,Varies,https://www.infineon.com/cms/en/training/,C,Не начато,Source watch — auto review,2026-08-31,,curated,discovery
SRCX-1309f35e8861,United States,Looker / Google,Looker / Google — Game Development source & credential directory,source-watch,Game Development,Game Development,catalog,⚠️ verify current offer,"Monitoring record, not a certificate claim. Verify the current official credential/course and price before calling it free.",Varies,Varies,Provider-dependent,Unknown,Varies,Provider-dependent,Varies,https://cloud.google.com/looker/docs,C,Не начато,Source watch — auto review,2026-08-31,,curated,discovery
SRCX-044f9f5b2f10,United States,Microchip Technology,Microchip Technology — Game Development source & credential directory,source-watch,Game Development,Game Development,catalog,⚠️ verify current offer,"Monitoring record, not a certificate claim. Verify the current official credential/course and price before calling it free.",Varies,Varies,Provider-dependent,Unknown,Varies,Provider-dependent,Varies,https://www.microchip.com/en-us/training,C,Не начато,Source watch — auto review,2026-08-31,,curated,discovery
SRCX-041d74f5d1dd,United States,NI,NI — Game Development source & credential directory,source-watch,Game Development,Game Development,catalog,⚠️ verify current offer,"Monitoring record, not a certificate claim. Verify the current official credential/course and price before calling it free.",Varies,Varies,Provider-dependent,Unknown,Varies,Provider-dependent,Varies,https://www.ni.com/training/,C,Не начато,Source watch — auto review,2026-08-31,,curated,discovery
SRCX-129ef44b4f12,United States,NVIDIA,NVIDIA — Game Development source & credential directory,source-watch,Game Development,Game Development,catalog,⚠️ verify current offer,"Monitoring record, not a certificate claim. Verify the current official credential/course and price before calling it free.",Varies,Varies,Provider-dependent,Unknown,Varies,Provider-dependent,Varies,https://www.nvidia.com/training/,C,Не начато,Source watch — auto review,2026-08-31,,curated,discovery
SRCX-055b76c0b339,Global,Prometheus,Prometheus — Game Development source & credential directory,source-watch,Game Development,Game Development,catalog,⚠️ verify current offer,"Monitoring record, not a certificate claim. Verify the current official credential/course and price before calling it free.",Varies,Varies,Provider-dependent,Unknown,Varies,Provider-dependent,Varies,https://prometheus.io/,C,Не начато,Source watch — auto review,2026-08-31,,curated,discovery
SRCX-0fb023c3ddaa,United States,Redis,Redis — Game Development source & credential directory,source-watch,Game Development,Game Development,catalog,⚠️ verify current offer,"Monitoring record, not a certificate claim. Verify the current official credential/course and price before calling it free.",Varies,Varies,Provider-dependent,Unknown,Varies,Provider-dependent,Varies,https://university.redis.com/,C,Не начато,Source watch — auto review,2026-08-31,,curated,discovery
SRCX-14f68fdaa703,United States,Scrum Alliance,Scrum Alliance — Game Development source & credential directory,source-watch,Game Development,Game Development,catalog,⚠️ verify current offer,"Monitoring record, not a certificate claim. Verify the current official credential/course and price before calling it free.",Varies,Varies,Provider-dependent,Unknown,Varies,Provider-dependent,Varies,https://www.scrumalliance.org/get-certified,C,Не начато,Source watch — auto review,2026-08-31,,curated,discovery
SRCX-031034109b95,United States,Silicon Labs,Silicon Labs — Game Development source & credential directory,source-watch,Game Development,Game Development,catalog,⚠️ verify current offer,"Monitoring record, not a certificate claim. Verify the current official credential/course and price before calling it free.",Varies,Varies,Provider-dependent,Unknown,Varies,Provider-dependent,Varies,https://www.silabs.com/training,C,Не начато,Source watch — auto review,2026-08-31,,curated,discovery
SRCX-0e32afc9466c,Switzerland,Web3 Foundation,Web3 Foundation — Game Development source & credential directory,source-watch,Game Development,Game Development,catalog,⚠️ verify current offer,"Monitoring record, not a certificate claim. Verify the current official credential/course and price before calling it free.",Varies,Varies,Provider-dependent,Unknown,Varies,Provider-dependent,Varies,https://web3.foundation/,C,Не начато,Source watch — auto review,2026-08-31,,curated,discovery
SRCX-0c3e8dc03c70,Russia,Открытое образование,Открытое образование — Game Development source & credential directory,source-watch,Game Development,Game Development,catalog,⚠️ verify current offer,"Monitoring record, not a certificate claim. Verify the current official credential/course and price before calling it free.",Varies,Varies,Provider-dependent,Unknown,Varies,Provider-dependent,Varies,https://openedu.ru/,C,Не начато,Source watch — auto review,2026-08-31,,curated,discovery
SRCX-09855ca54e61,United States,AWS,AWS — HealthTech source & credential directory,source-watch,HealthTech,HealthTech,catalog,⚠️ verify current offer,"Monitoring record, not a certificate claim. Verify the current official credential/course and price before calling it free.",Varies,Varies,Provider-dependent,Unknown,Varies,Provider-dependent,Varies,https://aws.amazon.com/training/,C,Не начато,Source watch — auto review,2026-08-31,,curated,discovery
SRCX-1342eae8c9b6,Germany,Bosch Rexroth,Bosch Rexroth — HealthTech source & credential directory,source-watch,HealthTech,HealthTech,catalog,⚠️ verify current offer,"Monitoring record, not a certificate claim. Verify the current official credential/course and price before calling it free.",Varies,Varies,Provider-dependent,Unknown,Varies,Provider-dependent,Varies,https://www.boschrexroth.com/en/xc/training/,C,Не начато,Source watch — auto review,2026-08-31,,curated,discovery
SRCX-082e05215ed4,United States,Confluent,Confluent — HealthTech source & credential directory,source-watch,HealthTech,HealthTech,catalog,⚠️ verify current offer,"Monitoring record, not a certificate claim. Verify the current official credential/course and price before calling it free.",Varies,Varies,Provider-dependent,Unknown,Varies,Provider-dependent,Varies,https://developer.confluent.io/,C,Не начато,Source watch — auto review,2026-08-31,,curated,discovery
SRCX-04d3285a6915,European Union,EIT Digital,EIT Digital — HealthTech source & credential directory,source-watch,HealthTech,HealthTech,catalog,⚠️ verify current offer,"Monitoring record, not a certificate claim. Verify the current official credential/course and price before calling it free.",Varies,Varies,Provider-dependent,Unknown,Varies,Provider-dependent,Varies,https://www.eitdigital.eu/,C,Не начато,Source watch — auto review,2026-08-31,,curated,discovery
SRCX-1365f4670e90,Europe,ETSI,ETSI — HealthTech source & credential directory,source-watch,HealthTech,HealthTech,catalog,⚠️ verify current offer,"Monitoring record, not a certificate claim. Verify the current official credential/course and price before calling it free.",Varies,Varies,Provider-dependent,Unknown,Varies,Provider-dependent,Varies,https://www.etsi.org/education,C,Не начато,Source watch — auto review,2026-08-31,,curated,discovery
SRCX-1297a2907577,United States,fast.ai,fast.ai — HealthTech source & credential directory,source-watch,HealthTech,HealthTech,catalog,⚠️ verify current offer,"Monitoring record, not a certificate claim. Verify the current official credential/course and price before calling it free.",Varies,Varies,Provider-dependent,Unknown,Varies,Provider-dependent,Varies,https://course.fast.ai/,C,Не начато,Source watch — auto review,2026-08-31,,curated,discovery
SRCX-0acbbe4fff34,United States/Global,FIRST Robotics,FIRST Robotics — HealthTech source & credential directory,source-watch,HealthTech,HealthTech,catalog,⚠️ verify current offer,"Monitoring record, not a certificate claim. Verify the current official credential/course and price before calling it free.",Varies,Varies,Provider-dependent,Unknown,Varies,Provider-dependent,Varies,https://www.firstinspires.org/,C,Не начато,Source watch — auto review,2026-08-31,,curated,discovery
SRCX-0c9498c39e49,United States,HashiCorp,HashiCorp — HealthTech source & credential directory,source-watch,HealthTech,HealthTech,catalog,⚠️ verify current offer,"Monitoring record, not a certificate claim. Verify the current official credential/course and price before calling it free.",Varies,Varies,Provider-dependent,Unknown,Varies,Provider-dependent,Varies,https://developer.hashicorp.com/certifications,C,Не начато,Source watch — auto review,2026-08-31,,curated,discovery
SRCX-043d56fe0857,Germany,Infineon,Infineon — HealthTech source & credential directory,source-watch,HealthTech,HealthTech,catalog,⚠️ verify current offer,"Monitoring record, not a certificate claim. Verify the current official credential/course and price before calling it free.",Varies,Varies,Provider-dependent,Unknown,Varies,Provider-dependent,Varies,https://www.infineon.com/cms/en/training/,C,Не начато,Source watch — auto review,2026-08-31,,curated,discovery
SRCX-03fb5461ae2d,United States,JFrog Academy,JFrog Academy — HealthTech source & credential directory,source-watch,HealthTech,HealthTech,catalog,⚠️ verify current offer,"Monitoring record, not a certificate claim. Verify the current official credential/course and price before calling it free.",Varies,Varies,Provider-dependent,Unknown,Varies,Provider-dependent,Varies,https://academy.jfrog.com/,C,Не начато,Source watch — auto review,2026-08-31,,curated,discovery
SRCX-09fa7d6ce9e2,United States,NVIDIA,NVIDIA — HealthTech source & credential directory,source-watch,HealthTech,HealthTech,catalog,⚠️ verify current offer,"Monitoring record, not a certificate claim. Verify the current official credential/course and price before calling it free.",Varies,Varies,Provider-dependent,Unknown,Varies,Provider-dependent,Varies,https://www.nvidia.com/training/,C,Не начато,Source watch — auto review,2026-08-31,,curated,discovery
SRCX-050c493043b3,United States,PMI,PMI — HealthTech source & credential directory,source-watch,HealthTech,HealthTech,catalog,⚠️ verify current offer,"Monitoring record, not a certificate claim. Verify the current official credential/course and price before calling it free.",Varies,Varies,Provider-dependent,Unknown,Varies,Provider-dependent,Varies,https://www.pmi.org/learning,C,Не начато,Source watch — auto review,2026-08-31,,curated,discovery
SRCX-1210f7c14eae,Russia,Positive Technologies,Positive Technologies — HealthTech source & credential directory,source-watch,HealthTech,HealthTech,catalog,⚠️ verify current offer,"Monitoring record, not a certificate claim. Verify the current official credential/course and price before calling it free.",Varies,Varies,Provider-dependent,Unknown,Varies,Provider-dependent,Varies,https://edu.ptsecurity.com/,C,Не начато,Source watch — auto review,2026-08-31,,curated,discovery
SRCX-063c5701ffd0,United States,PyTorch,PyTorch — HealthTech source & credential directory,source-watch,HealthTech,HealthTech,catalog,⚠️ verify current offer,"Monitoring record, not a certificate claim. Verify the current official credential/course and price before calling it free.",Varies,Varies,Provider-dependent,Unknown,Varies,Provider-dependent,Varies,https://pytorch.org/,C,Не начато,Source watch — auto review,2026-08-31,,curated,discovery
SRCX-0de959a797b5,Germany,SAP,SAP — HealthTech source & credential directory,source-watch,HealthTech,HealthTech,catalog,⚠️ verify current offer,"Monitoring record, not a certificate claim. Verify the current official credential/course and price before calling it free.",Varies,Varies,Provider-dependent,Unknown,Varies,Provider-dependent,Varies,https://learning.sap.com/,C,Не начато,Source watch — auto review,2026-08-31,,curated,discovery
SRCX-105da9dafe42,United States,Sentry,Sentry — HealthTech source & credential directory,source-watch,HealthTech,HealthTech,catalog,⚠️ verify current offer,"Monitoring record, not a certificate claim. Verify the current official credential/course and price before calling it free.",Varies,Varies,Provider-dependent,Unknown,Varies,Provider-dependent,Varies,https://sentry.io/resources/,C,Не начато,Source watch — auto review,2026-08-31,,curated,discovery
SRCX-08c456bdab98,Germany,Siemens,Siemens — HealthTech source & credential directory,source-watch,HealthTech,HealthTech,catalog,⚠️ verify current offer,"Monitoring record, not a certificate claim. Verify the current official credential/course and price before calling it free.",Varies,Varies,Provider-dependent,Unknown,Varies,Provider-dependent,Varies,https://www.siemens.com/training,C,Не начато,Source watch — auto review,2026-08-31,,curated,discovery
SRCX-0d878fb30246,United States,TensorFlow,TensorFlow — HealthTech source & credential directory,source-watch,HealthTech,HealthTech,catalog,⚠️ verify current offer,"Monitoring record, not a certificate claim. Verify the current official credential/course and price before calling it free.",Varies,Varies,Provider-dependent,Unknown,Varies,Provider-dependent,Varies,https://www.tensorflow.org/certificate,C,Не начато,Source watch — auto review,2026-08-31,,curated,discovery
SRCX-1155910b0f37,United States,Vercel,Vercel — HealthTech source & credential directory,source-watch,HealthTech,HealthTech,catalog,⚠️ verify current offer,"Monitoring record, not a certificate claim. Verify the current official credential/course and price before calling it free.",Varies,Varies,Provider-dependent,Unknown,Varies,Provider-dependent,Varies,https://vercel.com/academy,C,Не начато,Source watch — auto review,2026-08-31,,curated,discovery
SRCX-14f646768855,Russia,Группа Астра,Группа Астра — HealthTech source & credential directory,source-watch,HealthTech,HealthTech,catalog,⚠️ verify current offer,"Monitoring record, not a certificate claim. Verify the current official credential/course and price before calling it free.",Varies,Varies,Provider-dependent,Unknown,Varies,Provider-dependent,Varies,https://astra.ru/training/,C,Не начато,Source watch — auto review,2026-08-31,,curated,discovery
SRCX-05cb2aa2c3ee,United States,Alteryx,Alteryx — Industrial Automation source & credential directory,source-watch,Industrial Automation,Industrial Automation,catalog,⚠️ verify current offer,"Monitoring record, not a certificate claim. Verify the current official credential/course and price before calling it free.",Varies,Varies,Provider-dependent,Unknown,Varies,Provider-dependent,Varies,https://community.alteryx.com/,C,Не начато,Source watch — auto review,2026-08-31,,curated,discovery
SRCX-116d28c7c340,United States,Ansys,Ansys — Industrial Automation source & credential directory,source-watch,Industrial Automation,Industrial Automation,catalog,⚠️ verify current offer,"Monitoring record, not a certificate claim. Verify the current official credential/course and price before calling it free.",Varies,Varies,Provider-dependent,Unknown,Varies,Provider-dependent,Varies,https://www.ansys.com/academic/educator-resources,C,Не начато,Source watch — auto review,2026-08-31,,curated,discovery
SRCX-021855e99bbc,Germany,Bosch Rexroth,Bosch Rexroth — Industrial Automation source & credential directory,source-watch,Industrial Automation,Industrial Automation,catalog,⚠️ verify current offer,"Monitoring record, not a certificate claim. Verify the current official credential/course and price before calling it free.",Varies,Varies,Provider-dependent,Unknown,Varies,Provider-dependent,Varies,https://www.boschrexroth.com/en/xc/training/,C,Не начато,Source watch — auto review,2026-08-31,,curated,discovery
SRCX-1247a13eace4,United States,Class Central,Class Central — Industrial Automation source & credential directory,source-watch,Industrial Automation,Industrial Automation,catalog,⚠️ verify current offer,"Monitoring record, not a certificate claim. Verify the current official credential/course and price before calling it free.",Varies,Varies,Provider-dependent,Unknown,Varies,Provider-dependent,Varies,https://www.classcentral.com/,C,Не начато,Source watch — auto review,2026-08-31,,curated,discovery
SRCX-10357291e307,France,Dassault Aviation,Dassault Aviation — Industrial Automation source & credential directory,source-watch,Industrial Automation,Industrial Automation,catalog,⚠️ verify current offer,"Monitoring record, not a certificate claim. Verify the current official credential/course and price before calling it free.",Varies,Varies,Provider-dependent,Unknown,Varies,Provider-dependent,Varies,https://www.dassault-aviation.com/,C,Не начато,Source watch — auto review,2026-08-31,,curated,discovery
SRCX-0b5f21063928,United States/Global,FIRST Robotics,FIRST Robotics — Industrial Automation source & credential directory,source-watch,Industrial Automation,Industrial Automation,catalog,⚠️ verify current offer,"Monitoring record, not a certificate claim. Verify the current official credential/course and price before calling it free.",Varies,Varies,Provider-dependent,Unknown,Varies,Provider-dependent,Varies,https://www.firstinspires.org/,C,Не начато,Source watch — auto review,2026-08-31,,curated,discovery
SRCX-00541e0e7342,United Kingdom/Global,GSMA,GSMA — Industrial Automation source & credential directory,source-watch,Industrial Automation,Industrial Automation,catalog,⚠️ verify current offer,"Monitoring record, not a certificate claim. Verify the current official credential/course and price before calling it free.",Varies,Varies,Provider-dependent,Unknown,Varies,Provider-dependent,Varies,https://www.gsma.com/,C,Не начато,Source watch — auto review,2026-08-31,,curated,discovery
SRCX-08bd87a7832b,United States,Linux Foundation Training,Linux Foundation Training — Industrial Automation source & credential directory,source-watch,Industrial Automation,Industrial Automation,catalog,⚠️ verify current offer,"Monitoring record, not a certificate claim. Verify the current official credential/course and price before calling it free.",Varies,Varies,Provider-dependent,Unknown,Varies,Provider-dependent,Varies,https://training.linuxfoundation.org/,C,Не начато,Source watch — auto review,2026-08-31,,curated,discovery
SRCX-133221728a2d,United States,Netlify,Netlify — Industrial Automation source & credential directory,source-watch,Industrial Automation,Industrial Automation,catalog,⚠️ verify current offer,"Monitoring record, not a certificate claim. Verify the current official credential/course and price before calling it free.",Varies,Varies,Provider-dependent,Unknown,Varies,Provider-dependent,Varies,https://www.netlify.com/learn/,C,Не начато,Source watch — auto review,2026-08-31,,curated,discovery
SRCX-09bf4b2935f4,United States,OpenAI Academy,OpenAI Academy — Industrial Automation source & credential directory,source-watch,Industrial Automation,Industrial Automation,catalog,⚠️ verify current offer,"Monitoring record, not a certificate claim. Verify the current official credential/course and price before calling it free.",Varies,Varies,Provider-dependent,Unknown,Varies,Provider-dependent,Varies,https://academy.openai.com/,C,Не начато,Source watch — auto review,2026-08-31,,curated,discovery
SRCX-14e823bab3a8,United States,PTC,PTC — Industrial Automation source & credential directory,source-watch,Industrial Automation,Industrial Automation,catalog,⚠️ verify current offer,"Monitoring record, not a certificate claim. Verify the current official credential/course and price before calling it free.",Varies,Varies,Provider-dependent,Unknown,Varies,Provider-dependent,Varies,https://www.ptc.com/en/academic-program,C,Не начато,Source watch — auto review,2026-08-31,,curated,discovery
SRCX-04b5f86e6547,United Kingdom,Raspberry Pi Foundation,Raspberry Pi Foundation — Industrial Automation source & credential directory,source-watch,Industrial Automation,Industrial Automation,catalog,⚠️ verify current offer,"Monitoring record, not a certificate claim. Verify the current official credential/course and price before calling it free.",Varies,Varies,Provider-dependent,Unknown,Varies,Provider-dependent,Varies,https://training-hub.raspberrypi.org/,C,Не начато,Source watch — auto review,2026-08-31,,curated,discovery
SRCX-1178ef5c72f4,United States,SANS Institute,SANS Institute — Industrial Automation source & credential directory,source-watch,Industrial Automation,Industrial Automation,catalog,⚠️ verify current offer,"Monitoring record, not a certificate claim. Verify the current official credential/course and price before calling it free.",Varies,Varies,Provider-dependent,Unknown,Varies,Provider-dependent,Varies,https://www.sans.org/,C,Не начато,Source watch — auto review,2026-08-31,,curated,discovery
SRCX-0de642dba5bf,United States,Scrum.org,Scrum.org — Industrial Automation source & credential directory,source-watch,Industrial Automation,Industrial Automation,catalog,⚠️ verify current offer,"Monitoring record, not a certificate claim. Verify the current official credential/course and price before calling it free.",Varies,Varies,Provider-dependent,Unknown,Varies,Provider-dependent,Varies,https://www.scrum.org/professional-training,C,Не начато,Source watch — auto review,2026-08-31,,curated,discovery
SRCX-110ea4e4bafa,Global,WHO Academy,WHO Academy — Industrial Automation source & credential directory,source-watch,Industrial Automation,Industrial Automation,catalog,⚠️ verify current offer,"Monitoring record, not a certificate claim. Verify the current official credential/course and price before calling it free.",Varies,Varies,Provider-dependent,Unknown,Varies,Provider-dependent,Varies,https://www.who.int/about/who-academy,C,Не начато,Source watch — auto review,2026-08-31,,curated,discovery
SRCX-1466441feaf2,Russia,Т-Банк Education,Т-Банк Education — Industrial Automation source & credential directory,source-watch,Industrial Automation,Industrial Automation,catalog,⚠️ verify current offer,"Monitoring record, not a certificate claim. Verify the current official credential/course and price before calling it free.",Varies,Varies,Provider-dependent,Unknown,Varies,Provider-dependent,Varies,https://education.tbank.ru/,C,Не начато,Source watch — auto review,2026-08-31,,curated,discovery
SRCX-05da2a1d21b9,Global,Apache Kafka,Apache Kafka — IoT source & credential directory,source-watch,IoT,IoT,catalog,⚠️ verify current offer,"Monitoring record, not a certificate claim. Verify the current official credential/course and price before calling it free.",Varies,Varies,Provider-dependent,Unknown,Varies,Provider-dependent,Varies,https://kafka.apache.org/,C,Не начато,Source watch — auto review,2026-08-31,,curated,discovery
SRCX-0023426fd407,Global,Apache Software Foundation,Apache Software Foundation — IoT source & credential directory,source-watch,IoT,IoT,catalog,⚠️ verify current offer,"Monitoring record, not a certificate claim. Verify the current official credential/course and price before calling it free.",Varies,Varies,Provider-dependent,Unknown,Varies,Provider-dependent,Varies,https://www.apache.org/,C,Не начато,Source watch — auto review,2026-08-31,,curated,discovery
SRCX-01970633694d,Australia,Atlassian,Atlassian — IoT source & credential directory,source-watch,IoT,IoT,catalog,⚠️ verify current offer,"Monitoring record, not a certificate claim. Verify the current official credential/course and price before calling it free.",Varies,Varies,Provider-dependent,Unknown,Varies,Provider-dependent,Varies,https://university.atlassian.com/,C,Не начато,Source watch — auto review,2026-08-31,,curated,discovery
SRCX-0cffb889be1c,Global,Cloud Native Computing Foundation,Cloud Native Computing Foundation — IoT source & credential directory,source-watch,IoT,IoT,catalog,⚠️ verify current offer,"Monitoring record, not a certificate claim. Verify the current official credential/course and price before calling it free.",Varies,Varies,Provider-dependent,Unknown,Varies,Provider-dependent,Varies,https://www.cncf.io/training/,C,Не начато,Source watch — auto review,2026-08-31,,curated,discovery
SRCX-12ae91b5b27a,Global,Coursera,Coursera — IoT source & credential directory,source-watch,IoT,IoT,catalog,⚠️ verify current offer,"Monitoring record, not a certificate claim. Verify the current official credential/course and price before calling it free.",Varies,Varies,Provider-dependent,Unknown,Varies,Provider-dependent,Varies,https://www.coursera.org/,C,Не начато,Source watch — auto review,2026-08-31,,curated,discovery
SRCX-1321bce4d49c,France,Dassault Aviation,Dassault Aviation — IoT source & credential directory,source-watch,IoT,IoT,catalog,⚠️ verify current offer,"Monitoring record, not a certificate claim. Verify the current official credential/course and price before calling it free.",Varies,Varies,Provider-dependent,Unknown,Varies,Provider-dependent,Varies,https://www.dassault-aviation.com/,C,Не начато,Source watch — auto review,2026-08-31,,curated,discovery
SRCX-041d12a8de65,United States,Docker,Docker — IoT source & credential directory,source-watch,IoT,IoT,catalog,⚠️ verify current offer,"Monitoring record, not a certificate claim. Verify the current official credential/course and price before calling it free.",Varies,Varies,Provider-dependent,Unknown,Varies,Provider-dependent,Varies,https://www.docker.com/education/,C,Не начато,Source watch — auto review,2026-08-31,,curated,discovery
SRCX-1520feb6578c,European Union,EIT Health,EIT Health — IoT source & credential directory,source-watch,IoT,IoT,catalog,⚠️ verify current offer,"Monitoring record, not a certificate claim. Verify the current official credential/course and price before calling it free.",Varies,Varies,Provider-dependent,Unknown,Varies,Provider-dependent,Varies,https://eithealth.eu/,C,Не начато,Source watch — auto review,2026-08-31,,curated,discovery
SRCX-14ef46f75cd2,United States,ISACA,ISACA — IoT source & credential directory,source-watch,IoT,IoT,catalog,⚠️ verify current offer,"Monitoring record, not a certificate claim. Verify the current official credential/course and price before calling it free.",Varies,Varies,Provider-dependent,Unknown,Varies,Provider-dependent,Varies,https://www.isaca.org/credentialing,C,Не начато,Source watch — auto review,2026-08-31,,curated,discovery
SRCX-0040a1de8489,Czech Republic,JetBrains Academy,JetBrains Academy — IoT source & credential directory,source-watch,IoT,IoT,catalog,⚠️ verify current offer,"Monitoring record, not a certificate claim. Verify the current official credential/course and price before calling it free.",Varies,Varies,Provider-dependent,Unknown,Varies,Provider-dependent,Varies,https://www.jetbrains.com/academy/,C,Не начато,Source watch — auto review,2026-08-31,,curated,discovery
SRCX-049ac445ff86,Australia,Jira Service Management,Jira Service Management — IoT source & credential directory,source-watch,IoT,IoT,catalog,⚠️ verify current offer,"Monitoring record, not a certificate claim. Verify the current official credential/course and price before calling it free.",Varies,Varies,Provider-dependent,Unknown,Varies,Provider-dependent,Varies,https://university.atlassian.com/,C,Не начато,Source watch — auto review,2026-08-31,,curated,discovery
SRCX-12728041a1e5,United States,Khan Academy,Khan Academy — IoT source & credential directory,source-watch,IoT,IoT,catalog,⚠️ verify current offer,"Monitoring record, not a certificate claim. Verify the current official credential/course and price before calling it free.",Varies,Varies,Provider-dependent,Unknown,Varies,Provider-dependent,Varies,https://www.khanacademy.org/,C,Не начато,Source watch — auto review,2026-08-31,,curated,discovery
SRCX-0c4d1edec3c1,Norway,Nordic Semiconductor,Nordic Semiconductor — IoT source & credential directory,source-watch,IoT,IoT,catalog,⚠️ verify current offer,"Monitoring record, not a certificate claim. Verify the current official credential/course and price before calling it free.",Varies,Varies,Provider-dependent,Unknown,Varies,Provider-dependent,Varies,https://www.nordicsemi.com/Products/Development-tools/nRF-Connect-SDK,C,Не начато,Source watch — auto review,2026-08-31,,curated,discovery
SRCX-077e99b63a57,United States,Palo Alto Networks,Palo Alto Networks — IoT source & credential directory,source-watch,IoT,IoT,catalog,⚠️ verify current offer,"Monitoring record, not a certificate claim. Verify the current official credential/course and price before calling it free.",Varies,Varies,Provider-dependent,Unknown,Varies,Provider-dependent,Varies,https://www.paloaltonetworks.com/services/education,C,Не начато,Source watch — auto review,2026-08-31,,curated,discovery
SRCX-0f14ee50d085,Russia,Positive Technologies,Positive Technologies — IoT source & credential directory,source-watch,IoT,IoT,catalog,⚠️ verify current offer,"Monitoring record, not a certificate claim. Verify the current official credential/course and price before calling it free.",Varies,Varies,Provider-dependent,Unknown,Varies,Provider-dependent,Varies,https://edu.ptsecurity.com/,C,Не начато,Source watch — auto review,2026-08-31,,curated,discovery
SRCX-089f59b24c01,United States,PyTorch,PyTorch — IoT source & credential directory,source-watch,IoT,IoT,catalog,⚠️ verify current offer,"Monitoring record, not a certificate claim. Verify the current official credential/course and price before calling it free.",Varies,Varies,Provider-dependent,Unknown,Varies,Provider-dependent,Varies,https://pytorch.org/,C,Не начато,Source watch — auto review,2026-08-31,,curated,discovery
SRCX-0903ac602bd9,Russia,Roscosmos Education,Roscosmos Education — IoT source & credential directory,source-watch,IoT,IoT,catalog,⚠️ verify current offer,"Monitoring record, not a certificate claim. Verify the current official credential/course and price before calling it free.",Varies,Varies,Provider-dependent,Unknown,Varies,Provider-dependent,Varies,https://www.roscosmos.ru/,C,Не начато,Source watch — auto review,2026-08-31,,curated,discovery
SRCX-0cbc48589d32,France,Schneider Electric,Schneider Electric — IoT source & credential directory,source-watch,IoT,IoT,catalog,⚠️ verify current offer,"Monitoring record, not a certificate claim. Verify the current official credential/course and price before calling it free.",Varies,Varies,Provider-dependent,Unknown,Varies,Provider-dependent,Varies,https://www.se.com/ww/en/work/solutions/for-business/training/,C,Не начато,Source watch — auto review,2026-08-31,,curated,discovery
SRCX-138db1f0a9e1,Germany,Siemens Digital Industries Software,Siemens Digital Industries Software — IoT source & credential directory,source-watch,IoT,IoT,catalog,⚠️ verify current offer,"Monitoring record, not a certificate claim. Verify the current official credential/course and price before calling it free.",Varies,Varies,Provider-dependent,Unknown,Varies,Provider-dependent,Varies,https://training.plm.automation.siemens.com/,C,Не начато,Source watch — auto review,2026-08-31,,curated,discovery
SRCX-08fd5092a36e,United States,Snowflake,Snowflake — IoT source & credential directory,source-watch,IoT,IoT,catalog,⚠️ verify current offer,"Monitoring record, not a certificate claim. Verify the current official credential/course and price before calling it free.",Varies,Varies,Provider-dependent,Unknown,Varies,Provider-dependent,Varies,https://learn.snowflake.com/,C,Не начато,Source watch — auto review,2026-08-31,,curated,discovery
SRCX-138dbd49e41a,United States,Synopsys,Synopsys — IoT source & credential directory,source-watch,IoT,IoT,catalog,⚠️ verify current offer,"Monitoring record, not a certificate claim. Verify the current official credential/course and price before calling it free.",Varies,Varies,Provider-dependent,Unknown,Varies,Provider-dependent,Varies,https://www.synopsys.com/,C,Не начато,Source watch — auto review,2026-08-31,,curated,discovery
SRCX-0158763a074a,United States,Unity,Unity — IoT source & credential directory,source-watch,IoT,IoT,catalog,⚠️ verify current offer,"Monitoring record, not a certificate claim. Verify the current official credential/course and price before calling it free.",Varies,Varies,Provider-dependent,Unknown,Varies,Provider-dependent,Varies,https://learn.unity.com/,C,Не начато,Source watch — auto review,2026-08-31,,curated,discovery
SRCX-0b809d61a7e2,Russia,Нетология,Нетология — IoT source & credential directory,source-watch,IoT,IoT,catalog,⚠️ verify current offer,"Monitoring record, not a certificate claim. Verify the current official credential/course and price before calling it free.",Varies,Varies,Provider-dependent,Unknown,Varies,Provider-dependent,Varies,https://netology.ru/,C,Не начато,Source watch — auto review,2026-08-31,,curated,discovery
SRCX-0051702d604e,United States,Databricks,Databricks — Java source & credential directory,source-watch,Java,Java,catalog,⚠️ verify current offer,"Monitoring record, not a certificate claim. Verify the current official credential/course and price before calling it free.",Varies,Varies,Provider-dependent,Unknown,Varies,Provider-dependent,Varies,https://www.databricks.com/learn,C,Не начато,Source watch — auto review,2026-08-31,,curated,discovery
SRCX-0c3e6ea21a59,United States,Datadog,Datadog — Java source & credential directory,source-watch,Java,Java,catalog,⚠️ verify current offer,"Monitoring record, not a certificate claim. Verify the current official credential/course and price before calling it free.",Varies,Varies,Provider-dependent,Unknown,Varies,Provider-dependent,Varies,https://learn.datadoghq.com/,C,Не начато,Source watch — auto review,2026-08-31,,curated,discovery
SRCX-080e5c2b180a,Global,Eclipse Foundation,Eclipse Foundation — Java source & credential directory,source-watch,Java,Java,catalog,⚠️ verify current offer,"Monitoring record, not a certificate claim. Verify the current official credential/course and price before calling it free.",Varies,Varies,Provider-dependent,Unknown,Varies,Provider-dependent,Varies,https://www.eclipse.org/org/workinggroups/,C,Не начато,Source watch — auto review,2026-08-31,,curated,discovery
SRCX-0902057d62f5,United Kingdom,FutureLearn,FutureLearn — Java source & credential directory,source-watch,Java,Java,catalog,⚠️ verify current offer,"Monitoring record, not a certificate claim. Verify the current official credential/course and price before calling it free.",Varies,Varies,Provider-dependent,Unknown,Varies,Provider-dependent,Varies,https://www.futurelearn.com/,C,Не начато,Source watch — auto review,2026-08-31,,curated,discovery
SRCX-0f67b5a66da7,United States,Google for Developers,Google for Developers — Java source & credential directory,source-watch,Java,Java,catalog,⚠️ verify current offer,"Monitoring record, not a certificate claim. Verify the current official credential/course and price before calling it free.",Varies,Varies,Provider-dependent,Unknown,Varies,Provider-dependent,Varies,https://developers.google.com/profile/badges,C,Не начато,Source watch — auto review,2026-08-31,,curated,discovery
SRCX-01a2d7190115,Global,IETF,IETF — Java source & credential directory,source-watch,Java,Java,catalog,⚠️ verify current offer,"Monitoring record, not a certificate claim. Verify the current official credential/course and price before calling it free.",Varies,Varies,Provider-dependent,Unknown,Varies,Provider-dependent,Varies,https://www.ietf.org/education/,C,Не начато,Source watch — auto review,2026-08-31,,curated,discovery
SRCX-0c8657e810af,Global,ISC2,ISC2 — Java source & credential directory,source-watch,Java,Java,catalog,⚠️ verify current offer,"Monitoring record, not a certificate claim. Verify the current official credential/course and price before calling it free.",Varies,Varies,Provider-dependent,Unknown,Varies,Provider-dependent,Varies,https://www.isc2.org/certifications,C,Не начато,Source watch — auto review,2026-08-31,,curated,discovery
SRCX-0ca550f2e661,Global,Kubernetes,Kubernetes — Java source & credential directory,source-watch,Java,Java,catalog,⚠️ verify current offer,"Monitoring record, not a certificate claim. Verify the current official credential/course and price before calling it free.",Varies,Varies,Provider-dependent,Unknown,Varies,Provider-dependent,Varies,https://kubernetes.io/training/,C,Не начато,Source watch — auto review,2026-08-31,,curated,discovery
SRCX-11d295edcb8e,United States,Marvell,Marvell — Java source & credential directory,source-watch,Java,Java,catalog,⚠️ verify current offer,"Monitoring record, not a certificate claim. Verify the current official credential/course and price before calling it free.",Varies,Varies,Provider-dependent,Unknown,Varies,Provider-dependent,Varies,https://www.marvell.com/,C,Не начато,Source watch — auto review,2026-08-31,,curated,discovery
SRCX-15fb7bcdb13b,Taiwan,MediaTek,MediaTek — Java source & credential directory,source-watch,Java,Java,catalog,⚠️ verify current offer,"Monitoring record, not a certificate claim. Verify the current official credential/course and price before calling it free.",Varies,Varies,Provider-dependent,Unknown,Varies,Provider-dependent,Varies,https://corp.mediatek.com/,C,Не начато,Source watch — auto review,2026-08-31,,curated,discovery
SRCX-09b84a65476c,United States,MongoDB,MongoDB — Java source & credential directory,source-watch,Java,Java,catalog,⚠️ verify current offer,"Monitoring record, not a certificate claim. Verify the current official credential/course and price before calling it free.",Varies,Varies,Provider-dependent,Unknown,Varies,Provider-dependent,Varies,https://learn.mongodb.com/,C,Не начато,Source watch — auto review,2026-08-31,,curated,discovery
SRCX-0f07b25fdf5b,United States,New Relic,New Relic — Java source & credential directory,source-watch,Java,Java,catalog,⚠️ verify current offer,"Monitoring record, not a certificate claim. Verify the current official credential/course and price before calling it free.",Varies,Varies,Provider-dependent,Unknown,Varies,Provider-dependent,Varies,https://learn.newrelic.com/,C,Не начато,Source watch — auto review,2026-08-31,,curated,discovery
SRCX-108fffae29ee,United States,OpenAI Academy,OpenAI Academy — Java source & credential directory,source-watch,Java,Java,catalog,⚠️ verify current offer,"Monitoring record, not a certificate claim. Verify the current official credential/course and price before calling it free.",Varies,Varies,Provider-dependent,Unknown,Varies,Provider-dependent,Varies,https://academy.openai.com/,C,Не начато,Source watch — auto review,2026-08-31,,curated,discovery
SRCX-11bb29b3ba08,Global,OpenTofu,OpenTofu — Java source & credential directory,source-watch,Java,Java,catalog,⚠️ verify current offer,"Monitoring record, not a certificate claim. Verify the current official credential/course and price before calling it free.",Varies,Varies,Provider-dependent,Unknown,Varies,Provider-dependent,Varies,https://opentofu.org/,C,Не начато,Source watch — auto review,2026-08-31,,curated,discovery
SRCX-0ad8f0dba84f,United States,SAE International,SAE International — Java source & credential directory,source-watch,Java,Java,catalog,⚠️ verify current offer,"Monitoring record, not a certificate claim. Verify the current official credential/course and price before calling it free.",Varies,Varies,Provider-dependent,Unknown,Varies,Provider-dependent,Varies,https://www.sae.org/learn,C,Не начато,Source watch — auto review,2026-08-31,,curated,discovery
SRCX-009847f2692c,Germany,Siemens,Siemens — Java source & credential directory,source-watch,Java,Java,catalog,⚠️ verify current offer,"Monitoring record, not a certificate claim. Verify the current official credential/course and price before calling it free.",Varies,Varies,Provider-dependent,Unknown,Varies,Provider-dependent,Varies,https://www.siemens.com/training,C,Не начато,Source watch — auto review,2026-08-31,,curated,discovery
SRCX-01e1f07f2d29,United States,Snowflake,Snowflake — Java source & credential directory,source-watch,Java,Java,catalog,⚠️ verify current offer,"Monitoring record, not a certificate claim. Verify the current official credential/course and price before calling it free.",Varies,Varies,Provider-dependent,Unknown,Varies,Provider-dependent,Varies,https://learn.snowflake.com/,C,Не начато,Source watch — auto review,2026-08-31,,curated,discovery
SRCX-0c09f199b622,United States,Unity,Unity — Java source & credential directory,source-watch,Java,Java,catalog,⚠️ verify current offer,"Monitoring record, not a certificate claim. Verify the current official credential/course and price before calling it free.",Varies,Varies,Provider-dependent,Unknown,Varies,Provider-dependent,Varies,https://learn.unity.com/,C,Не начато,Source watch — auto review,2026-08-31,,curated,discovery
SRCX-05e5b6dcf043,United States,Alteryx,Alteryx — JavaScript source & credential directory,source-watch,JavaScript,JavaScript,catalog,⚠️ verify current offer,"Monitoring record, not a certificate claim. Verify the current official credential/course and price before calling it free.",Varies,Varies,Provider-dependent,Unknown,Varies,Provider-dependent,Varies,https://community.alteryx.com/,C,Не начато,Source watch — auto review,2026-08-31,,curated,discovery
SRCX-101782cc8070,Global,Apache Kafka,Apache Kafka — JavaScript source & credential directory,source-watch,JavaScript,JavaScript,catalog,⚠️ verify current offer,"Monitoring record, not a certificate claim. Verify the current official credential/course and price before calling it free.",Varies,Varies,Provider-dependent,Unknown,Varies,Provider-dependent,Varies,https://kafka.apache.org/,C,Не начато,Source watch — auto review,2026-08-31,,curated,discovery
SRCX-00ad579d5826,Global,Apache Spark,Apache Spark — JavaScript source & credential directory,source-watch,JavaScript,JavaScript,catalog,⚠️ verify current offer,"Monitoring record, not a certificate claim. Verify the current official credential/course and price before calling it free.",Varies,Varies,Provider-dependent,Unknown,Varies,Provider-dependent,Varies,https://spark.apache.org/,C,Не начато,Source watch — auto review,2026-08-31,,curated,discovery
SRCX-0ee515210364,Global,Autoware Foundation,Autoware Foundation — JavaScript source & credential directory,source-watch,JavaScript,JavaScript,catalog,⚠️ verify current offer,"Monitoring record, not a certificate claim. Verify the current official credential/course and price before calling it free.",Varies,Varies,Provider-dependent,Unknown,Varies,Provider-dependent,Varies,https://www.autoware.org/,C,Не начато,Source watch — auto review,2026-08-31,,curated,discovery
SRCX-037e47df700b,United States,AWS,AWS — JavaScript source & credential directory,source-watch,JavaScript,JavaScript,catalog,⚠️ verify current offer,"Monitoring record, not a certificate claim. Verify the current official credential/course and price before calling it free.",Varies,Varies,Provider-dependent,Unknown,Varies,Provider-dependent,Varies,https://aws.amazon.com/training/,C,Не начато,Source watch — auto review,2026-08-31,,curated,discovery
SRCX-132d87365170,Global,CNCF,CNCF — JavaScript source & credential directory,source-watch,JavaScript,JavaScript,catalog,⚠️ verify current offer,"Monitoring record, not a certificate claim. Verify the current official credential/course and price before calling it free.",Varies,Varies,Provider-dependent,Unknown,Varies,Provider-dependent,Varies,https://www.cncf.io/training/,C,Не начато,Source watch — auto review,2026-08-31,,curated,discovery
SRCX-141b6f728f57,United States,Docker,Docker — JavaScript source & credential directory,source-watch,JavaScript,JavaScript,catalog,⚠️ verify current offer,"Monitoring record, not a certificate claim. Verify the current official credential/course and price before calling it free.",Varies,Varies,Provider-dependent,Unknown,Varies,Provider-dependent,Varies,https://www.docker.com/education/,C,Не начато,Source watch — auto review,2026-08-31,,curated,discovery
SRCX-11299c69e2a5,United States,ISACA,ISACA — JavaScript source & credential directory,source-watch,JavaScript,JavaScript,catalog,⚠️ verify current offer,"Monitoring record, not a certificate claim. Verify the current official credential/course and price before calling it free.",Varies,Varies,Provider-dependent,Unknown,Varies,Provider-dependent,Varies,https://www.isaca.org/credentialing,C,Не начато,Source watch — auto review,2026-08-31,,curated,discovery
SRCX-08bcba866f42,Canada,Linux Professional Institute,Linux Professional Institute — JavaScript source & credential directory,source-watch,JavaScript,JavaScript,catalog,⚠️ verify current offer,"Monitoring record, not a certificate claim. Verify the current official credential/course and price before calling it free.",Varies,Varies,Provider-dependent,Unknown,Varies,Provider-dependent,Varies,https://www.lpi.org/,C,Не начато,Source watch — auto review,2026-08-31,,curated,discovery
SRCX-11bf768018ee,Global,OpenTelemetry,OpenTelemetry — JavaScript source & credential directory,source-watch,JavaScript,JavaScript,catalog,⚠️ verify current offer,"Monitoring record, not a certificate claim. Verify the current official credential/course and price before calling it free.",Varies,Varies,Provider-dependent,Unknown,Varies,Provider-dependent,Varies,https://opentelemetry.io/,C,Не начато,Source watch — auto review,2026-08-31,,curated,discovery
SRCX-15188973cd9f,Global,OWASP,OWASP — JavaScript source & credential directory,source-watch,JavaScript,JavaScript,catalog,⚠️ verify current offer,"Monitoring record, not a certificate claim. Verify the current official credential/course and price before calling it free.",Varies,Varies,Provider-dependent,Unknown,Varies,Provider-dependent,Varies,https://owasp.org/,C,Не начато,Source watch — auto review,2026-08-31,,curated,discovery
SRCX-090ab515500c,United States,Palo Alto Networks,Palo Alto Networks — JavaScript source & credential directory,source-watch,JavaScript,JavaScript,catalog,⚠️ verify current offer,"Monitoring record, not a certificate claim. Verify the current official credential/course and price before calling it free.",Varies,Varies,Provider-dependent,Unknown,Varies,Provider-dependent,Varies,https://www.paloaltonetworks.com/services/education,C,Не начато,Source watch — auto review,2026-08-31,,curated,discovery
SRCX-0a8e37644c21,United States,PTC,PTC — JavaScript source & credential directory,source-watch,JavaScript,JavaScript,catalog,⚠️ verify current offer,"Monitoring record, not a certificate claim. Verify the current official credential/course and price before calling it free.",Varies,Varies,Provider-dependent,Unknown,Varies,Provider-dependent,Varies,https://www.ptc.com/en/academic-program,C,Не начато,Source watch — auto review,2026-08-31,,curated,discovery
SRCX-0bc5b8190549,United States,Qlik,Qlik — JavaScript source & credential directory,source-watch,JavaScript,JavaScript,catalog,⚠️ verify current offer,"Monitoring record, not a certificate claim. Verify the current official credential/course and price before calling it free.",Varies,Varies,Provider-dependent,Unknown,Varies,Provider-dependent,Varies,https://learning.qlik.com/,C,Не начато,Source watch — auto review,2026-08-31,,curated,discovery
SRCX-065ecea7b866,United States,Unity,Unity — JavaScript source & credential directory,source-watch,JavaScript,JavaScript,catalog,⚠️ verify current offer,"Monitoring record, not a certificate claim. Verify the current official credential/course and price before calling it free.",Varies,Varies,Provider-dependent,Unknown,Varies,Provider-dependent,Varies,https://learn.unity.com/,C,Не начато,Source watch — auto review,2026-08-31,,curated,discovery
SRCX-0860a4eb874d,United States,Vercel,Vercel — JavaScript source & credential directory,source-watch,JavaScript,JavaScript,catalog,⚠️ verify current offer,"Monitoring record, not a certificate claim. Verify the current official credential/course and price before calling it free.",Varies,Varies,Provider-dependent,Unknown,Varies,Provider-dependent,Varies,https://vercel.com/academy,C,Не начато,Source watch — auto review,2026-08-31,,curated,discovery
SRCX-036684fe3c40,Russia,1C,1C — Kubernetes source & credential directory,source-watch,Kubernetes,Kubernetes,catalog,⚠️ verify current offer,"Monitoring record, not a certificate claim. Verify the current official credential/course and price before calling it free.",Varies,Varies,Provider-dependent,Unknown,Varies,Provider-dependent,Varies,https://1c.ru/,C,Не начато,Source watch — auto review,2026-08-31,,curated,discovery
SRCX-13972ee80043,Global,Apache Spark,Apache Spark — Kubernetes source & credential directory,source-watch,Kubernetes,Kubernetes,catalog,⚠️ verify current offer,"Monitoring record, not a certificate claim. Verify the current official credential/course and price before calling it free.",Varies,Varies,Provider-dependent,Unknown,Varies,Provider-dependent,Varies,https://spark.apache.org/,C,Не начато,Source watch — auto review,2026-08-31,,curated,discovery
SRCX-08a55cc5b111,United States,Autodesk,Autodesk — Kubernetes source & credential directory,source-watch,Kubernetes,Kubernetes,catalog,⚠️ verify current offer,"Monitoring record, not a certificate claim. Verify the current official credential/course and price before calling it free.",Varies,Varies,Provider-dependent,Unknown,Varies,Provider-dependent,Varies,https://www.autodesk.com/certification/overview,C,Не начато,Source watch — auto review,2026-08-31,,curated,discovery
SRCX-07ef99628eb0,United States,Cadence,Cadence — Kubernetes source & credential directory,source-watch,Kubernetes,Kubernetes,catalog,⚠️ verify current offer,"Monitoring record, not a certificate claim. Verify the current official credential/course and price before calling it free.",Varies,Varies,Provider-dependent,Unknown,Varies,Provider-dependent,Varies,https://www.cadence.com/,C,Не начато,Source watch — auto review,2026-08-31,,curated,discovery
SRCX-02a41f0ab829,Israel,Check Point,Check Point — Kubernetes source & credential directory,source-watch,Kubernetes,Kubernetes,catalog,⚠️ verify current offer,"Monitoring record, not a certificate claim. Verify the current official credential/course and price before calling it free.",Varies,Varies,Provider-dependent,Unknown,Varies,Provider-dependent,Varies,https://www.checkpoint.com/services/training-and-certification/,C,Не начато,Source watch — auto review,2026-08-31,,curated,discovery
SRCX-0890274ca0da,United States,Cisco,Cisco — Kubernetes source & credential directory,source-watch,Kubernetes,Kubernetes,catalog,⚠️ verify current offer,"Monitoring record, not a certificate claim. Verify the current official credential/course and price before calling it free.",Varies,Varies,Provider-dependent,Unknown,Varies,Provider-dependent,Varies,https://www.netacad.com/,C,Не начато,Source watch — auto review,2026-08-31,,curated,discovery
SRCX-0a9f3ecb1246,France,Dassault Systèmes,Dassault Systèmes — Kubernetes source & credential directory,source-watch,Kubernetes,Kubernetes,catalog,⚠️ verify current offer,"Monitoring record, not a certificate claim. Verify the current official credential/course and price before calling it free.",Varies,Varies,Provider-dependent,Unknown,Varies,Provider-dependent,Varies,https://www.3ds.com/education/,C,Не начато,Source watch — auto review,2026-08-31,,curated,discovery
SRCX-0bb753734249,European Union,EIT Health,EIT Health — Kubernetes source & credential directory,source-watch,Kubernetes,Kubernetes,catalog,⚠️ verify current offer,"Monitoring record, not a certificate claim. Verify the current official credential/course and price before calling it free.",Varies,Varies,Provider-dependent,Unknown,Varies,Provider-dependent,Varies,https://eithealth.eu/,C,Не начато,Source watch — auto review,2026-08-31,,curated,discovery
SRCX-15f3f3c87458,United States,Epic Games,Epic Games — Kubernetes source & credential directory,source-watch,Kubernetes,Kubernetes,catalog,⚠️ verify current offer,"Monitoring record, not a certificate claim. Verify the current official credential/course and price before calling it free.",Varies,Varies,Provider-dependent,Unknown,Varies,Provider-dependent,Varies,https://dev.epicgames.com/community/,C,Не начато,Source watch — auto review,2026-08-31,,curated,discovery
SRCX-123599ad71bc,Global,FAO eLearning Academy,FAO eLearning Academy — Kubernetes source & credential directory,source-watch,Kubernetes,Kubernetes,catalog,⚠️ verify current offer,"Monitoring record, not a certificate claim. Verify the current official credential/course and price before calling it free.",Varies,Varies,Provider-dependent,Unknown,Varies,Provider-dependent,Varies,https://elearning.fao.org/,C,Не начато,Source watch — auto review,2026-08-31,,curated,discovery
SRCX-0f2c54c6a941,United Kingdom,FutureLearn,FutureLearn — Kubernetes source & credential directory,source-watch,Kubernetes,Kubernetes,catalog,⚠️ verify current offer,"Monitoring record, not a certificate claim. Verify the current official credential/course and price before calling it free.",Varies,Varies,Provider-dependent,Unknown,Varies,Provider-dependent,Varies,https://www.futurelearn.com/,C,Не начато,Source watch — auto review,2026-08-31,,curated,discovery
SRCX-0f3eef4323a2,United States,HashiCorp,HashiCorp — Kubernetes source & credential directory,source-watch,Kubernetes,Kubernetes,catalog,⚠️ verify current offer,"Monitoring record, not a certificate claim. Verify the current official credential/course and price before calling it free.",Varies,Varies,Provider-dependent,Unknown,Varies,Provider-dependent,Varies,https://developer.hashicorp.com/certifications,C,Не начато,Source watch — auto review,2026-08-31,,curated,discovery
SRCX-04533b0147de,United States,HubSpot Academy,HubSpot Academy — Kubernetes source & credential directory,source-watch,Kubernetes,Kubernetes,catalog,⚠️ verify current offer,"Monitoring record, not a certificate claim. Verify the current official credential/course and price before calling it free.",Varies,Varies,Provider-dependent,Unknown,Varies,Provider-dependent,Varies,https://academy.hubspot.com/,C,Не начато,Source watch — auto review,2026-08-31,,curated,discovery
SRCX-038f83e8b3b7,United States,New Relic,New Relic — Kubernetes source & credential directory,source-watch,Kubernetes,Kubernetes,catalog,⚠️ verify current offer,"Monitoring record, not a certificate claim. Verify the current official credential/course and price before calling it free.",Varies,Varies,Provider-dependent,Unknown,Varies,Provider-dependent,Varies,https://learn.newrelic.com/,C,Не начато,Source watch — auto review,2026-08-31,,curated,discovery
SRCX-06455edc88a4,United States,NIST,NIST — Kubernetes source & credential directory,source-watch,Kubernetes,Kubernetes,catalog,⚠️ verify current offer,"Monitoring record, not a certificate claim. Verify the current official credential/course and price before calling it free.",Varies,Varies,Provider-dependent,Unknown,Varies,Provider-dependent,Varies,https://www.nist.gov/,C,Не начато,Source watch — auto review,2026-08-31,,curated,discovery
SRCX-02f6ab9a3373,Global,OpenTelemetry,OpenTelemetry — Kubernetes source & credential directory,source-watch,Kubernetes,Kubernetes,catalog,⚠️ verify current offer,"Monitoring record, not a certificate claim. Verify the current official credential/course and price before calling it free.",Varies,Varies,Provider-dependent,Unknown,Varies,Provider-dependent,Varies,https://opentelemetry.io/,C,Не начато,Source watch — auto review,2026-08-31,,curated,discovery
SRCX-07aaa9d28048,Germany,Phoenix Contact,Phoenix Contact — Kubernetes source & credential directory,source-watch,Kubernetes,Kubernetes,catalog,⚠️ verify current offer,"Monitoring record, not a certificate claim. Verify the current official credential/course and price before calling it free.",Varies,Varies,Provider-dependent,Unknown,Varies,Provider-dependent,Varies,https://www.phoenixcontact.com/en-pc/training,C,Не начато,Source watch — auto review,2026-08-31,,curated,discovery
SRCX-0ca581d55bb8,United States,Rockwell Automation,Rockwell Automation — Kubernetes source & credential directory,source-watch,Kubernetes,Kubernetes,catalog,⚠️ verify current offer,"Monitoring record, not a certificate claim. Verify the current official credential/course and price before calling it free.",Varies,Varies,Provider-dependent,Unknown,Varies,Provider-dependent,Varies,https://www.rockwellautomation.com/en-us/services/training.html,C,Не начато,Source watch — auto review,2026-08-31,,curated,discovery
SRCX-0d4fd03a8655,Global,ROS,ROS — Kubernetes source & credential directory,source-watch,Kubernetes,Kubernetes,catalog,⚠️ verify current offer,"Monitoring record, not a certificate claim. Verify the current official credential/course and price before calling it free.",Varies,Varies,Provider-dependent,Unknown,Varies,Provider-dependent,Varies,https://www.ros.org/,C,Не начато,Source watch — auto review,2026-08-31,,curated,discovery
SRCX-13e56dd774f2,Russia,Roscosmos Education,Roscosmos Education — Kubernetes source & credential directory,source-watch,Kubernetes,Kubernetes,catalog,⚠️ verify current offer,"Monitoring record, not a certificate claim. Verify the current official credential/course and price before calling it free.",Varies,Varies,Provider-dependent,Unknown,Varies,Provider-dependent,Varies,https://www.roscosmos.ru/,C,Не начато,Source watch — auto review,2026-08-31,,curated,discovery
SRCX-000d4669f0a2,Switzerland,STMicroelectronics,STMicroelectronics — Kubernetes source & credential directory,source-watch,Kubernetes,Kubernetes,catalog,⚠️ verify current offer,"Monitoring record, not a certificate claim. Verify the current official credential/course and price before calling it free.",Varies,Varies,Provider-dependent,Unknown,Varies,Provider-dependent,Varies,https://www.st.com/content/st_com/en/about/training.html,C,Не начато,Source watch — auto review,2026-08-31,,curated,discovery
SRCX-07e006f7d196,United States,USGS,USGS — Kubernetes source & credential directory,source-watch,Kubernetes,Kubernetes,catalog,⚠️ verify current offer,"Monitoring record, not a certificate claim. Verify the current official credential/course and price before calling it free.",Varies,Varies,Provider-dependent,Unknown,Varies,Provider-dependent,Varies,https://www.usgs.gov/educational-resources,C,Не начато,Source watch — auto review,2026-08-31,,curated,discovery
SRCX-04a130f10685,United States,Autodesk,Autodesk — LLM source & credential directory,source-watch,LLM,LLM,catalog,⚠️ verify current offer,"Monitoring record, not a certificate claim. Verify the current official credential/course and price before calling it free.",Varies,Varies,Provider-dependent,Unknown,Varies,Provider-dependent,Varies,https://www.autodesk.com/certification/overview,C,Не начато,Source watch — auto review,2026-08-31,,curated,discovery
SRCX-110d5917500a,United States,CrowdStrike,CrowdStrike — LLM source & credential directory,source-watch,LLM,LLM,catalog,⚠️ verify current offer,"Monitoring record, not a certificate claim. Verify the current official credential/course and price before calling it free.",Varies,Varies,Provider-dependent,Unknown,Varies,Provider-dependent,Varies,https://www.crowdstrike.com/services/education/,C,Не начато,Source watch — auto review,2026-08-31,,curated,discovery
SRCX-0fb446c344aa,France,Dassault Aviation,Dassault Aviation — LLM source & credential directory,source-watch,LLM,LLM,catalog,⚠️ verify current offer,"Monitoring record, not a certificate claim. Verify the current official credential/course and price before calling it free.",Varies,Varies,Provider-dependent,Unknown,Varies,Provider-dependent,Varies,https://www.dassault-aviation.com/,C,Не начато,Source watch — auto review,2026-08-31,,curated,discovery
SRCX-1207afcca871,Europe,ESA,ESA — LLM source & credential directory,source-watch,LLM,LLM,catalog,⚠️ verify current offer,"Monitoring record, not a certificate claim. Verify the current official credential/course and price before calling it free.",Varies,Varies,Provider-dependent,Unknown,Varies,Provider-dependent,Varies,https://learningzone.esa.int/,C,Не начато,Source watch — auto review,2026-08-31,,curated,discovery
SRCX-0fbff8c51399,China,Espressif,Espressif — LLM source & credential directory,source-watch,LLM,LLM,catalog,⚠️ verify current offer,"Monitoring record, not a certificate claim. Verify the current official credential/course and price before calling it free.",Varies,Varies,Provider-dependent,Unknown,Varies,Provider-dependent,Varies,https://www.espressif.com/en/training,C,Не начато,Source watch — auto review,2026-08-31,,curated,discovery
SRCX-0952208aa49f,Germany,Festo,Festo — LLM source & credential directory,source-watch,LLM,LLM,catalog,⚠️ verify current offer,"Monitoring record, not a certificate claim. Verify the current official credential/course and price before calling it free.",Varies,Varies,Provider-dependent,Unknown,Varies,Provider-dependent,Varies,https://www.festo.com/us/en/e/academy/,C,Не начато,Source watch — auto review,2026-08-31,,curated,discovery
SRCX-07ebf73eb718,Sweden,Grafana Labs,Grafana Labs — LLM source & credential directory,source-watch,LLM,LLM,catalog,⚠️ verify current offer,"Monitoring record, not a certificate claim. Verify the current official credential/course and price before calling it free.",Varies,Varies,Provider-dependent,Unknown,Varies,Provider-dependent,Varies,https://grafana.com/training/,C,Не начато,Source watch — auto review,2026-08-31,,curated,discovery
SRCX-093bb3f91097,United Kingdom/Global,GSMA,GSMA — LLM source & credential directory,source-watch,LLM,LLM,catalog,⚠️ verify current offer,"Monitoring record, not a certificate claim. Verify the current official credential/course and price before calling it free.",Varies,Varies,Provider-dependent,Unknown,Varies,Provider-dependent,Varies,https://www.gsma.com/,C,Не начато,Source watch — auto review,2026-08-31,,curated,discovery
SRCX-0c023e3a7ee2,Global,IETF,IETF — LLM source & credential directory,source-watch,LLM,LLM,catalog,⚠️ verify current offer,"Monitoring record, not a certificate claim. Verify the current official credential/course and price before calling it free.",Varies,Varies,Provider-dependent,Unknown,Varies,Provider-dependent,Varies,https://www.ietf.org/education/,C,Не начато,Source watch — auto review,2026-08-31,,curated,discovery
SRCX-0d850268260b,Global,ISC2,ISC2 — LLM source & credential directory,source-watch,LLM,LLM,catalog,⚠️ verify current offer,"Monitoring record, not a certificate claim. Verify the current official credential/course and price before calling it free.",Varies,Varies,Provider-dependent,Unknown,Varies,Provider-dependent,Varies,https://www.isc2.org/certifications,C,Не начато,Source watch — auto review,2026-08-31,,curated,discovery
SRCX-03fb08f9f462,Russia,Kaspersky,Kaspersky — LLM source & credential directory,source-watch,LLM,LLM,catalog,⚠️ verify current offer,"Monitoring record, not a certificate claim. Verify the current official credential/course and price before calling it free.",Varies,Varies,Provider-dependent,Unknown,Varies,Provider-dependent,Varies,https://certification.kaspersky.com/,C,Не начато,Source watch — auto review,2026-08-31,,curated,discovery
SRCX-0f4561f9137b,United States,OpenAI Academy,OpenAI Academy — LLM source & credential directory,source-watch,LLM,LLM,catalog,⚠️ verify current offer,"Monitoring record, not a certificate claim. Verify the current official credential/course and price before calling it free.",Varies,Varies,Provider-dependent,Unknown,Varies,Provider-dependent,Varies,https://academy.openai.com/,C,Не начато,Source watch — auto review,2026-08-31,,curated,discovery
SRCX-11be99a2c090,Global,OpenWHO,OpenWHO — LLM source & credential directory,source-watch,LLM,LLM,catalog,⚠️ verify current offer,"Monitoring record, not a certificate claim. Verify the current official credential/course and price before calling it free.",Varies,Varies,Provider-dependent,Unknown,Varies,Provider-dependent,Varies,https://openwho.org/,C,Не начато,Source watch — auto review,2026-08-31,,curated,discovery
SRCX-1214837b6c28,United States,Oracle,Oracle — LLM source & credential directory,source-watch,LLM,LLM,catalog,⚠️ verify current offer,"Monitoring record, not a certificate claim. Verify the current official credential/course and price before calling it free.",Varies,Varies,Provider-dependent,Unknown,Varies,Provider-dependent,Varies,https://www.oracle.com/education/certification/,C,Не начато,Source watch — auto review,2026-08-31,,curated,discovery
SRCX-0d3385e62935,United States,Rockwell Automation,Rockwell Automation — LLM source & credential directory,source-watch,LLM,LLM,catalog,⚠️ verify current offer,"Monitoring record, not a certificate claim. Verify the current official credential/course and price before calling it free.",Varies,Varies,Provider-dependent,Unknown,Varies,Provider-dependent,Varies,https://www.rockwellautomation.com/en-us/services/training.html,C,Не начато,Source watch — auto review,2026-08-31,,curated,discovery
SRCX-000eebeeecef,Global,ROS,ROS — LLM source & credential directory,source-watch,LLM,LLM,catalog,⚠️ verify current offer,"Monitoring record, not a certificate claim. Verify the current official credential/course and price before calling it free.",Varies,Varies,Provider-dependent,Unknown,Varies,Provider-dependent,Varies,https://www.ros.org/,C,Не начато,Source watch — auto review,2026-08-31,,curated,discovery
SRCX-0b3b5893111c,United States,RStudio / Posit,RStudio / Posit — LLM source & credential directory,source-watch,LLM,LLM,catalog,⚠️ verify current offer,"Monitoring record, not a certificate claim. Verify the current official credential/course and price before calling it free.",Varies,Varies,Provider-dependent,Unknown,Varies,Provider-dependent,Varies,https://posit.co/learn/,C,Не начато,Source watch — auto review,2026-08-31,,curated,discovery
SRCX-011e5e117efa,United States,Sentry,Sentry — LLM source & credential directory,source-watch,LLM,LLM,catalog,⚠️ verify current offer,"Monitoring record, not a certificate claim. Verify the current official credential/course and price before calling it free.",Varies,Varies,Provider-dependent,Unknown,Varies,Provider-dependent,Varies,https://sentry.io/resources/,C,Не начато,Source watch — auto review,2026-08-31,,curated,discovery
SRCX-0fa191a10a4d,United States,SiFive,SiFive — LLM source & credential directory,source-watch,LLM,LLM,catalog,⚠️ verify current offer,"Monitoring record, not a certificate claim. Verify the current official credential/course and price before calling it free.",Varies,Varies,Provider-dependent,Unknown,Varies,Provider-dependent,Varies,https://www.sifive.com/,C,Не начато,Source watch — auto review,2026-08-31,,curated,discovery
SRCX-093fa753fdcf,United States,Snowflake,Snowflake — LLM source & credential directory,source-watch,LLM,LLM,catalog,⚠️ verify current offer,"Monitoring record, not a certificate claim. Verify the current official credential/course and price before calling it free.",Varies,Varies,Provider-dependent,Unknown,Varies,Provider-dependent,Varies,https://learn.snowflake.com/,C,Не начато,Source watch — auto review,2026-08-31,,curated,discovery
SRCX-0d8ba7b5c16c,United States,Synopsys,Synopsys — LLM source & credential directory,source-watch,LLM,LLM,catalog,⚠️ verify current offer,"Monitoring record, not a certificate claim. Verify the current official credential/course and price before calling it free.",Varies,Varies,Provider-dependent,Unknown,Varies,Provider-dependent,Varies,https://www.synopsys.com/,C,Не начато,Source watch — auto review,2026-08-31,,curated,discovery
SRCX-119a5be3155d,Russia,Группа Астра,Группа Астра — LLM source & credential directory,source-watch,LLM,LLM,catalog,⚠️ verify current offer,"Monitoring record, not a certificate claim. Verify the current official credential/course and price before calling it free.",Varies,Varies,Provider-dependent,Unknown,Varies,Provider-dependent,Varies,https://astra.ru/training/,C,Не начато,Source watch — auto review,2026-08-31,,curated,discovery
LNG-00a3de7f20e0,Russia,1C,1C — JA credential-language watch,language-watch,Languages,JA,catalog,⚠️ verify current offer,Language availability must be verified on the official credential/course page.,Varies,Varies,JA,Unknown,Varies,Provider-dependent,Varies,https://1c.ru/,C,Не начато,Language watch — auto review,2026-08-31,,curated,discovery
LNG-16c51ffa25c8,Russia,1C,1C — SV credential-language watch,language-watch,Languages,SV,catalog,⚠️ verify current offer,Language availability must be verified on the official credential/course page.,Varies,Varies,SV,Unknown,Varies,Provider-dependent,Varies,https://1c.ru/,C,Не начато,Language watch — auto review,2026-08-31,,curated,discovery
LNG-0bfc5ce02b1d,Global,3GPP,3GPP — DE credential-language watch,language-watch,Languages,DE,catalog,⚠️ verify current offer,Language availability must be verified on the official credential/course page.,Varies,Varies,DE,Unknown,Varies,Provider-dependent,Varies,https://www.3gpp.org/,C,Не начато,Language watch — auto review,2026-08-31,,curated,discovery
LNG-08dd0a036781,Global,3GPP,3GPP — ES credential-language watch,language-watch,Languages,ES,catalog,⚠️ verify current offer,Language availability must be verified on the official credential/course page.,Varies,Varies,ES,Unknown,Varies,Provider-dependent,Varies,https://www.3gpp.org/,C,Не начато,Language watch — auto review,2026-08-31,,curated,discovery
LNG-007eeec5e4c2,Global,3GPP,3GPP — PT credential-language watch,language-watch,Languages,PT,catalog,⚠️ verify current offer,Language availability must be verified on the official credential/course page.,Varies,Varies,PT,Unknown,Varies,Provider-dependent,Varies,https://www.3gpp.org/,C,Не начато,Language watch — auto review,2026-08-31,,curated,discovery
LNG-12dde63f8b39,Switzerland,ABB,ABB — JA credential-language watch,language-watch,Languages,JA,catalog,⚠️ verify current offer,Language availability must be verified on the official credential/course page.,Varies,Varies,JA,Unknown,Varies,Provider-dependent,Varies,https://new.abb.com/service/training,C,Не начато,Language watch — auto review,2026-08-31,,curated,discovery
LNG-0c8ef317c543,Switzerland,ABB,ABB — SV credential-language watch,language-watch,Languages,SV,catalog,⚠️ verify current offer,Language availability must be verified on the official credential/course page.,Varies,Varies,SV,Unknown,Varies,Provider-dependent,Varies,https://new.abb.com/service/training,C,Не начато,Language watch — auto review,2026-08-31,,curated,discovery
LNG-037ffebd530a,Australia,Altium,Altium — ES credential-language watch,language-watch,Languages,ES,catalog,⚠️ verify current offer,Language availability must be verified on the official credential/course page.,Varies,Varies,ES,Unknown,Varies,Provider-dependent,Varies,https://www.altium.com/education,C,Не начато,Language watch — auto review,2026-08-31,,curated,discovery
LNG-0fd1fa3eace4,Australia,Altium,Altium — FI credential-language watch,language-watch,Languages,FI,catalog,⚠️ verify current offer,Language availability must be verified on the official credential/course page.,Varies,Varies,FI,Unknown,Varies,Provider-dependent,Varies,https://www.altium.com/education,C,Не начато,Language watch — auto review,2026-08-31,,curated,discovery
LNG-0e5878134541,United States,Analog Devices,Analog Devices — TR credential-language watch,language-watch,Languages,TR,catalog,⚠️ verify current offer,Language availability must be verified on the official credential/course page.,Varies,Varies,TR,Unknown,Varies,Provider-dependent,Varies,https://www.analog.com/en/education.html,C,Не начато,Language watch — auto review,2026-08-31,,curated,discovery
LNG-129b0c790a74,United States,Ansible,Ansible — FI credential-language watch,language-watch,Languages,FI,catalog,⚠️ verify current offer,Language availability must be verified on the official credential/course page.,Varies,Varies,FI,Unknown,Varies,Provider-dependent,Varies,https://www.ansible.com/,C,Не начато,Language watch — auto review,2026-08-31,,curated,discovery
LNG-027c693b4fe2,United States,Ansible,Ansible — TR credential-language watch,language-watch,Languages,TR,catalog,⚠️ verify current offer,Language availability must be verified on the official credential/course page.,Varies,Varies,TR,Unknown,Varies,Provider-dependent,Varies,https://www.ansible.com/,C,Не начато,Language watch — auto review,2026-08-31,,curated,discovery
LNG-1313d519c653,United States,Ansible,Ansible — ZH credential-language watch,language-watch,Languages,ZH,catalog,⚠️ verify current offer,Language availability must be verified on the official credential/course page.,Varies,Varies,ZH,Unknown,Varies,Provider-dependent,Varies,https://www.ansible.com/,C,Не начато,Language watch — auto review,2026-08-31,,curated,discovery
LNG-00474bb63d65,United States,Ansys,Ansys — ES credential-language watch,language-watch,Languages,ES,catalog,⚠️ verify current offer,Language availability must be verified on the official credential/course page.,Varies,Varies,ES,Unknown,Varies,Provider-dependent,Varies,https://www.ansys.com/academic/educator-resources,C,Не начато,Language watch — auto review,2026-08-31,,curated,discovery
LNG-12be216e9d0e,United States,Ansys,Ansys — FR credential-language watch,language-watch,Languages,FR,catalog,⚠️ verify current offer,Language availability must be verified on the official credential/course page.,Varies,Varies,FR,Unknown,Varies,Provider-dependent,Varies,https://www.ansys.com/academic/educator-resources,C,Не начато,Language watch — auto review,2026-08-31,,curated,discovery
LNG-10907b5ab3c5,United States,Ansys,Ansys — TR credential-language watch,language-watch,Languages,TR,catalog,⚠️ verify current offer,Language availability must be verified on the official credential/course page.,Varies,Varies,TR,Unknown,Varies,Provider-dependent,Varies,https://www.ansys.com/academic/educator-resources,C,Не начато,Language watch — auto review,2026-08-31,,curated,discovery
LNG-0963df857cc0,United States,Anthropic,Anthropic — PL credential-language watch,language-watch,Languages,PL,catalog,⚠️ verify current offer,Language availability must be verified on the official credential/course page.,Varies,Varies,PL,Unknown,Varies,Provider-dependent,Varies,https://www.anthropic.com/,C,Не начато,Language watch — auto review,2026-08-31,,curated,discovery
LNG-0aaebe9f71a4,Global,Apache Airflow,Apache Airflow — FR credential-language watch,language-watch,Languages,FR,catalog,⚠️ verify current offer,Language availability must be verified on the official credential/course page.,Varies,Varies,FR,Unknown,Varies,Provider-dependent,Varies,https://airflow.apache.org/,C,Не начато,Language watch — auto review,2026-08-31,,curated,discovery
LNG-10364d9cfb58,Global,Apache Airflow,Apache Airflow — KO credential-language watch,language-watch,Languages,KO,catalog,⚠️ verify current offer,Language availability must be verified on the official credential/course page.,Varies,Varies,KO,Unknown,Varies,Provider-dependent,Varies,https://airflow.apache.org/,C,Не начато,Language watch — auto review,2026-08-31,,curated,discovery
LNG-04e4d942e484,Global,Apache Kafka,Apache Kafka — PT credential-language watch,language-watch,Languages,PT,catalog,⚠️ verify current offer,Language availability must be verified on the official credential/course page.,Varies,Varies,PT,Unknown,Varies,Provider-dependent,Varies,https://kafka.apache.org/,C,Не начато,Language watch — auto review,2026-08-31,,curated,discovery
LNG-03f03364282a,Global,Apache Software Foundation,Apache Software Foundation — DE credential-language watch,language-watch,Languages,DE,catalog,⚠️ verify current offer,Language availability must be verified on the official credential/course page.,Varies,Varies,DE,Unknown,Varies,Provider-dependent,Varies,https://www.apache.org/,C,Не начато,Language watch — auto review,2026-08-31,,curated,discovery
LNG-13efaf2a9b4c,Global,Apache Software Foundation,Apache Software Foundation — KO credential-language watch,language-watch,Languages,KO,catalog,⚠️ verify current offer,Language availability must be verified on the official credential/course page.,Varies,Varies,KO,Unknown,Varies,Provider-dependent,Varies,https://www.apache.org/,C,Не начато,Language watch — auto review,2026-08-31,,curated,discovery
LNG-0315d52d1c4d,Global,Apache Software Foundation — Subprojects,Apache Software Foundation — Subprojects — IT credential-language watch,language-watch,Languages,IT,catalog,⚠️ verify current offer,Language availability must be verified on the official credential/course page.,Varies,Varies,IT,Unknown,Varies,Provider-dependent,Varies,https://www.apache.org/,C,Не начато,Language watch — auto review,2026-08-31,,curated,discovery
LNG-051d49b83352,Italy,Arduino,Arduino — TR credential-language watch,language-watch,Languages,TR,catalog,⚠️ verify current offer,Language availability must be verified on the official credential/course page.,Varies,Varies,TR,Unknown,Varies,Provider-dependent,Varies,https://docs.arduino.cc/,C,Не начато,Language watch — auto review,2026-08-31,,curated,discovery
LNG-0e31b4f3a211,Italy,Arduino,Arduino — UK credential-language watch,language-watch,Languages,UK,catalog,⚠️ verify current offer,Language availability must be verified on the official credential/course page.,Varies,Varies,UK,Unknown,Varies,Provider-dependent,Varies,https://docs.arduino.cc/,C,Не начато,Language watch — auto review,2026-08-31,,curated,discovery
LNG-0771a496576c,United Kingdom,Arm,Arm — IT credential-language watch,language-watch,Languages,IT,catalog,⚠️ verify current offer,Language availability must be verified on the official credential/course page.,Varies,Varies,IT,Unknown,Varies,Provider-dependent,Varies,https://learn.arm.com/,C,Не начато,Language watch — auto review,2026-08-31,,curated,discovery
LNG-05a87a9b5fe4,United Kingdom,Arm,Arm — PT credential-language watch,language-watch,Languages,PT,catalog,⚠️ verify current offer,Language availability must be verified on the official credential/course page.,Varies,Varies,PT,Unknown,Varies,Provider-dependent,Varies,https://learn.arm.com/,C,Не начато,Language watch — auto review,2026-08-31,,curated,discovery
LNG-12c9202a6c99,United States,ASQ,ASQ — DE credential-language watch,language-watch,Languages,DE,catalog,⚠️ verify current offer,Language availability must be verified on the official credential/course page.,Varies,Varies,DE,Unknown,Varies,Provider-dependent,Varies,https://asq.org/training,C,Не начато,Language watch — auto review,2026-08-31,,curated,discovery
LNG-0a339d6f45d7,United States,ASQ,ASQ — IT credential-language watch,language-watch,Languages,IT,catalog,⚠️ verify current offer,Language availability must be verified on the official credential/course page.,Varies,Varies,IT,Unknown,Varies,Provider-dependent,Varies,https://asq.org/training,C,Не начато,Language watch — auto review,2026-08-31,,curated,discovery
LNG-13a133cec0e4,Australia,Atlassian,Atlassian — AR credential-language watch,language-watch,Languages,AR,catalog,⚠️ verify current offer,Language availability must be verified on the official credential/course page.,Varies,Varies,AR,Unknown,Varies,Provider-dependent,Varies,https://university.atlassian.com/,C,Не начато,Language watch — auto review,2026-08-31,,curated,discovery
LNG-047522461841,Australia,Atlassian,Atlassian — JA credential-language watch,language-watch,Languages,JA,catalog,⚠️ verify current offer,Language availability must be verified on the official credential/course page.,Varies,Varies,JA,Unknown,Varies,Provider-dependent,Varies,https://university.atlassian.com/,C,Не начато,Language watch — auto review,2026-08-31,,curated,discovery
LNG-0982064b4280,Australia,Atlassian,Atlassian — KO credential-language watch,language-watch,Languages,KO,catalog,⚠️ verify current offer,Language availability must be verified on the official credential/course page.,Varies,Varies,KO,Unknown,Varies,Provider-dependent,Varies,https://university.atlassian.com/,C,Не начато,Language watch — auto review,2026-08-31,,curated,discovery
LNG-08e790ddaed5,Australia,Atlassian,Atlassian — ZH credential-language watch,language-watch,Languages,ZH,catalog,⚠️ verify current offer,Language availability must be verified on the official credential/course page.,Varies,Varies,ZH,Unknown,Varies,Provider-dependent,Varies,https://university.atlassian.com/,C,Не начато,Language watch — auto review,2026-08-31,,curated,discovery
LNG-02cc077ba5b7,United States,Autodesk,Autodesk — NL credential-language watch,language-watch,Languages,NL,catalog,⚠️ verify current offer,Language availability must be verified on the official credential/course page.,Varies,Varies,NL,Unknown,Varies,Provider-dependent,Varies,https://www.autodesk.com/certification/overview,C,Не начато,Language watch — auto review,2026-08-31,,curated,discovery
LNG-123d659194d0,Global,Autoware Foundation,Autoware Foundation — AR credential-language watch,language-watch,Languages,AR,catalog,⚠️ verify current offer,Language availability must be verified on the official credential/course page.,Varies,Varies,AR,Unknown,Varies,Provider-dependent,Varies,https://www.autoware.org/,C,Не начато,Language watch — auto review,2026-08-31,,curated,discovery
LNG-13c33f4e8172,Global,Autoware Foundation,Autoware Foundation — RU credential-language watch,language-watch,Languages,RU,catalog,⚠️ verify current offer,Language availability must be verified on the official credential/course page.,Varies,Varies,RU,Unknown,Varies,Provider-dependent,Varies,https://www.autoware.org/,C,Не начато,Language watch — auto review,2026-08-31,,curated,discovery
LNG-0ee92fbc32e5,Global,Autoware Foundation,Autoware Foundation — SV credential-language watch,language-watch,Languages,SV,catalog,⚠️ verify current offer,Language availability must be verified on the official credential/course page.,Varies,Varies,SV,Unknown,Varies,Provider-dependent,Varies,https://www.autoware.org/,C,Не начато,Language watch — auto review,2026-08-31,,curated,discovery
LNG-1218428a2f70,United States,AWS,AWS — UK credential-language watch,language-watch,Languages,UK,catalog,⚠️ verify current offer,Language availability must be verified on the official credential/course page.,Varies,Varies,UK,Unknown,Varies,Provider-dependent,Varies,https://aws.amazon.com/training/,C,Не начато,Language watch — auto review,2026-08-31,,curated,discovery
LNG-11e3934b5c59,Germany,Beckhoff,Beckhoff — IT credential-language watch,language-watch,Languages,IT,catalog,⚠️ verify current offer,Language availability must be verified on the official credential/course page.,Varies,Varies,IT,Unknown,Varies,Provider-dependent,Varies,https://www.beckhoff.com/en-us/company/education/,C,Не начато,Language watch — auto review,2026-08-31,,curated,discovery
LNG-0f6300c07275,Germany,Beckhoff,Beckhoff — PL credential-language watch,language-watch,Languages,PL,catalog,⚠️ verify current offer,Language availability must be verified on the official credential/course page.,Varies,Varies,PL,Unknown,Varies,Provider-dependent,Varies,https://www.beckhoff.com/en-us/company/education/,C,Не начато,Language watch — auto review,2026-08-31,,curated,discovery
LNG-0adeecd8ec6e,United States,Broadcom VMware,Broadcom VMware — AR credential-language watch,language-watch,Languages,AR,catalog,⚠️ verify current offer,Language availability must be verified on the official credential/course page.,Varies,Varies,AR,Unknown,Varies,Provider-dependent,Varies,https://www.vmware.com/learning.html,C,Не начато,Language watch — auto review,2026-08-31,,curated,discovery
LNG-037d8ed0c5df,United States,Broadcom VMware,Broadcom VMware — TR credential-language watch,language-watch,Languages,TR,catalog,⚠️ verify current offer,Language availability must be verified on the official credential/course page.,Varies,Varies,TR,Unknown,Varies,Provider-dependent,Varies,https://www.vmware.com/learning.html,C,Не начато,Language watch — auto review,2026-08-31,,curated,discovery
LNG-0a99cd4fc4de,United States,Broadcom VMware,Broadcom VMware — UK credential-language watch,language-watch,Languages,UK,catalog,⚠️ verify current offer,Language availability must be verified on the official credential/course page.,Varies,Varies,UK,Unknown,Varies,Provider-dependent,Varies,https://www.vmware.com/learning.html,C,Не начато,Language watch — auto review,2026-08-31,,curated,discovery
LNG-1369803ad281,United States,Cadence,Cadence — DE credential-language watch,language-watch,Languages,DE,catalog,⚠️ verify current offer,Language availability must be verified on the official credential/course page.,Varies,Varies,DE,Unknown,Varies,Provider-dependent,Varies,https://www.cadence.com/,C,Не начато,Language watch — auto review,2026-08-31,,curated,discovery
LNG-0a36a17aa677,Global,Chainlink,Chainlink — TR credential-language watch,language-watch,Languages,TR,catalog,⚠️ verify current offer,Language availability must be verified on the official credential/course page.,Varies,Varies,TR,Unknown,Varies,Provider-dependent,Varies,https://docs.chain.link/,C,Не начато,Language watch — auto review,2026-08-31,,curated,discovery
LNG-11ad0db263b2,Israel,Check Point,Check Point — RU credential-language watch,language-watch,Languages,RU,catalog,⚠️ verify current offer,Language availability must be verified on the official credential/course page.,Varies,Varies,RU,Unknown,Varies,Provider-dependent,Varies,https://www.checkpoint.com/services/training-and-certification/,C,Не начато,Language watch — auto review,2026-08-31,,curated,discovery
LNG-0ac485bcae84,United States,Cisco,Cisco — KO credential-language watch,language-watch,Languages,KO,catalog,⚠️ verify current offer,Language availability must be verified on the official credential/course page.,Varies,Varies,KO,Unknown,Varies,Provider-dependent,Varies,https://www.netacad.com/,C,Не начато,Language watch — auto review,2026-08-31,,curated,discovery
LNG-0ab449f20642,United States,Cisco,Cisco — UK credential-language watch,language-watch,Languages,UK,catalog,⚠️ verify current offer,Language availability must be verified on the official credential/course page.,Varies,Varies,UK,Unknown,Varies,Provider-dependent,Varies,https://www.netacad.com/,C,Не начато,Language watch — auto review,2026-08-31,,curated,discovery
LNG-0c15907431cd,United States,Class Central,Class Central — PL credential-language watch,language-watch,Languages,PL,catalog,⚠️ verify current offer,Language availability must be verified on the official credential/course page.,Varies,Varies,PL,Unknown,Varies,Provider-dependent,Varies,https://www.classcentral.com/,C,Не начато,Language watch — auto review,2026-08-31,,curated,discovery
LNG-0069da46fce2,United States,Class Central,Class Central — UK credential-language watch,language-watch,Languages,UK,catalog,⚠️ verify current offer,Language availability must be verified on the official credential/course page.,Varies,Varies,UK,Unknown,Varies,Provider-dependent,Varies,https://www.classcentral.com/,C,Не начато,Language watch — auto review,2026-08-31,,curated,discovery
LNG-0414e584dbf7,Global,Cloud Security Alliance,Cloud Security Alliance — ES credential-language watch,language-watch,Languages,ES,catalog,⚠️ verify current offer,Language availability must be verified on the official credential/course page.,Varies,Varies,ES,Unknown,Varies,Provider-dependent,Varies,https://cloudsecurityalliance.org/education,C,Не начато,Language watch — auto review,2026-08-31,,curated,discovery
LNG-16e7a82817b4,Global,Cloud Security Alliance,Cloud Security Alliance — FR credential-language watch,language-watch,Languages,FR,catalog,⚠️ verify current offer,Language availability must be verified on the official credential/course page.,Varies,Varies,FR,Unknown,Varies,Provider-dependent,Varies,https://cloudsecurityalliance.org/education,C,Не начато,Language watch — auto review,2026-08-31,,curated,discovery
LNG-096f13bc3822,Global,Cloud Security Alliance,Cloud Security Alliance — PL credential-language watch,language-watch,Languages,PL,catalog,⚠️ verify current offer,Language availability must be verified on the official credential/course page.,Varies,Varies,PL,Unknown,Varies,Provider-dependent,Varies,https://cloudsecurityalliance.org/education,C,Не начато,Language watch — auto review,2026-08-31,,curated,discovery
LNG-0642a4b659ba,Global,Cloud Security Alliance,Cloud Security Alliance — SV credential-language watch,language-watch,Languages,SV,catalog,⚠️ verify current offer,Language availability must be verified on the official credential/course page.,Varies,Varies,SV,Unknown,Varies,Provider-dependent,Varies,https://cloudsecurityalliance.org/education,C,Не начато,Language watch — auto review,2026-08-31,,curated,discovery
LNG-0c406034a97b,Global,Cloud Security Alliance,Cloud Security Alliance — TR credential-language watch,language-watch,Languages,TR,catalog,⚠️ verify current offer,Language availability must be verified on the official credential/course page.,Varies,Varies,TR,Unknown,Varies,Provider-dependent,Varies,https://cloudsecurityalliance.org/education,C,Не начато,Language watch — auto review,2026-08-31,,curated,discovery
LNG-00b5f7161002,Global,CNCF,CNCF — FI credential-language watch,language-watch,Languages,FI,catalog,⚠️ verify current offer,Language availability must be verified on the official credential/course page.,Varies,Varies,FI,Unknown,Varies,Provider-dependent,Varies,https://www.cncf.io/training/,C,Не начато,Language watch — auto review,2026-08-31,,curated,discovery
LNG-0a2cc585e81f,Global,CNCF,CNCF — HE credential-language watch,language-watch,Languages,HE,catalog,⚠️ verify current offer,Language availability must be verified on the official credential/course page.,Varies,Varies,HE,Unknown,Varies,Provider-dependent,Varies,https://www.cncf.io/training/,C,Не начато,Language watch — auto review,2026-08-31,,curated,discovery
LNG-09d5bbd71248,Global,CNCF,CNCF — JA credential-language watch,language-watch,Languages,JA,catalog,⚠️ verify current offer,Language availability must be verified on the official credential/course page.,Varies,Varies,JA,Unknown,Varies,Provider-dependent,Varies,https://www.cncf.io/training/,C,Не начато,Language watch — auto review,2026-08-31,,curated,discovery
LNG-11097a45e3f2,United States,CompTIA,CompTIA — AR credential-language watch,language-watch,Languages,AR,catalog,⚠️ verify current offer,Language availability must be verified on the official credential/course page.,Varies,Varies,AR,Unknown,Varies,Provider-dependent,Varies,https://www.comptia.org/certifications,C,Не начато,Language watch — auto review,2026-08-31,,curated,discovery
LNG-156c27dbf3d9,United States,CompTIA,CompTIA — ES credential-language watch,language-watch,Languages,ES,catalog,⚠️ verify current offer,Language availability must be verified on the official credential/course page.,Varies,Varies,ES,Unknown,Varies,Provider-dependent,Varies,https://www.comptia.org/certifications,C,Не начато,Language watch — auto review,2026-08-31,,curated,discovery
LNG-1292d9f32c3d,Sweden,COMSOL,COMSOL — SV credential-language watch,language-watch,Languages,SV,catalog,⚠️ verify current offer,Language availability must be verified on the official credential/course page.,Varies,Varies,SV,Unknown,Varies,Provider-dependent,Varies,https://www.comsol.com/learning-center,C,Не начато,Language watch — auto review,2026-08-31,,curated,discovery
LNG-0ddfbd7058bb,United States,Confluent,Confluent — RU credential-language watch,language-watch,Languages,RU,catalog,⚠️ verify current offer,Language availability must be verified on the official credential/course page.,Varies,Varies,RU,Unknown,Varies,Provider-dependent,Varies,https://developer.confluent.io/,C,Не начато,Language watch — auto review,2026-08-31,,curated,discovery
LNG-0e7d997209cd,United States,CrowdStrike,CrowdStrike — TR credential-language watch,language-watch,Languages,TR,catalog,⚠️ verify current offer,Language availability must be verified on the official credential/course page.,Varies,Varies,TR,Unknown,Varies,Provider-dependent,Varies,https://www.crowdstrike.com/services/education/,C,Не начато,Language watch — auto review,2026-08-31,,curated,discovery
LNG-0f7c172d3a0a,France,Dassault Aviation,Dassault Aviation — SV credential-language watch,language-watch,Languages,SV,catalog,⚠️ verify current offer,Language availability must be verified on the official credential/course page.,Varies,Varies,SV,Unknown,Varies,Provider-dependent,Varies,https://www.dassault-aviation.com/,C,Не начато,Language watch — auto review,2026-08-31,,curated,discovery
LNG-0b8e82bd47e2,France,Dassault Systèmes,Dassault Systèmes — SV credential-language watch,language-watch,Languages,SV,catalog,⚠️ verify current offer,Language availability must be verified on the official credential/course page.,Varies,Varies,SV,Unknown,Varies,Provider-dependent,Varies,https://www.3ds.com/education/,C,Не начато,Language watch — auto review,2026-08-31,,curated,discovery
LNG-0e3cd88c78b9,United States,DeepLearning.AI,DeepLearning.AI — HE credential-language watch,language-watch,Languages,HE,catalog,⚠️ verify current offer,Language availability must be verified on the official credential/course page.,Varies,Varies,HE,Unknown,Varies,Provider-dependent,Varies,https://www.deeplearning.ai/,C,Не начато,Language watch — auto review,2026-08-31,,curated,discovery
LNG-144f02057594,United States,DeepLearning.AI,DeepLearning.AI — PL credential-language watch,language-watch,Languages,PL,catalog,⚠️ verify current offer,Language availability must be verified on the official credential/course page.,Varies,Varies,PL,Unknown,Varies,Provider-dependent,Varies,https://www.deeplearning.ai/,C,Не начато,Language watch — auto review,2026-08-31,,curated,discovery
LNG-1352b536069a,United States,DigitalOcean,DigitalOcean — IT credential-language watch,language-watch,Languages,IT,catalog,⚠️ verify current offer,Language availability must be verified on the official credential/course page.,Varies,Varies,IT,Unknown,Varies,Provider-dependent,Varies,https://www.digitalocean.com/community,C,Не начато,Language watch — auto review,2026-08-31,,curated,discovery
LNG-045461f22894,United States,EC-Council,EC-Council — UK credential-language watch,language-watch,Languages,UK,catalog,⚠️ verify current offer,Language availability must be verified on the official credential/course page.,Varies,Varies,UK,Unknown,Varies,Provider-dependent,Varies,https://www.eccouncil.org/train-certify/,C,Не начато,Language watch — auto review,2026-08-31,,curated,discovery
LNG-0591a60425dc,United States,EC-Council,EC-Council — ZH credential-language watch,language-watch,Languages,ZH,catalog,⚠️ verify current offer,Language availability must be verified on the official credential/course page.,Varies,Varies,ZH,Unknown,Varies,Provider-dependent,Varies,https://www.eccouncil.org/train-certify/,C,Не начато,Language watch — auto review,2026-08-31,,curated,discovery
LNG-1063fb7eae9d,Global,Eclipse Foundation,Eclipse Foundation — DE credential-language watch,language-watch,Languages,DE,catalog,⚠️ verify current offer,Language availability must be verified on the official credential/course page.,Varies,Varies,DE,Unknown,Varies,Provider-dependent,Varies,https://www.eclipse.org/org/workinggroups/,C,Не начато,Language watch — auto review,2026-08-31,,curated,discovery
LNG-0074e18c9e67,Global,Eclipse Foundation,Eclipse Foundation — HE credential-language watch,language-watch,Languages,HE,catalog,⚠️ verify current offer,Language availability must be verified on the official credential/course page.,Varies,Varies,HE,Unknown,Varies,Provider-dependent,Varies,https://www.eclipse.org/org/workinggroups/,C,Не начато,Language watch — auto review,2026-08-31,,curated,discovery
LNG-04fd2f797a25,Global,edX,edX — AR credential-language watch,language-watch,Languages,AR,catalog,⚠️ verify current offer,Language availability must be verified on the official credential/course page.,Varies,Varies,AR,Unknown,Varies,Provider-dependent,Varies,https://www.edx.org/,C,Не начато,Language watch — auto review,2026-08-31,,curated,discovery
LNG-049473046c16,Global,edX,edX — KO credential-language watch,language-watch,Languages,KO,catalog,⚠️ verify current offer,Language availability must be verified on the official credential/course page.,Varies,Varies,KO,Unknown,Varies,Provider-dependent,Varies,https://www.edx.org/,C,Не начато,Language watch — auto review,2026-08-31,,curated,discovery
LNG-066ee37cbe28,Global,edX,edX — UK credential-language watch,language-watch,Languages,UK,catalog,⚠️ verify current offer,Language availability must be verified on the official credential/course page.,Varies,Varies,UK,Unknown,Varies,Provider-dependent,Varies,https://www.edx.org/,C,Не начато,Language watch — auto review,2026-08-31,,curated,discovery
LNG-0a80cb3e03d6,European Union,EIT Climate-KIC,EIT Climate-KIC — UK credential-language watch,language-watch,Languages,UK,catalog,⚠️ verify current offer,Language availability must be verified on the official credential/course page.,Varies,Varies,UK,Unknown,Varies,Provider-dependent,Varies,https://www.climate-kic.org/,C,Не начато,Language watch — auto review,2026-08-31,,curated,discovery
LNG-084778da48de,European Union,EIT Digital,EIT Digital — PT credential-language watch,language-watch,Languages,PT,catalog,⚠️ verify current offer,Language availability must be verified on the official credential/course page.,Varies,Varies,PT,Unknown,Varies,Provider-dependent,Varies,https://www.eitdigital.eu/,C,Не начато,Language watch — auto review,2026-08-31,,curated,discovery
LNG-0b73b9251d27,European Union,EIT Health,EIT Health — NL credential-language watch,language-watch,Languages,NL,catalog,⚠️ verify current offer,Language availability must be verified on the official credential/course page.,Varies,Varies,NL,Unknown,Varies,Provider-dependent,Varies,https://eithealth.eu/,C,Не начато,Language watch — auto review,2026-08-31,,curated,discovery
LNG-027ed474258c,European Union,EIT Health,EIT Health — PT credential-language watch,language-watch,Languages,PT,catalog,⚠️ verify current offer,Language availability must be verified on the official credential/course page.,Varies,Varies,PT,Unknown,Varies,Provider-dependent,Varies,https://eithealth.eu/,C,Не начато,Language watch — auto review,2026-08-31,,curated,discovery
LNG-0021ad429268,European Union,EIT Manufacturing,EIT Manufacturing — FI credential-language watch,language-watch,Languages,FI,catalog,⚠️ verify current offer,Language availability must be verified on the official credential/course page.,Varies,Varies,FI,Unknown,Varies,Provider-dependent,Varies,https://www.eitmanufacturing.eu/,C,Не начато,Language watch — auto review,2026-08-31,,curated,discovery
LNG-143a3d5812a7,European Union,EIT Manufacturing,EIT Manufacturing — HE credential-language watch,language-watch,Languages,HE,catalog,⚠️ verify current offer,Language availability must be verified on the official credential/course page.,Varies,Varies,HE,Unknown,Varies,Provider-dependent,Varies,https://www.eitmanufacturing.eu/,C,Не начато,Language watch — auto review,2026-08-31,,curated,discovery
LNG-0b039b94fc93,United States,Elastic,Elastic — RU credential-language watch,language-watch,Languages,RU,catalog,⚠️ verify current offer,Language availability must be verified on the official credential/course page.,Varies,Varies,RU,Unknown,Varies,Provider-dependent,Varies,https://www.elastic.co/training/,C,Не начато,Language watch — auto review,2026-08-31,,curated,discovery
LNG-09998b83ad58,United States,Elastic,Elastic — UK credential-language watch,language-watch,Languages,UK,catalog,⚠️ verify current offer,Language availability must be verified on the official credential/course page.,Varies,Varies,UK,Unknown,Varies,Provider-dependent,Varies,https://www.elastic.co/training/,C,Не начато,Language watch — auto review,2026-08-31,,curated,discovery
LNG-0512d0d656e3,United States,Epic Games,Epic Games — PT credential-language watch,language-watch,Languages,PT,catalog,⚠️ verify current offer,Language availability must be verified on the official credential/course page.,Varies,Varies,PT,Unknown,Varies,Provider-dependent,Varies,https://dev.epicgames.com/community/,C,Не начато,Language watch — auto review,2026-08-31,,curated,discovery
LNG-12e7e235568a,United States,Epic Games,Epic Games — RU credential-language watch,language-watch,Languages,RU,catalog,⚠️ verify current offer,Language availability must be verified on the official credential/course page.,Varies,Varies,RU,Unknown,Varies,Provider-dependent,Varies,https://dev.epicgames.com/community/,C,Не начато,Language watch — auto review,2026-08-31,,curated,discovery
LNG-0ac3708c0310,Europe,ESA,ESA — ES credential-language watch,language-watch,Languages,ES,catalog,⚠️ verify current offer,Language availability must be verified on the official credential/course page.,Varies,Varies,ES,Unknown,Varies,Provider-dependent,Varies,https://learningzone.esa.int/,C,Не начато,Language watch — auto review,2026-08-31,,curated,discovery
LNG-0f71ac84a076,Europe,ESA,ESA — NL credential-language watch,language-watch,Languages,NL,catalog,⚠️ verify current offer,Language availability must be verified on the official credential/course page.,Varies,Varies,NL,Unknown,Varies,Provider-dependent,Varies,https://learningzone.esa.int/,C,Не начато,Language watch — auto review,2026-08-31,,curated,discovery
LNG-16ae1ed091a7,Europe,ESA,ESA — UK credential-language watch,language-watch,Languages,UK,catalog,⚠️ verify current offer,Language availability must be verified on the official credential/course page.,Varies,Varies,UK,Unknown,Varies,Provider-dependent,Varies,https://learningzone.esa.int/,C,Не начато,Language watch — auto review,2026-08-31,,curated,discovery
LNG-0ad2f87ad9f2,China,Espressif,Espressif — ES credential-language watch,language-watch,Languages,ES,catalog,⚠️ verify current offer,Language availability must be verified on the official credential/course page.,Varies,Varies,ES,Unknown,Varies,Provider-dependent,Varies,https://www.espressif.com/en/training,C,Не начато,Language watch — auto review,2026-08-31,,curated,discovery
LNG-038ad0ccc447,China,Espressif,Espressif — TR credential-language watch,language-watch,Languages,TR,catalog,⚠️ verify current offer,Language availability must be verified on the official credential/course page.,Varies,Varies,TR,Unknown,Varies,Provider-dependent,Varies,https://www.espressif.com/en/training,C,Не начато,Language watch — auto review,2026-08-31,,curated,discovery
LNG-146a51215ea3,United States,Esri,Esri — HE credential-language watch,language-watch,Languages,HE,catalog,⚠️ verify current offer,Language availability must be verified on the official credential/course page.,Varies,Varies,HE,Unknown,Varies,Provider-dependent,Varies,https://www.esri.com/training/,C,Не начато,Language watch — auto review,2026-08-31,,curated,discovery
LNG-02f75d0b7a6b,United States,Esri,Esri — IT credential-language watch,language-watch,Languages,IT,catalog,⚠️ verify current offer,Language availability must be verified on the official credential/course page.,Varies,Varies,IT,Unknown,Varies,Provider-dependent,Varies,https://www.esri.com/training/,C,Не начато,Language watch — auto review,2026-08-31,,curated,discovery
LNG-163712fada4e,European Union,EU Academy,EU Academy — DE credential-language watch,language-watch,Languages,DE,catalog,⚠️ verify current offer,Language availability must be verified on the official credential/course page.,Varies,Varies,DE,Unknown,Varies,Provider-dependent,Varies,https://academy.europa.eu/,C,Не начато,Language watch — auto review,2026-08-31,,curated,discovery
LNG-10fb72b968a7,European Union,EU Academy,EU Academy — ES credential-language watch,language-watch,Languages,ES,catalog,⚠️ verify current offer,Language availability must be verified on the official credential/course page.,Varies,Varies,ES,Unknown,Varies,Provider-dependent,Varies,https://academy.europa.eu/,C,Не начато,Language watch — auto review,2026-08-31,,curated,discovery
LNG-11d6a8d019ba,European Union,EU Academy,EU Academy — PL credential-language watch,language-watch,Languages,PL,catalog,⚠️ verify current offer,Language availability must be verified on the official credential/course page.,Varies,Varies,PL,Unknown,Varies,Provider-dependent,Varies,https://academy.europa.eu/,C,Не начато,Language watch — auto review,2026-08-31,,curated,discovery
LNG-1063e6245ddc,Global,FAO eLearning Academy,FAO eLearning Academy — RU credential-language watch,language-watch,Languages,RU,catalog,⚠️ verify current offer,Language availability must be verified on the official credential/course page.,Varies,Varies,RU,Unknown,Varies,Provider-dependent,Varies,https://elearning.fao.org/,C,Не начато,Language watch — auto review,2026-08-31,,curated,discovery
LNG-154363adc3d7,Global,FAO eLearning Academy,FAO eLearning Academy — ZH credential-language watch,language-watch,Languages,ZH,catalog,⚠️ verify current offer,Language availability must be verified on the official credential/course page.,Varies,Varies,ZH,Unknown,Varies,Provider-dependent,Varies,https://elearning.fao.org/,C,Не начато,Language watch — auto review,2026-08-31,,curated,discovery
LNG-0035a311bc17,United States,fast.ai,fast.ai — IT credential-language watch,language-watch,Languages,IT,catalog,⚠️ verify current offer,Language availability must be verified on the official credential/course page.,Varies,Varies,IT,Unknown,Varies,Provider-dependent,Varies,https://course.fast.ai/,C,Не начато,Language watch — auto review,2026-08-31,,curated,discovery
LNG-03876987d388,United States,fast.ai,fast.ai — SV credential-language watch,language-watch,Languages,SV,catalog,⚠️ verify current offer,Language availability must be verified on the official credential/course page.,Varies,Varies,SV,Unknown,Varies,Provider-dependent,Varies,https://course.fast.ai/,C,Не начато,Language watch — auto review,2026-08-31,,curated,discovery
LNG-04ae6c015823,United States,fast.ai,fast.ai — UK credential-language watch,language-watch,Languages,UK,catalog,⚠️ verify current offer,Language availability must be verified on the official credential/course page.,Varies,Varies,UK,Unknown,Varies,Provider-dependent,Varies,https://course.fast.ai/,C,Не начато,Language watch — auto review,2026-08-31,,curated,discovery
LNG-09068e684a16,Germany,Festo,Festo — DE credential-language watch,language-watch,Languages,DE,catalog,⚠️ verify current offer,Language availability must be verified on the official credential/course page.,Varies,Varies,DE,Unknown,Varies,Provider-dependent,Varies,https://www.festo.com/us/en/e/academy/,C,Не начато,Language watch — auto review,2026-08-31,,curated,discovery
LNG-0e9a462d7443,United States/Global,FIRST Robotics,FIRST Robotics — FI credential-language watch,language-watch,Languages,FI,catalog,⚠️ verify current offer,Language availability must be verified on the official credential/course page.,Varies,Varies,FI,Unknown,Varies,Provider-dependent,Varies,https://www.firstinspires.org/,C,Не начато,Language watch — auto review,2026-08-31,,curated,discovery
LNG-1649622bf64b,United States/Global,FIRST Robotics,FIRST Robotics — FR credential-language watch,language-watch,Languages,FR,catalog,⚠️ verify current offer,Language availability must be verified on the official credential/course page.,Varies,Varies,FR,Unknown,Varies,Provider-dependent,Varies,https://www.firstinspires.org/,C,Не начато,Language watch — auto review,2026-08-31,,curated,discovery
LNG-16ff3083876a,United States/Global,FIRST Robotics,FIRST Robotics — NL credential-language watch,language-watch,Languages,NL,catalog,⚠️ verify current offer,Language availability must be verified on the official credential/course page.,Varies,Varies,NL,Unknown,Varies,Provider-dependent,Varies,https://www.firstinspires.org/,C,Не начато,Language watch — auto review,2026-08-31,,curated,discovery
LNG-0e1499b98553,United States/Global,FIRST Robotics,FIRST Robotics — PT credential-language watch,language-watch,Languages,PT,catalog,⚠️ verify current offer,Language availability must be verified on the official credential/course page.,Varies,Varies,PT,Unknown,Varies,Provider-dependent,Varies,https://www.firstinspires.org/,C,Не начато,Language watch — auto review,2026-08-31,,curated,discovery
LNG-13bcafe3b448,United States/Global,FIRST Robotics,FIRST Robotics — SV credential-language watch,language-watch,Languages,SV,catalog,⚠️ verify current offer,Language availability must be verified on the official credential/course page.,Varies,Varies,SV,Unknown,Varies,Provider-dependent,Varies,https://www.firstinspires.org/,C,Не начато,Language watch — auto review,2026-08-31,,curated,discovery
LNG-05967ad332d1,United States/Global,FIRST Robotics,FIRST Robotics — TR credential-language watch,language-watch,Languages,TR,catalog,⚠️ verify current offer,Language availability must be verified on the official credential/course page.,Varies,Varies,TR,Unknown,Varies,Provider-dependent,Varies,https://www.firstinspires.org/,C,Не начато,Language watch — auto review,2026-08-31,,curated,discovery
LNG-0bbd47625fdb,United States,Fortinet,Fortinet — JA credential-language watch,language-watch,Languages,JA,catalog,⚠️ verify current offer,Language availability must be verified on the official credential/course page.,Varies,Varies,JA,Unknown,Varies,Provider-dependent,Varies,https://www.fortinet.com/training-certification,C,Не начато,Language watch — auto review,2026-08-31,,curated,discovery
LNG-15a3538bf353,United States,Fortinet,Fortinet — PL credential-language watch,language-watch,Languages,PL,catalog,⚠️ verify current offer,Language availability must be verified on the official credential/course page.,Varies,Varies,PL,Unknown,Varies,Provider-dependent,Varies,https://www.fortinet.com/training-certification,C,Не начато,Language watch — auto review,2026-08-31,,curated,discovery
LNG-1204dfdf2a12,United States,GitHub,GitHub — AR credential-language watch,language-watch,Languages,AR,catalog,⚠️ verify current offer,Language availability must be verified on the official credential/course page.,Varies,Varies,AR,Unknown,Varies,Provider-dependent,Varies,https://learn.github.com/certifications,C,Не начато,Language watch — auto review,2026-08-31,,curated,discovery
LNG-00473177758e,United States,GitHub,GitHub — RU credential-language watch,language-watch,Languages,RU,catalog,⚠️ verify current offer,Language availability must be verified on the official credential/course page.,Varies,Varies,RU,Unknown,Varies,Provider-dependent,Varies,https://learn.github.com/certifications,C,Не начато,Language watch — auto review,2026-08-31,,curated,discovery
LNG-0a8994c94185,United States,GitHub Skills,GitHub Skills — JA credential-language watch,language-watch,Languages,JA,catalog,⚠️ verify current offer,Language availability must be verified on the official credential/course page.,Varies,Varies,JA,Unknown,Varies,Provider-dependent,Varies,https://skills.github.com/,C,Не начато,Language watch — auto review,2026-08-31,,curated,discovery
LNG-08dfe9f18040,United States,GitLab Learn,GitLab Learn — PL credential-language watch,language-watch,Languages,PL,catalog,⚠️ verify current offer,Language availability must be verified on the official credential/course page.,Varies,Varies,PL,Unknown,Varies,Provider-dependent,Varies,https://about.gitlab.com/learn/,C,Не начато,Language watch — auto review,2026-08-31,,curated,discovery
LNG-0f30a2bee03e,United States,Google Cloud,Google Cloud — HE credential-language watch,language-watch,Languages,HE,catalog,⚠️ verify current offer,Language availability must be verified on the official credential/course page.,Varies,Varies,HE,Unknown,Varies,Provider-dependent,Varies,https://www.cloudskillsboost.google/,C,Не начато,Language watch — auto review,2026-08-31,,curated,discovery
LNG-07ad0aa907db,United States,Google Cloud,Google Cloud — IT credential-language watch,language-watch,Languages,IT,catalog,⚠️ verify current offer,Language availability must be verified on the official credential/course page.,Varies,Varies,IT,Unknown,Varies,Provider-dependent,Varies,https://www.cloudskillsboost.google/,C,Не начато,Language watch — auto review,2026-08-31,,curated,discovery
LNG-1629d8be9691,Sweden,Grafana Labs,Grafana Labs — FR credential-language watch,language-watch,Languages,FR,catalog,⚠️ verify current offer,Language availability must be verified on the official credential/course page.,Varies,Varies,FR,Unknown,Varies,Provider-dependent,Varies,https://grafana.com/training/,C,Не начато,Language watch — auto review,2026-08-31,,curated,discovery
LNG-1624d8c801ba,United Kingdom/Global,GSMA,GSMA — AR credential-language watch,language-watch,Languages,AR,catalog,⚠️ verify current offer,Language availability must be verified on the official credential/course page.,Varies,Varies,AR,Unknown,Varies,Provider-dependent,Varies,https://www.gsma.com/,C,Не начато,Language watch — auto review,2026-08-31,,curated,discovery
LNG-10f44bcdebd4,United States,HashiCorp,HashiCorp — FR credential-language watch,language-watch,Languages,FR,catalog,⚠️ verify current offer,Language availability must be verified on the official credential/course page.,Varies,Varies,FR,Unknown,Varies,Provider-dependent,Varies,https://developer.hashicorp.com/certifications,C,Не начато,Language watch — auto review,2026-08-31,,curated,discovery
LNG-0ee358313c12,United States,Heroku,Heroku — DE credential-language watch,language-watch,Languages,DE,catalog,⚠️ verify current offer,Language availability must be verified on the official credential/course page.,Varies,Varies,DE,Unknown,Varies,Provider-dependent,Varies,https://devcenter.heroku.com/,C,Не начато,Language watch — auto review,2026-08-31,,curated,discovery
LNG-04c4a1299759,United States,HubSpot Academy,HubSpot Academy — RU credential-language watch,language-watch,Languages,RU,catalog,⚠️ verify current offer,Language availability must be verified on the official credential/course page.,Varies,Varies,RU,Unknown,Varies,Provider-dependent,Varies,https://academy.hubspot.com/,C,Не начато,Language watch — auto review,2026-08-31,,curated,discovery
LNG-03b943d6a9b4,United States,HubSpot Academy,HubSpot Academy — UK credential-language watch,language-watch,Languages,UK,catalog,⚠️ verify current offer,Language availability must be verified on the official credential/course page.,Varies,Varies,UK,Unknown,Varies,Provider-dependent,Varies,https://academy.hubspot.com/,C,Не начато,Language watch — auto review,2026-08-31,,curated,discovery
LNG-11fef488009f,United States/France,Hugging Face,Hugging Face — JA credential-language watch,language-watch,Languages,JA,catalog,⚠️ verify current offer,Language availability must be verified on the official credential/course page.,Varies,Varies,JA,Unknown,Varies,Provider-dependent,Varies,https://huggingface.co/learn,C,Не начато,Language watch — auto review,2026-08-31,,curated,discovery
LNG-0797295afeba,Global,Hyperledger,Hyperledger — DE credential-language watch,language-watch,Languages,DE,catalog,⚠️ verify current offer,Language availability must be verified on the official credential/course page.,Varies,Varies,DE,Unknown,Varies,Provider-dependent,Varies,https://www.hyperledger.org/learn,C,Не начато,Language watch — auto review,2026-08-31,,curated,discovery
LNG-01e55a71c547,United States,IBM,IBM — UK credential-language watch,language-watch,Languages,UK,catalog,⚠️ verify current offer,Language availability must be verified on the official credential/course page.,Varies,Varies,UK,Unknown,Varies,Provider-dependent,Varies,https://skillsbuild.org/learning-catalog,C,Не начато,Language watch — auto review,2026-08-31,,curated,discovery
LNG-16afd085476e,United States,IBM,IBM — ZH credential-language watch,language-watch,Languages,ZH,catalog,⚠️ verify current offer,Language availability must be verified on the official credential/course page.,Varies,Varies,ZH,Unknown,Varies,Provider-dependent,Varies,https://skillsbuild.org/learning-catalog,C,Не начато,Language watch — auto review,2026-08-31,,curated,discovery
LNG-1700ce54d7b5,Global,IEEE,IEEE — DE credential-language watch,language-watch,Languages,DE,catalog,⚠️ verify current offer,Language availability must be verified on the official credential/course page.,Varies,Varies,DE,Unknown,Varies,Provider-dependent,Varies,https://www.ieee.org/education/,C,Не начато,Language watch — auto review,2026-08-31,,curated,discovery
LNG-062f0d324622,Global,IEEE,IEEE — ES credential-language watch,language-watch,Languages,ES,catalog,⚠️ verify current offer,Language availability must be verified on the official credential/course page.,Varies,Varies,ES,Unknown,Varies,Provider-dependent,Varies,https://www.ieee.org/education/,C,Не начато,Language watch — auto review,2026-08-31,,curated,discovery
LNG-041102571b3a,Global,IEEE,IEEE — KO credential-language watch,language-watch,Languages,KO,catalog,⚠️ verify current offer,Language availability must be verified on the official credential/course page.,Varies,Varies,KO,Unknown,Varies,Provider-dependent,Varies,https://www.ieee.org/education/,C,Не начато,Language watch — auto review,2026-08-31,,curated,discovery
LNG-0393c40e4424,Germany,Infineon,Infineon — IT credential-language watch,language-watch,Languages,IT,catalog,⚠️ verify current offer,Language availability must be verified on the official credential/course page.,Varies,Varies,IT,Unknown,Varies,Provider-dependent,Varies,https://www.infineon.com/cms/en/training/,C,Не начато,Language watch — auto review,2026-08-31,,curated,discovery
LNG-0eb4f4cf166b,United States,IPC,IPC — NL credential-language watch,language-watch,Languages,NL,catalog,⚠️ verify current offer,Language availability must be verified on the official credential/course page.,Varies,Varies,NL,Unknown,Varies,Provider-dependent,Varies,https://www.ipc.org/training,C,Не начато,Language watch — auto review,2026-08-31,,curated,discovery
LNG-0cba3eefc3e9,Global,ISC2,ISC2 — FR credential-language watch,language-watch,Languages,FR,catalog,⚠️ verify current offer,Language availability must be verified on the official credential/course page.,Varies,Varies,FR,Unknown,Varies,Provider-dependent,Varies,https://www.isc2.org/certifications,C,Не начато,Language watch — auto review,2026-08-31,,curated,discovery
LNG-011cafc0d6a1,Global,ISC2 Learning,ISC2 Learning — KO credential-language watch,language-watch,Languages,KO,catalog,⚠️ verify current offer,Language availability must be verified on the official credential/course page.,Varies,Varies,KO,Unknown,Varies,Provider-dependent,Varies,https://www.isc2.org/training,C,Не начато,Language watch — auto review,2026-08-31,,curated,discovery
LNG-10ad6f259469,Switzerland,ISO,ISO — DE credential-language watch,language-watch,Languages,DE,catalog,⚠️ verify current offer,Language availability must be verified on the official credential/course page.,Varies,Varies,DE,Unknown,Varies,Provider-dependent,Varies,https://www.iso.org/training.html,C,Не начато,Language watch — auto review,2026-08-31,,curated,discovery
LNG-086a5c376bdb,Switzerland,ISO,ISO — JA credential-language watch,language-watch,Languages,JA,catalog,⚠️ verify current offer,Language availability must be verified on the official credential/course page.,Varies,Varies,JA,Unknown,Varies,Provider-dependent,Varies,https://www.iso.org/training.html,C,Не начато,Language watch — auto review,2026-08-31,,curated,discovery
LNG-102d78296574,Switzerland,ISO,ISO — PT credential-language watch,language-watch,Languages,PT,catalog,⚠️ verify current offer,Language availability must be verified on the official credential/course page.,Varies,Varies,PT,Unknown,Varies,Provider-dependent,Varies,https://www.iso.org/training.html,C,Не начато,Language watch — auto review,2026-08-31,,curated,discovery
LNG-0376ec3036d4,Global,ITU Academy,ITU Academy — PT credential-language watch,language-watch,Languages,PT,catalog,⚠️ verify current offer,Language availability must be verified on the official credential/course page.,Varies,Varies,PT,Unknown,Varies,Provider-dependent,Varies,https://academy.itu.int/,C,Не начато,Language watch — auto review,2026-08-31,,curated,discovery
LNG-0b28561147f5,Czech Republic,JetBrains Academy,JetBrains Academy — FI credential-language watch,language-watch,Languages,FI,catalog,⚠️ verify current offer,Language availability must be verified on the official credential/course page.,Varies,Varies,FI,Unknown,Varies,Provider-dependent,Varies,https://www.jetbrains.com/academy/,C,Не начато,Language watch — auto review,2026-08-31,,curated,discovery
LNG-08b9f457c3d4,Czech Republic,JetBrains Academy,JetBrains Academy — NL credential-language watch,language-watch,Languages,NL,catalog,⚠️ verify current offer,Language availability must be verified on the official credential/course page.,Varies,Varies,NL,Unknown,Varies,Provider-dependent,Varies,https://www.jetbrains.com/academy/,C,Не начато,Language watch — auto review,2026-08-31,,curated,discovery
LNG-0ad4c0793537,Czech Republic,JetBrains Academy,JetBrains Academy — RU credential-language watch,language-watch,Languages,RU,catalog,⚠️ verify current offer,Language availability must be verified on the official credential/course page.,Varies,Varies,RU,Unknown,Varies,Provider-dependent,Varies,https://www.jetbrains.com/academy/,C,Не начато,Language watch — auto review,2026-08-31,,curated,discovery
LNG-0a108c5d7cb3,United States,JFrog Academy,JFrog Academy — FR credential-language watch,language-watch,Languages,FR,catalog,⚠️ verify current offer,Language availability must be verified on the official credential/course page.,Varies,Varies,FR,Unknown,Varies,Provider-dependent,Varies,https://academy.jfrog.com/,C,Не начато,Language watch — auto review,2026-08-31,,curated,discovery
LNG-0d3b2307bad5,United States,JFrog Academy,JFrog Academy — HE credential-language watch,language-watch,Languages,HE,catalog,⚠️ verify current offer,Language availability must be verified on the official credential/course page.,Varies,Varies,HE,Unknown,Varies,Provider-dependent,Varies,https://academy.jfrog.com/,C,Не начато,Language watch — auto review,2026-08-31,,curated,discovery
LNG-0199cdb0507b,Australia,Jira Service Management,Jira Service Management — ES credential-language watch,language-watch,Languages,ES,catalog,⚠️ verify current offer,Language availability must be verified on the official credential/course page.,Varies,Varies,ES,Unknown,Varies,Provider-dependent,Varies,https://university.atlassian.com/,C,Не начато,Language watch — auto review,2026-08-31,,curated,discovery
LNG-11b539708fae,United States,Juniper Networks,Juniper Networks — FI credential-language watch,language-watch,Languages,FI,catalog,⚠️ verify current offer,Language availability must be verified on the official credential/course page.,Varies,Varies,FI,Unknown,Varies,Provider-dependent,Varies,https://www.juniper.net/us/en/training/certification.html,C,Не начато,Language watch — auto review,2026-08-31,,curated,discovery
LNG-166dc56f5699,United States,Juniper Networks,Juniper Networks — JA credential-language watch,language-watch,Languages,JA,catalog,⚠️ verify current offer,Language availability must be verified on the official credential/course page.,Varies,Varies,JA,Unknown,Varies,Provider-dependent,Varies,https://www.juniper.net/us/en/training/certification.html,C,Не начато,Language watch — auto review,2026-08-31,,curated,discovery
LNG-156862aca7ca,United States,Juniper Networks,Juniper Networks — TR credential-language watch,language-watch,Languages,TR,catalog,⚠️ verify current offer,Language availability must be verified on the official credential/course page.,Varies,Varies,TR,Unknown,Varies,Provider-dependent,Varies,https://www.juniper.net/us/en/training/certification.html,C,Не начато,Language watch — auto review,2026-08-31,,curated,discovery
LNG-03b257e2680c,Global,Jupyter,Jupyter — DE credential-language watch,language-watch,Languages,DE,catalog,⚠️ verify current offer,Language availability must be verified on the official credential/course page.,Varies,Varies,DE,Unknown,Varies,Provider-dependent,Varies,https://jupyter.org/,C,Не начато,Language watch — auto review,2026-08-31,,curated,discovery
LNG-10d8f1d4d3d4,United States,Kaggle,Kaggle — RU credential-language watch,language-watch,Languages,RU,catalog,⚠️ verify current offer,Language availability must be verified on the official credential/course page.,Varies,Varies,RU,Unknown,Varies,Provider-dependent,Varies,https://www.kaggle.com/learn,C,Не начато,Language watch — auto review,2026-08-31,,curated,discovery
LNG-126a49fa6d43,Russia,Kaspersky,Kaspersky — ES credential-language watch,language-watch,Languages,ES,catalog,⚠️ verify current offer,Language availability must be verified on the official credential/course page.,Varies,Varies,ES,Unknown,Varies,Provider-dependent,Varies,https://certification.kaspersky.com/,C,Не начато,Language watch — auto review,2026-08-31,,curated,discovery
LNG-08752667f3a2,Russia,Kaspersky,Kaspersky — FI credential-language watch,language-watch,Languages,FI,catalog,⚠️ verify current offer,Language availability must be verified on the official credential/course page.,Varies,Varies,FI,Unknown,Varies,Provider-dependent,Varies,https://certification.kaspersky.com/,C,Не начато,Language watch — auto review,2026-08-31,,curated,discovery
LNG-0c93faa9339b,Russia,Kaspersky,Kaspersky — ZH credential-language watch,language-watch,Languages,ZH,catalog,⚠️ verify current offer,Language availability must be verified on the official credential/course page.,Varies,Varies,ZH,Unknown,Varies,Provider-dependent,Varies,https://certification.kaspersky.com/,C,Не начато,Language watch — auto review,2026-08-31,,curated,discovery
LNG-16cf4d4f31a8,United States,Keysight Technologies,Keysight Technologies — PT credential-language watch,language-watch,Languages,PT,catalog,⚠️ verify current offer,Language availability must be verified on the official credential/course page.,Varies,Varies,PT,Unknown,Varies,Provider-dependent,Varies,https://www.keysight.com/us/en/learn.html,C,Не начато,Language watch — auto review,2026-08-31,,curated,discovery
LNG-1560fff53f54,Switzerland,KNIME,KNIME — NL credential-language watch,language-watch,Languages,NL,catalog,⚠️ verify current offer,Language availability must be verified on the official credential/course page.,Varies,Varies,NL,Unknown,Varies,Provider-dependent,Varies,https://www.knime.com/learning,C,Не начато,Language watch — auto review,2026-08-31,,curated,discovery
LNG-00a833036770,Switzerland,KNIME,KNIME — PT credential-language watch,language-watch,Languages,PT,catalog,⚠️ verify current offer,Language availability must be verified on the official credential/course page.,Varies,Varies,PT,Unknown,Varies,Provider-dependent,Varies,https://www.knime.com/learning,C,Не начато,Language watch — auto review,2026-08-31,,curated,discovery
LNG-10913ca8750c,Global,Kubernetes,Kubernetes — AR credential-language watch,language-watch,Languages,AR,catalog,⚠️ verify current offer,Language availability must be verified on the official credential/course page.,Varies,Varies,AR,Unknown,Varies,Provider-dependent,Varies,https://kubernetes.io/training/,C,Не начато,Language watch — auto review,2026-08-31,,curated,discovery
LNG-0c161c51a161,Global,Kubernetes,Kubernetes — DE credential-language watch,language-watch,Languages,DE,catalog,⚠️ verify current offer,Language availability must be verified on the official credential/course page.,Varies,Varies,DE,Unknown,Varies,Provider-dependent,Varies,https://kubernetes.io/training/,C,Не начато,Language watch — auto review,2026-08-31,,curated,discovery
LNG-0b741484e4cb,United States,Lattice Semiconductor,Lattice Semiconductor — JA credential-language watch,language-watch,Languages,JA,catalog,⚠️ verify current offer,Language availability must be verified on the official credential/course page.,Varies,Varies,JA,Unknown,Varies,Provider-dependent,Varies,https://www.latticesemi.com/Support,C,Не начато,Language watch — auto review,2026-08-31,,curated,discovery
LNG-12962a5b2986,United States,Lattice Semiconductor,Lattice Semiconductor — PL credential-language watch,language-watch,Languages,PL,catalog,⚠️ verify current offer,Language availability must be verified on the official credential/course page.,Varies,Varies,PL,Unknown,Varies,Provider-dependent,Varies,https://www.latticesemi.com/Support,C,Не начато,Language watch — auto review,2026-08-31,,curated,discovery
LNG-11b86283550b,United States,Linux Foundation Training,Linux Foundation Training — RU credential-language watch,language-watch,Languages,RU,catalog,⚠️ verify current offer,Language availability must be verified on the official credential/course page.,Varies,Varies,RU,Unknown,Varies,Provider-dependent,Varies,https://training.linuxfoundation.org/,C,Не начато,Language watch — auto review,2026-08-31,,curated,discovery
LNG-0a0895c7671f,United States,Linux Foundation Training,Linux Foundation Training — ZH credential-language watch,language-watch,Languages,ZH,catalog,⚠️ verify current offer,Language availability must be verified on the official credential/course page.,Varies,Varies,ZH,Unknown,Varies,Provider-dependent,Varies,https://training.linuxfoundation.org/,C,Не начато,Language watch — auto review,2026-08-31,,curated,discovery
LNG-02bff5dbdda2,United States,Looker / Google,Looker / Google — FR credential-language watch,language-watch,Languages,FR,catalog,⚠️ verify current offer,Language availability must be verified on the official credential/course page.,Varies,Varies,FR,Unknown,Varies,Provider-dependent,Varies,https://cloud.google.com/looker/docs,C,Не начато,Language watch — auto review,2026-08-31,,curated,discovery
LNG-03fd8f23c3eb,United States,Looker / Google,Looker / Google — KO credential-language watch,language-watch,Languages,KO,catalog,⚠️ verify current offer,Language availability must be verified on the official credential/course page.,Varies,Varies,KO,Unknown,Varies,Provider-dependent,Varies,https://cloud.google.com/looker/docs,C,Не начато,Language watch — auto review,2026-08-31,,curated,discovery
LNG-13a4b316e302,United States,Marvell,Marvell — RU credential-language watch,language-watch,Languages,RU,catalog,⚠️ verify current offer,Language availability must be verified on the official credential/course page.,Varies,Varies,RU,Unknown,Varies,Provider-dependent,Varies,https://www.marvell.com/,C,Не начато,Language watch — auto review,2026-08-31,,curated,discovery
LNG-0a18186246fc,United States,MathWorks,MathWorks — RU credential-language watch,language-watch,Languages,RU,catalog,⚠️ verify current offer,Language availability must be verified on the official credential/course page.,Varies,Varies,RU,Unknown,Varies,Provider-dependent,Varies,https://www.mathworks.com/learn/training.html,C,Не начато,Language watch — auto review,2026-08-31,,curated,discovery
LNG-0cee33fded18,Taiwan,MediaTek,MediaTek — UK credential-language watch,language-watch,Languages,UK,catalog,⚠️ verify current offer,Language availability must be verified on the official credential/course page.,Varies,Varies,UK,Unknown,Varies,Provider-dependent,Varies,https://corp.mediatek.com/,C,Не начато,Language watch — auto review,2026-08-31,,curated,discovery
LNG-0d53e1257c4a,Taiwan,MediaTek,MediaTek — ZH credential-language watch,language-watch,Languages,ZH,catalog,⚠️ verify current offer,Language availability must be verified on the official credential/course page.,Varies,Varies,ZH,Unknown,Varies,Provider-dependent,Varies,https://corp.mediatek.com/,C,Не начато,Language watch — auto review,2026-08-31,,curated,discovery
LNG-132c6b1046ca,United States,MIT OpenCourseWare,MIT OpenCourseWare — ES credential-language watch,language-watch,Languages,ES,catalog,⚠️ verify current offer,Language availability must be verified on the official credential/course page.,Varies,Varies,ES,Unknown,Varies,Provider-dependent,Varies,https://ocw.mit.edu/,C,Не начато,Language watch — auto review,2026-08-31,,curated,discovery
LNG-0b0c809acf2b,Japan,Mitsubishi Electric,Mitsubishi Electric — AR credential-language watch,language-watch,Languages,AR,catalog,⚠️ verify current offer,Language availability must be verified on the official credential/course page.,Varies,Varies,AR,Unknown,Varies,Provider-dependent,Varies,https://us.mitsubishielectric.com/fa/en/learn/,C,Не начато,Language watch — auto review,2026-08-31,,curated,discovery
LNG-0c348166c7b1,United States,MongoDB,MongoDB — AR credential-language watch,language-watch,Languages,AR,catalog,⚠️ verify current offer,Language availability must be verified on the official credential/course page.,Varies,Varies,AR,Unknown,Varies,Provider-dependent,Varies,https://learn.mongodb.com/,C,Не начато,Language watch — auto review,2026-08-31,,curated,discovery
LNG-047aa352dab5,United States,MongoDB,MongoDB — TR credential-language watch,language-watch,Languages,TR,catalog,⚠️ verify current offer,Language availability must be verified on the official credential/course page.,Varies,Varies,TR,Unknown,Varies,Provider-dependent,Varies,https://learn.mongodb.com/,C,Не начато,Language watch — auto review,2026-08-31,,curated,discovery
LNG-1248050668ea,United States,NASA,NASA — DE credential-language watch,language-watch,Languages,DE,catalog,⚠️ verify current offer,Language availability must be verified on the official credential/course page.,Varies,Varies,DE,Unknown,Varies,Provider-dependent,Varies,https://www.nasa.gov/learning-resources/,C,Не начато,Language watch — auto review,2026-08-31,,curated,discovery
LNG-0223d0827e28,United Kingdom,National Physical Laboratory,National Physical Laboratory — ES credential-language watch,language-watch,Languages,ES,catalog,⚠️ verify current offer,Language availability must be verified on the official credential/course page.,Varies,Varies,ES,Unknown,Varies,Provider-dependent,Varies,https://www.npl.co.uk/education-training,C,Не начато,Language watch — auto review,2026-08-31,,curated,discovery
LNG-0ab76db90162,United Kingdom,National Physical Laboratory,National Physical Laboratory — FR credential-language watch,language-watch,Languages,FR,catalog,⚠️ verify current offer,Language availability must be verified on the official credential/course page.,Varies,Varies,FR,Unknown,Varies,Provider-dependent,Varies,https://www.npl.co.uk/education-training,C,Не начато,Language watch — auto review,2026-08-31,,curated,discovery
LNG-126bfc4e10d7,United Kingdom,National Physical Laboratory,National Physical Laboratory — HE credential-language watch,language-watch,Languages,HE,catalog,⚠️ verify current offer,Language availability must be verified on the official credential/course page.,Varies,Varies,HE,Unknown,Varies,Provider-dependent,Varies,https://www.npl.co.uk/education-training,C,Не начато,Language watch — auto review,2026-08-31,,curated,discovery
LNG-0c787988709e,United Kingdom,National Physical Laboratory,National Physical Laboratory — KO credential-language watch,language-watch,Languages,KO,catalog,⚠️ verify current offer,Language availability must be verified on the official credential/course page.,Varies,Varies,KO,Unknown,Varies,Provider-dependent,Varies,https://www.npl.co.uk/education-training,C,Не начато,Language watch — auto review,2026-08-31,,curated,discovery
LNG-0ecf6b793e61,United Kingdom,National Physical Laboratory,National Physical Laboratory — RU credential-language watch,language-watch,Languages,RU,catalog,⚠️ verify current offer,Language availability must be verified on the official credential/course page.,Varies,Varies,RU,Unknown,Varies,Provider-dependent,Varies,https://www.npl.co.uk/education-training,C,Не начато,Language watch — auto review,2026-08-31,,curated,discovery
LNG-0298f74c072a,United States,Neo4j,Neo4j — SV credential-language watch,language-watch,Languages,SV,catalog,⚠️ verify current offer,Language availability must be verified on the official credential/course page.,Varies,Varies,SV,Unknown,Varies,Provider-dependent,Varies,https://graphacademy.neo4j.com/,C,Не начато,Language watch — auto review,2026-08-31,,curated,discovery
LNG-076a3cd27a54,United States,Neo4j,Neo4j — UK credential-language watch,language-watch,Languages,UK,catalog,⚠️ verify current offer,Language availability must be verified on the official credential/course page.,Varies,Varies,UK,Unknown,Varies,Provider-dependent,Varies,https://graphacademy.neo4j.com/,C,Не начато,Language watch — auto review,2026-08-31,,curated,discovery
LNG-01a7b623dff2,United States,Netlify,Netlify — KO credential-language watch,language-watch,Languages,KO,catalog,⚠️ verify current offer,Language availability must be verified on the official credential/course page.,Varies,Varies,KO,Unknown,Varies,Provider-dependent,Varies,https://www.netlify.com/learn/,C,Не начато,Language watch — auto review,2026-08-31,,curated,discovery
LNG-163cca162e62,United States,New Relic,New Relic — ZH credential-language watch,language-watch,Languages,ZH,catalog,⚠️ verify current offer,Language availability must be verified on the official credential/course page.,Varies,Varies,ZH,Unknown,Varies,Provider-dependent,Varies,https://learn.newrelic.com/,C,Не начато,Language watch — auto review,2026-08-31,,curated,discovery
LNG-0568deea023b,United States,NI,NI — SV credential-language watch,language-watch,Languages,SV,catalog,⚠️ verify current offer,Language availability must be verified on the official credential/course page.,Varies,Varies,SV,Unknown,Varies,Provider-dependent,Varies,https://www.ni.com/training/,C,Не начато,Language watch — auto review,2026-08-31,,curated,discovery
LNG-0d51898d53f4,United States,NIST,NIST — AR credential-language watch,language-watch,Languages,AR,catalog,⚠️ verify current offer,Language availability must be verified on the official credential/course page.,Varies,Varies,AR,Unknown,Varies,Provider-dependent,Varies,https://www.nist.gov/,C,Не начато,Language watch — auto review,2026-08-31,,curated,discovery
LNG-100cc6897361,United States,NIST,NIST — KO credential-language watch,language-watch,Languages,KO,catalog,⚠️ verify current offer,Language availability must be verified on the official credential/course page.,Varies,Varies,KO,Unknown,Varies,Provider-dependent,Varies,https://www.nist.gov/,C,Не начато,Language watch — auto review,2026-08-31,,curated,discovery
LNG-16699830a314,United States,NIST,NIST — PT credential-language watch,language-watch,Languages,PT,catalog,⚠️ verify current offer,Language availability must be verified on the official credential/course page.,Varies,Varies,PT,Unknown,Varies,Provider-dependent,Varies,https://www.nist.gov/,C,Не начато,Language watch — auto review,2026-08-31,,curated,discovery
LNG-05c0a58935ab,United States,NOAA,NOAA — FR credential-language watch,language-watch,Languages,FR,catalog,⚠️ verify current offer,Language availability must be verified on the official credential/course page.,Varies,Varies,FR,Unknown,Varies,Provider-dependent,Varies,https://www.noaa.gov/education,C,Не начато,Language watch — auto review,2026-08-31,,curated,discovery
LNG-132d07a7493b,United States,NOAA,NOAA — UK credential-language watch,language-watch,Languages,UK,catalog,⚠️ verify current offer,Language availability must be verified on the official credential/course page.,Varies,Varies,UK,Unknown,Varies,Provider-dependent,Varies,https://www.noaa.gov/education,C,Не начато,Language watch — auto review,2026-08-31,,curated,discovery
LNG-0b293977a5f1,Norway,Nordic Semiconductor,Nordic Semiconductor — ES credential-language watch,language-watch,Languages,ES,catalog,⚠️ verify current offer,Language availability must be verified on the official credential/course page.,Varies,Varies,ES,Unknown,Varies,Provider-dependent,Varies,https://www.nordicsemi.com/Products/Development-tools/nRF-Connect-SDK,C,Не начато,Language watch — auto review,2026-08-31,,curated,discovery
LNG-0c4b9294a887,Norway,Nordic Semiconductor,Nordic Semiconductor — ZH credential-language watch,language-watch,Languages,ZH,catalog,⚠️ verify current offer,Language availability must be verified on the official credential/course page.,Varies,Varies,ZH,Unknown,Varies,Provider-dependent,Varies,https://www.nordicsemi.com/Products/Development-tools/nRF-Connect-SDK,C,Не начато,Language watch — auto review,2026-08-31,,curated,discovery
LNG-042fb01489b3,Global,NumPy,NumPy — UK credential-language watch,language-watch,Languages,UK,catalog,⚠️ verify current offer,Language availability must be verified on the official credential/course page.,Varies,Varies,UK,Unknown,Varies,Provider-dependent,Varies,https://numpy.org/,C,Не начато,Language watch — auto review,2026-08-31,,curated,discovery
LNG-0f167a4ccefa,United States,NVIDIA,NVIDIA — ES credential-language watch,language-watch,Languages,ES,catalog,⚠️ verify current offer,Language availability must be verified on the official credential/course page.,Varies,Varies,ES,Unknown,Varies,Provider-dependent,Varies,https://www.nvidia.com/training/,C,Не начато,Language watch — auto review,2026-08-31,,curated,discovery
LNG-0160db341711,Netherlands,NXP Semiconductors,NXP Semiconductors — PT credential-language watch,language-watch,Languages,PT,catalog,⚠️ verify current offer,Language availability must be verified on the official credential/course page.,Varies,Varies,PT,Unknown,Varies,Provider-dependent,Varies,https://www.nxp.com/design/training:TRAINING,C,Не начато,Language watch — auto review,2026-08-31,,curated,discovery
LNG-02c4fd7696ee,Netherlands,NXP Semiconductors,NXP Semiconductors — ZH credential-language watch,language-watch,Languages,ZH,catalog,⚠️ verify current offer,Language availability must be verified on the official credential/course page.,Varies,Varies,ZH,Unknown,Varies,Provider-dependent,Varies,https://www.nxp.com/design/training:TRAINING,C,Не начато,Language watch — auto review,2026-08-31,,curated,discovery
LNG-05a78246e9b3,Japan,Omron,Omron — AR credential-language watch,language-watch,Languages,AR,catalog,⚠️ verify current offer,Language availability must be verified on the official credential/course page.,Varies,Varies,AR,Unknown,Varies,Provider-dependent,Varies,https://www.omron.com/global/en/technology/training/,C,Не начато,Language watch — auto review,2026-08-31,,curated,discovery
LNG-0ff7cfbf7c2c,United States,OpenAI Academy,OpenAI Academy — KO credential-language watch,language-watch,Languages,KO,catalog,⚠️ verify current offer,Language availability must be verified on the official credential/course page.,Varies,Varies,KO,Unknown,Varies,Provider-dependent,Varies,https://academy.openai.com/,C,Не начато,Language watch — auto review,2026-08-31,,curated,discovery
LNG-07faf85c7961,United States,OpenAI Academy,OpenAI Academy — PT credential-language watch,language-watch,Languages,PT,catalog,⚠️ verify current offer,Language availability must be verified on the official credential/course page.,Varies,Varies,PT,Unknown,Varies,Provider-dependent,Varies,https://academy.openai.com/,C,Не начато,Language watch — auto review,2026-08-31,,curated,discovery
LNG-0ae3bc4f169d,United States,OpenAI Academy,OpenAI Academy — ZH credential-language watch,language-watch,Languages,ZH,catalog,⚠️ verify current offer,Language availability must be verified on the official credential/course page.,Varies,Varies,ZH,Unknown,Varies,Provider-dependent,Varies,https://academy.openai.com/,C,Не начато,Language watch — auto review,2026-08-31,,curated,discovery
LNG-0c27e380426e,Global,OpenEDX,OpenEDX — TR credential-language watch,language-watch,Languages,TR,catalog,⚠️ verify current offer,Language availability must be verified on the official credential/course page.,Varies,Varies,TR,Unknown,Varies,Provider-dependent,Varies,https://openedx.org/,C,Не начато,Language watch — auto review,2026-08-31,,curated,discovery
LNG-0a85f4f9cc90,United Kingdom,OpenLearn,OpenLearn — IT credential-language watch,language-watch,Languages,IT,catalog,⚠️ verify current offer,Language availability must be verified on the official credential/course page.,Varies,Varies,IT,Unknown,Varies,Provider-dependent,Varies,https://www.open.edu/openlearn/,C,Не начато,Language watch — auto review,2026-08-31,,curated,discovery
LNG-03f725e640c6,Global,OpenSSF,OpenSSF — IT credential-language watch,language-watch,Languages,IT,catalog,⚠️ verify current offer,Language availability must be verified on the official credential/course page.,Varies,Varies,IT,Unknown,Varies,Provider-dependent,Varies,https://openssf.org/,C,Не начато,Language watch — auto review,2026-08-31,,curated,discovery
LNG-0c9fc1f82e60,Global,OpenSSF Scorecard,OpenSSF Scorecard — SV credential-language watch,language-watch,Languages,SV,catalog,⚠️ verify current offer,Language availability must be verified on the official credential/course page.,Varies,Varies,SV,Unknown,Varies,Provider-dependent,Varies,https://scorecard.dev/,C,Не начато,Language watch — auto review,2026-08-31,,curated,discovery
LNG-0f64308859cb,Global,OpenTofu,OpenTofu — IT credential-language watch,language-watch,Languages,IT,catalog,⚠️ verify current offer,Language availability must be verified on the official credential/course page.,Varies,Varies,IT,Unknown,Varies,Provider-dependent,Varies,https://opentofu.org/,C,Не начато,Language watch — auto review,2026-08-31,,curated,discovery
LNG-165e38482994,Global,OpenTofu,OpenTofu — UK credential-language watch,language-watch,Languages,UK,catalog,⚠️ verify current offer,Language availability must be verified on the official credential/course page.,Varies,Varies,UK,Unknown,Varies,Provider-dependent,Varies,https://opentofu.org/,C,Не начато,Language watch — auto review,2026-08-31,,curated,discovery
LNG-04027e32ddf6,Global,OpenWHO,OpenWHO — TR credential-language watch,language-watch,Languages,TR,catalog,⚠️ verify current offer,Language availability must be verified on the official credential/course page.,Varies,Varies,TR,Unknown,Varies,Provider-dependent,Varies,https://openwho.org/,C,Не начато,Language watch — auto review,2026-08-31,,curated,discovery
LNG-11244a16bea5,United States,Oracle,Oracle — AR credential-language watch,language-watch,Languages,AR,catalog,⚠️ verify current offer,Language availability must be verified on the official credential/course page.,Varies,Varies,AR,Unknown,Varies,Provider-dependent,Varies,https://www.oracle.com/education/certification/,C,Не начато,Language watch — auto review,2026-08-31,,curated,discovery
LNG-050b2230ece2,United States,Oracle,Oracle — NL credential-language watch,language-watch,Languages,NL,catalog,⚠️ verify current offer,Language availability must be verified on the official credential/course page.,Varies,Varies,NL,Unknown,Varies,Provider-dependent,Varies,https://www.oracle.com/education/certification/,C,Не начато,Language watch — auto review,2026-08-31,,curated,discovery
LNG-051500692995,United States,Oracle,Oracle — PL credential-language watch,language-watch,Languages,PL,catalog,⚠️ verify current offer,Language availability must be verified on the official credential/course page.,Varies,Varies,PL,Unknown,Varies,Provider-dependent,Varies,https://www.oracle.com/education/certification/,C,Не начато,Language watch — auto review,2026-08-31,,curated,discovery
LNG-065eaf743435,Global,OWASP,OWASP — UK credential-language watch,language-watch,Languages,UK,catalog,⚠️ verify current offer,Language availability must be verified on the official credential/course page.,Varies,Varies,UK,Unknown,Varies,Provider-dependent,Varies,https://owasp.org/,C,Не начато,Language watch — auto review,2026-08-31,,curated,discovery
LNG-159a327730b1,Global,OWASP Foundation,OWASP Foundation — UK credential-language watch,language-watch,Languages,UK,catalog,⚠️ verify current offer,Language availability must be verified on the official credential/course page.,Varies,Varies,UK,Unknown,Varies,Provider-dependent,Varies,https://owasp.org/,C,Не начато,Language watch — auto review,2026-08-31,,curated,discovery
LNG-1294a54ed5d7,United States,PagerDuty,PagerDuty — FR credential-language watch,language-watch,Languages,FR,catalog,⚠️ verify current offer,Language availability must be verified on the official credential/course page.,Varies,Varies,FR,Unknown,Varies,Provider-dependent,Varies,https://www.pagerduty.com/resources/,C,Не начато,Language watch — auto review,2026-08-31,,curated,discovery
LNG-062534687b2d,United States,PagerDuty,PagerDuty — NL credential-language watch,language-watch,Languages,NL,catalog,⚠️ verify current offer,Language availability must be verified on the official credential/course page.,Varies,Varies,NL,Unknown,Varies,Provider-dependent,Varies,https://www.pagerduty.com/resources/,C,Не начато,Language watch — auto review,2026-08-31,,curated,discovery
LNG-0f10f5d3c4a2,United States,Palo Alto Networks,Palo Alto Networks — UK credential-language watch,language-watch,Languages,UK,catalog,⚠️ verify current offer,Language availability must be verified on the official credential/course page.,Varies,Varies,UK,Unknown,Varies,Provider-dependent,Varies,https://www.paloaltonetworks.com/services/education,C,Не начато,Language watch — auto review,2026-08-31,,curated,discovery
LNG-01ff036f5d0b,Global,pandas,pandas — KO credential-language watch,language-watch,Languages,KO,catalog,⚠️ verify current offer,Language availability must be verified on the official credential/course page.,Varies,Varies,KO,Unknown,Varies,Provider-dependent,Varies,https://pandas.pydata.org/,C,Не начато,Language watch — auto review,2026-08-31,,curated,discovery
LNG-0d71525c55c5,Germany,Phoenix Contact,Phoenix Contact — UK credential-language watch,language-watch,Languages,UK,catalog,⚠️ verify current offer,Language availability must be verified on the official credential/course page.,Varies,Varies,UK,Unknown,Varies,Provider-dependent,Varies,https://www.phoenixcontact.com/en-pc/training,C,Не начато,Language watch — auto review,2026-08-31,,curated,discovery
LNG-12e8b97e0bb3,United States,PMI,PMI — PL credential-language watch,language-watch,Languages,PL,catalog,⚠️ verify current offer,Language availability must be verified on the official credential/course page.,Varies,Varies,PL,Unknown,Varies,Provider-dependent,Varies,https://www.pmi.org/learning,C,Не начато,Language watch — auto review,2026-08-31,,curated,discovery
LNG-0403be8f9d24,United Kingdom,PortSwigger,PortSwigger — FR credential-language watch,language-watch,Languages,FR,catalog,⚠️ verify current offer,Language availability must be verified on the official credential/course page.,Varies,Varies,FR,Unknown,Varies,Provider-dependent,Varies,https://portswigger.net/web-security,C,Не начато,Language watch — auto review,2026-08-31,,curated,discovery
LNG-1585b7b8f88c,Russia,Positive Technologies,Positive Technologies — RU credential-language watch,language-watch,Languages,RU,catalog,⚠️ verify current offer,Language availability must be verified on the official credential/course page.,Varies,Varies,RU,Unknown,Varies,Provider-dependent,Varies,https://edu.ptsecurity.com/,C,Не начато,Language watch — auto review,2026-08-31,,curated,discovery
LNG-10ce4067f1a0,Russia,Positive Technologies,Positive Technologies — ZH credential-language watch,language-watch,Languages,ZH,catalog,⚠️ verify current offer,Language availability must be verified on the official credential/course page.,Varies,Varies,ZH,Unknown,Varies,Provider-dependent,Varies,https://edu.ptsecurity.com/,C,Не начато,Language watch — auto review,2026-08-31,,curated,discovery
LNG-0ba106e5924e,Global,PostgreSQL,PostgreSQL — AR credential-language watch,language-watch,Languages,AR,catalog,⚠️ verify current offer,Language availability must be verified on the official credential/course page.,Varies,Varies,AR,Unknown,Varies,Provider-dependent,Varies,https://www.postgresql.org/,C,Не начато,Language watch — auto review,2026-08-31,,curated,discovery
LNG-0a724d713910,Global,PostgreSQL,PostgreSQL — TR credential-language watch,language-watch,Languages,TR,catalog,⚠️ verify current offer,Language availability must be verified on the official credential/course page.,Varies,Varies,TR,Unknown,Varies,Provider-dependent,Varies,https://www.postgresql.org/,C,Не начато,Language watch — auto review,2026-08-31,,curated,discovery
LNG-086add822cc1,United States,Postman,Postman — NL credential-language watch,language-watch,Languages,NL,catalog,⚠️ verify current offer,Language availability must be verified on the official credential/course page.,Varies,Varies,NL,Unknown,Varies,Provider-dependent,Varies,https://academy.postman.com/,C,Не начато,Language watch — auto review,2026-08-31,,curated,discovery
LNG-05c22023235f,United States,Postman,Postman — PT credential-language watch,language-watch,Languages,PT,catalog,⚠️ verify current offer,Language availability must be verified on the official credential/course page.,Varies,Varies,PT,Unknown,Varies,Provider-dependent,Varies,https://academy.postman.com/,C,Не начато,Language watch — auto review,2026-08-31,,curated,discovery
LNG-02f7cd940fdc,United States,Postman,Postman — ZH credential-language watch,language-watch,Languages,ZH,catalog,⚠️ verify current offer,Language availability must be verified on the official credential/course page.,Varies,Varies,ZH,Unknown,Varies,Provider-dependent,Varies,https://academy.postman.com/,C,Не начато,Language watch — auto review,2026-08-31,,curated,discovery
LNG-0ce5c25a423e,United States,Power BI / Microsoft,Power BI / Microsoft — AR credential-language watch,language-watch,Languages,AR,catalog,⚠️ verify current offer,Language availability must be verified on the official credential/course page.,Varies,Varies,AR,Unknown,Varies,Provider-dependent,Varies,https://learn.microsoft.com/training/powerplatform/power-bi/,C,Не начато,Language watch — auto review,2026-08-31,,curated,discovery
LNG-127eebe536fd,United States,Power BI / Microsoft,Power BI / Microsoft — HE credential-language watch,language-watch,Languages,HE,catalog,⚠️ verify current offer,Language availability must be verified on the official credential/course page.,Varies,Varies,HE,Unknown,Varies,Provider-dependent,Varies,https://learn.microsoft.com/training/powerplatform/power-bi/,C,Не начато,Language watch — auto review,2026-08-31,,curated,discovery
LNG-030cdb1fdb7a,United States,Power BI / Microsoft,Power BI / Microsoft — IT credential-language watch,language-watch,Languages,IT,catalog,⚠️ verify current offer,Language availability must be verified on the official credential/course page.,Varies,Varies,IT,Unknown,Varies,Provider-dependent,Varies,https://learn.microsoft.com/training/powerplatform/power-bi/,C,Не начато,Language watch — auto review,2026-08-31,,curated,discovery
LNG-137b4dc00b27,United States,PTC,PTC — IT credential-language watch,language-watch,Languages,IT,catalog,⚠️ verify current offer,Language availability must be verified on the official credential/course page.,Varies,Varies,IT,Unknown,Varies,Provider-dependent,Varies,https://www.ptc.com/en/academic-program,C,Не начато,Language watch — auto review,2026-08-31,,curated,discovery
LNG-0801a95b86d2,United States,PTC,PTC — PT credential-language watch,language-watch,Languages,PT,catalog,⚠️ verify current offer,Language availability must be verified on the official credential/course page.,Varies,Varies,PT,Unknown,Varies,Provider-dependent,Varies,https://www.ptc.com/en/academic-program,C,Не начато,Language watch — auto review,2026-08-31,,curated,discovery
LNG-0726be3a3554,Global,QGIS,QGIS — AR credential-language watch,language-watch,Languages,AR,catalog,⚠️ verify current offer,Language availability must be verified on the official credential/course page.,Varies,Varies,AR,Unknown,Varies,Provider-dependent,Varies,https://www.qgis.org/en/site/forusers/trainingmaterial/,C,Не начато,Language watch — auto review,2026-08-31,,curated,discovery
LNG-083f23824872,Global,QGIS,QGIS — NL credential-language watch,language-watch,Languages,NL,catalog,⚠️ verify current offer,Language availability must be verified on the official credential/course page.,Varies,Varies,NL,Unknown,Varies,Provider-dependent,Varies,https://www.qgis.org/en/site/forusers/trainingmaterial/,C,Не начато,Language watch — auto review,2026-08-31,,curated,discovery
LNG-07d13d1b11cb,United States,Qlik,Qlik — ES credential-language watch,language-watch,Languages,ES,catalog,⚠️ verify current offer,Language availability must be verified on the official credential/course page.,Varies,Varies,ES,Unknown,Varies,Provider-dependent,Varies,https://learning.qlik.com/,C,Не начато,Language watch — auto review,2026-08-31,,curated,discovery
LNG-0c535e38e987,United States,Qlik,Qlik — PL credential-language watch,language-watch,Languages,PL,catalog,⚠️ verify current offer,Language availability must be verified on the official credential/course page.,Varies,Varies,PL,Unknown,Varies,Provider-dependent,Varies,https://learning.qlik.com/,C,Не начато,Language watch — auto review,2026-08-31,,curated,discovery
LNG-1246e3f4b90d,United States,Qlik,Qlik — PT credential-language watch,language-watch,Languages,PT,catalog,⚠️ verify current offer,Language availability must be verified on the official credential/course page.,Varies,Varies,PT,Unknown,Varies,Provider-dependent,Varies,https://learning.qlik.com/,C,Не начато,Language watch — auto review,2026-08-31,,curated,discovery
LNG-03606f44f2e8,United States,Qualcomm,Qualcomm — HE credential-language watch,language-watch,Languages,HE,catalog,⚠️ verify current offer,Language availability must be verified on the official credential/course page.,Varies,Varies,HE,Unknown,Varies,Provider-dependent,Varies,https://www.qualcomm.com/developer,C,Не начато,Language watch — auto review,2026-08-31,,curated,discovery
LNG-152183aee3b4,United Kingdom,Raspberry Pi Foundation,Raspberry Pi Foundation — TR credential-language watch,language-watch,Languages,TR,catalog,⚠️ verify current offer,Language availability must be verified on the official credential/course page.,Varies,Varies,TR,Unknown,Varies,Provider-dependent,Varies,https://training-hub.raspberrypi.org/,C,Не начато,Language watch — auto review,2026-08-31,,curated,discovery
LNG-1000847a77b3,Japan,Renesas,Renesas — DE credential-language watch,language-watch,Languages,DE,catalog,⚠️ verify current offer,Language availability must be verified on the official credential/course page.,Varies,Varies,DE,Unknown,Varies,Provider-dependent,Varies,https://www.renesas.com/us/en/design-resources/training,C,Не начато,Language watch — auto review,2026-08-31,,curated,discovery
LNG-055535c4bc5d,Japan,Renesas,Renesas — HE credential-language watch,language-watch,Languages,HE,catalog,⚠️ verify current offer,Language availability must be verified on the official credential/course page.,Varies,Varies,HE,Unknown,Varies,Provider-dependent,Varies,https://www.renesas.com/us/en/design-resources/training,C,Не начато,Language watch — auto review,2026-08-31,,curated,discovery
LNG-15ffb8bedc6d,Global,RISC-V International,RISC-V International — PT credential-language watch,language-watch,Languages,PT,catalog,⚠️ verify current offer,Language availability must be verified on the official credential/course page.,Varies,Varies,PT,Unknown,Varies,Provider-dependent,Varies,https://riscv.org/learn/,C,Не начато,Language watch — auto review,2026-08-31,,curated,discovery
LNG-112ccab0b8e8,Global,RISC-V International,RISC-V International — SV credential-language watch,language-watch,Languages,SV,catalog,⚠️ verify current offer,Language availability must be verified on the official credential/course page.,Varies,Varies,SV,Unknown,Varies,Provider-dependent,Varies,https://riscv.org/learn/,C,Не начато,Language watch — auto review,2026-08-31,,curated,discovery
LNG-148fb4dad021,United States,Rockwell Automation,Rockwell Automation — FI credential-language watch,language-watch,Languages,FI,catalog,⚠️ verify current offer,Language availability must be verified on the official credential/course page.,Varies,Varies,FI,Unknown,Varies,Provider-dependent,Varies,https://www.rockwellautomation.com/en-us/services/training.html,C,Не начато,Language watch — auto review,2026-08-31,,curated,discovery
LNG-0b365f9872dc,United States,Rockwell Automation,Rockwell Automation — KO credential-language watch,language-watch,Languages,KO,catalog,⚠️ verify current offer,Language availability must be verified on the official credential/course page.,Varies,Varies,KO,Unknown,Varies,Provider-dependent,Varies,https://www.rockwellautomation.com/en-us/services/training.html,C,Не начато,Language watch — auto review,2026-08-31,,curated,discovery
LNG-004378ad15fe,United States,Rockwell Automation,Rockwell Automation — NL credential-language watch,language-watch,Languages,NL,catalog,⚠️ verify current offer,Language availability must be verified on the official credential/course page.,Varies,Varies,NL,Unknown,Varies,Provider-dependent,Varies,https://www.rockwellautomation.com/en-us/services/training.html,C,Не начато,Language watch — auto review,2026-08-31,,curated,discovery
LNG-09bd5771ed9b,United States,Rockwell Automation,Rockwell Automation — PT credential-language watch,language-watch,Languages,PT,catalog,⚠️ verify current offer,Language availability must be verified on the official credential/course page.,Varies,Varies,PT,Unknown,Varies,Provider-dependent,Varies,https://www.rockwellautomation.com/en-us/services/training.html,C,Не начато,Language watch — auto review,2026-08-31,,curated,discovery
LNG-0bfeb9a81db0,United States,Rockwell Automation,Rockwell Automation — ZH credential-language watch,language-watch,Languages,ZH,catalog,⚠️ verify current offer,Language availability must be verified on the official credential/course page.,Varies,Varies,ZH,Unknown,Varies,Provider-dependent,Varies,https://www.rockwellautomation.com/en-us/services/training.html,C,Не начато,Language watch — auto review,2026-08-31,,curated,discovery
LNG-017fc51f13cf,Germany,Rohde & Schwarz,Rohde & Schwarz — FI credential-language watch,language-watch,Languages,FI,catalog,⚠️ verify current offer,Language availability must be verified on the official credential/course page.,Varies,Varies,FI,Unknown,Varies,Provider-dependent,Varies,https://www.rohde-schwarz.com/,C,Не начато,Language watch — auto review,2026-08-31,,curated,discovery
LNG-0015ee72add6,Germany,Rohde & Schwarz,Rohde & Schwarz — FR credential-language watch,language-watch,Languages,FR,catalog,⚠️ verify current offer,Language availability must be verified on the official credential/course page.,Varies,Varies,FR,Unknown,Varies,Provider-dependent,Varies,https://www.rohde-schwarz.com/,C,Не начато,Language watch — auto review,2026-08-31,,curated,discovery
LNG-144d5ccaa614,Germany,Rohde & Schwarz,Rohde & Schwarz — ZH credential-language watch,language-watch,Languages,ZH,catalog,⚠️ verify current offer,Language availability must be verified on the official credential/course page.,Varies,Varies,ZH,Unknown,Varies,Provider-dependent,Varies,https://www.rohde-schwarz.com/,C,Не начато,Language watch — auto review,2026-08-31,,curated,discovery
LNG-02628a450cc7,Russia,Roscosmos Education,Roscosmos Education — FI credential-language watch,language-watch,Languages,FI,catalog,⚠️ verify current offer,Language availability must be verified on the official credential/course page.,Varies,Varies,FI,Unknown,Varies,Provider-dependent,Varies,https://www.roscosmos.ru/,C,Не начато,Language watch — auto review,2026-08-31,,curated,discovery
LNG-13caac25ac37,Russia,Roscosmos Education,Roscosmos Education — FR credential-language watch,language-watch,Languages,FR,catalog,⚠️ verify current offer,Language availability must be verified on the official credential/course page.,Varies,Varies,FR,Unknown,Varies,Provider-dependent,Varies,https://www.roscosmos.ru/,C,Не начато,Language watch — auto review,2026-08-31,,curated,discovery
LNG-002116cc8548,Russia,Roscosmos Education,Roscosmos Education — UK credential-language watch,language-watch,Languages,UK,catalog,⚠️ verify current offer,Language availability must be verified on the official credential/course page.,Varies,Varies,UK,Unknown,Varies,Provider-dependent,Varies,https://www.roscosmos.ru/,C,Не начато,Language watch — auto review,2026-08-31,,curated,discovery
LNG-14abc4f4691e,United States,RStudio / Posit,RStudio / Posit — UK credential-language watch,language-watch,Languages,UK,catalog,⚠️ verify current offer,Language availability must be verified on the official credential/course page.,Varies,Varies,UK,Unknown,Varies,Provider-dependent,Varies,https://posit.co/learn/,C,Не начато,Language watch — auto review,2026-08-31,,curated,discovery
LNG-071354c41640,United States,SAE International,SAE International — ES credential-language watch,language-watch,Languages,ES,catalog,⚠️ verify current offer,Language availability must be verified on the official credential/course page.,Varies,Varies,ES,Unknown,Varies,Provider-dependent,Varies,https://www.sae.org/learn,C,Не начато,Language watch — auto review,2026-08-31,,curated,discovery
LNG-04d2876962c2,United States,Salesforce Trailhead,Salesforce Trailhead — RU credential-language watch,language-watch,Languages,RU,catalog,⚠️ verify current offer,Language availability must be verified on the official credential/course page.,Varies,Varies,RU,Unknown,Varies,Provider-dependent,Varies,https://trailhead.salesforce.com/,C,Не начато,Language watch — auto review,2026-08-31,,curated,discovery
LNG-1198d9506bf7,United States,SANS Institute,SANS Institute — KO credential-language watch,language-watch,Languages,KO,catalog,⚠️ verify current offer,Language availability must be verified on the official credential/course page.,Varies,Varies,KO,Unknown,Varies,Provider-dependent,Varies,https://www.sans.org/,C,Не начато,Language watch — auto review,2026-08-31,,curated,discovery
LNG-147a9edbfd9c,Germany,SAP,SAP — DE credential-language watch,language-watch,Languages,DE,catalog,⚠️ verify current offer,Language availability must be verified on the official credential/course page.,Varies,Varies,DE,Unknown,Varies,Provider-dependent,Varies,https://learning.sap.com/,C,Не начато,Language watch — auto review,2026-08-31,,curated,discovery
LNG-169e1e0d7540,France,Schneider Electric,Schneider Electric — AR credential-language watch,language-watch,Languages,AR,catalog,⚠️ verify current offer,Language availability must be verified on the official credential/course page.,Varies,Varies,AR,Unknown,Varies,Provider-dependent,Varies,https://www.se.com/ww/en/work/solutions/for-business/training/,C,Не начато,Language watch — auto review,2026-08-31,,curated,discovery
LNG-120e60c2fde6,Global,Scikit-learn,Scikit-learn — PL credential-language watch,language-watch,Languages,PL,catalog,⚠️ verify current offer,Language availability must be verified on the official credential/course page.,Varies,Varies,PL,Unknown,Varies,Provider-dependent,Varies,https://scikit-learn.org/,C,Не начато,Language watch — auto review,2026-08-31,,curated,discovery
LNG-167a4a849c95,United States,Scrum Alliance,Scrum Alliance — FI credential-language watch,language-watch,Languages,FI,catalog,⚠️ verify current offer,Language availability must be verified on the official credential/course page.,Varies,Varies,FI,Unknown,Varies,Provider-dependent,Varies,https://www.scrumalliance.org/get-certified,C,Не начато,Language watch — auto review,2026-08-31,,curated,discovery
LNG-14911c25fd30,United States,Scrum.org,Scrum.org — DE credential-language watch,language-watch,Languages,DE,catalog,⚠️ verify current offer,Language availability must be verified on the official credential/course page.,Varies,Varies,DE,Unknown,Varies,Provider-dependent,Varies,https://www.scrum.org/professional-training,C,Не начато,Language watch — auto review,2026-08-31,,curated,discovery
LNG-01c421af49d3,United States,Scrum.org,Scrum.org — RU credential-language watch,language-watch,Languages,RU,catalog,⚠️ verify current offer,Language availability must be verified on the official credential/course page.,Varies,Varies,RU,Unknown,Varies,Provider-dependent,Varies,https://www.scrum.org/professional-training,C,Не начато,Language watch — auto review,2026-08-31,,curated,discovery
LNG-04357e125e2a,United States,Sentry,Sentry — IT credential-language watch,language-watch,Languages,IT,catalog,⚠️ verify current offer,Language availability must be verified on the official credential/course page.,Varies,Varies,IT,Unknown,Varies,Provider-dependent,Varies,https://sentry.io/resources/,C,Не начато,Language watch — auto review,2026-08-31,,curated,discovery
LNG-137333f4a7ee,Germany,Siemens,Siemens — SV credential-language watch,language-watch,Languages,SV,catalog,⚠️ verify current offer,Language availability must be verified on the official credential/course page.,Varies,Varies,SV,Unknown,Varies,Provider-dependent,Varies,https://www.siemens.com/training,C,Не начато,Language watch — auto review,2026-08-31,,curated,discovery
LNG-05dfe6be23cf,Germany,Siemens Digital Industries Software,Siemens Digital Industries Software — ES credential-language watch,language-watch,Languages,ES,catalog,⚠️ verify current offer,Language availability must be verified on the official credential/course page.,Varies,Varies,ES,Unknown,Varies,Provider-dependent,Varies,https://training.plm.automation.siemens.com/,C,Не начато,Language watch — auto review,2026-08-31,,curated,discovery
LNG-134f2b6ef4c2,United States,SiFive,SiFive — AR credential-language watch,language-watch,Languages,AR,catalog,⚠️ verify current offer,Language availability must be verified on the official credential/course page.,Varies,Varies,AR,Unknown,Varies,Provider-dependent,Varies,https://www.sifive.com/,C,Не начато,Language watch — auto review,2026-08-31,,curated,discovery
LNG-10cfa51dbce1,United States,SiFive,SiFive — ES credential-language watch,language-watch,Languages,ES,catalog,⚠️ verify current offer,Language availability must be verified on the official credential/course page.,Varies,Varies,ES,Unknown,Varies,Provider-dependent,Varies,https://www.sifive.com/,C,Не начато,Language watch — auto review,2026-08-31,,curated,discovery
LNG-09aba293cd36,United States,SiFive,SiFive — FI credential-language watch,language-watch,Languages,FI,catalog,⚠️ verify current offer,Language availability must be verified on the official credential/course page.,Varies,Varies,FI,Unknown,Varies,Provider-dependent,Varies,https://www.sifive.com/,C,Не начато,Language watch — auto review,2026-08-31,,curated,discovery
LNG-0d48c5b867bd,United States,SiFive,SiFive — IT credential-language watch,language-watch,Languages,IT,catalog,⚠️ verify current offer,Language availability must be verified on the official credential/course page.,Varies,Varies,IT,Unknown,Varies,Provider-dependent,Varies,https://www.sifive.com/,C,Не начато,Language watch — auto review,2026-08-31,,curated,discovery
LNG-081647e0b4c6,United States,SiFive,SiFive — SV credential-language watch,language-watch,Languages,SV,catalog,⚠️ verify current offer,Language availability must be verified on the official credential/course page.,Varies,Varies,SV,Unknown,Varies,Provider-dependent,Varies,https://www.sifive.com/,C,Не начато,Language watch — auto review,2026-08-31,,curated,discovery
LNG-131afc6ae835,Global,SLSA,SLSA — RU credential-language watch,language-watch,Languages,RU,catalog,⚠️ verify current offer,Language availability must be verified on the official credential/course page.,Varies,Varies,RU,Unknown,Varies,Provider-dependent,Varies,https://slsa.dev/,C,Не начато,Language watch — auto review,2026-08-31,,curated,discovery
LNG-1120981a72e5,Global,Software Carpentries,Software Carpentries — JA credential-language watch,language-watch,Languages,JA,catalog,⚠️ verify current offer,Language availability must be verified on the official credential/course page.,Varies,Varies,JA,Unknown,Varies,Provider-dependent,Varies,https://software-carpentry.org/,C,Не начато,Language watch — auto review,2026-08-31,,curated,discovery
LNG-06df5a65ba38,Global,Software Carpentries,Software Carpentries — ZH credential-language watch,language-watch,Languages,ZH,catalog,⚠️ verify current offer,Language availability must be verified on the official credential/course page.,Varies,Varies,ZH,Unknown,Varies,Provider-dependent,Varies,https://software-carpentry.org/,C,Не начато,Language watch — auto review,2026-08-31,,curated,discovery
LNG-165616377eaa,United States,Splunk,Splunk — AR credential-language watch,language-watch,Languages,AR,catalog,⚠️ verify current offer,Language availability must be verified on the official credential/course page.,Varies,Varies,AR,Unknown,Varies,Provider-dependent,Varies,https://www.splunk.com/en_us/training.html,C,Не начато,Language watch — auto review,2026-08-31,,curated,discovery
LNG-05f8349c446e,Russia,Stepik,Stepik — HE credential-language watch,language-watch,Languages,HE,catalog,⚠️ verify current offer,Language availability must be verified on the official credential/course page.,Varies,Varies,HE,Unknown,Varies,Provider-dependent,Varies,https://stepik.org/,C,Не начато,Language watch — auto review,2026-08-31,,curated,discovery
LNG-05f93b69cf07,Russia,Stepik,Stepik — UK credential-language watch,language-watch,Languages,UK,catalog,⚠️ verify current offer,Language availability must be verified on the official credential/course page.,Varies,Varies,UK,Unknown,Varies,Provider-dependent,Varies,https://stepik.org/,C,Не начато,Language watch — auto review,2026-08-31,,curated,discovery
LNG-11437a415748,United States,Synopsys,Synopsys — DE credential-language watch,language-watch,Languages,DE,catalog,⚠️ verify current offer,Language availability must be verified on the official credential/course page.,Varies,Varies,DE,Unknown,Varies,Provider-dependent,Varies,https://www.synopsys.com/,C,Не начато,Language watch — auto review,2026-08-31,,curated,discovery
LNG-135689dd21d1,United States,Synopsys,Synopsys — KO credential-language watch,language-watch,Languages,KO,catalog,⚠️ verify current offer,Language availability must be verified on the official credential/course page.,Varies,Varies,KO,Unknown,Varies,Provider-dependent,Varies,https://www.synopsys.com/,C,Не начато,Language watch — auto review,2026-08-31,,curated,discovery
LNG-0004bdcc3c8c,United States,Synopsys,Synopsys — NL credential-language watch,language-watch,Languages,NL,catalog,⚠️ verify current offer,Language availability must be verified on the official credential/course page.,Varies,Varies,NL,Unknown,Varies,Provider-dependent,Varies,https://www.synopsys.com/,C,Не начато,Language watch — auto review,2026-08-31,,curated,discovery
LNG-150105c947c1,United States,TensorFlow,TensorFlow — SV credential-language watch,language-watch,Languages,SV,catalog,⚠️ verify current offer,Language availability must be verified on the official credential/course page.,Varies,Varies,SV,Unknown,Varies,Provider-dependent,Varies,https://www.tensorflow.org/certificate,C,Не начато,Language watch — auto review,2026-08-31,,curated,discovery
LNG-0e91db324d86,United States,TensorFlow,TensorFlow — UK credential-language watch,language-watch,Languages,UK,catalog,⚠️ verify current offer,Language availability must be verified on the official credential/course page.,Varies,Varies,UK,Unknown,Varies,Provider-dependent,Varies,https://www.tensorflow.org/certificate,C,Не начато,Language watch — auto review,2026-08-31,,curated,discovery
LNG-023a827980c8,United States,Texas Instruments,Texas Instruments — JA credential-language watch,language-watch,Languages,JA,catalog,⚠️ verify current offer,Language availability must be verified on the official credential/course page.,Varies,Varies,JA,Unknown,Varies,Provider-dependent,Varies,https://training.ti.com/,C,Не начато,Language watch — auto review,2026-08-31,,curated,discovery
LNG-16601b7195bc,United States,Texas Instruments,Texas Instruments — UK credential-language watch,language-watch,Languages,UK,catalog,⚠️ verify current offer,Language availability must be verified on the official credential/course page.,Varies,Varies,UK,Unknown,Varies,Provider-dependent,Varies,https://training.ti.com/,C,Не начато,Language watch — auto review,2026-08-31,,curated,discovery
LNG-13fc81dcda27,United States,Texas Instruments,Texas Instruments — ZH credential-language watch,language-watch,Languages,ZH,catalog,⚠️ verify current offer,Language availability must be verified on the official credential/course page.,Varies,Varies,ZH,Unknown,Varies,Provider-dependent,Varies,https://training.ti.com/,C,Не начато,Language watch — auto review,2026-08-31,,curated,discovery
LNG-143f1eeb9122,United Kingdom,TryHackMe,TryHackMe — FR credential-language watch,language-watch,Languages,FR,catalog,⚠️ verify current offer,Language availability must be verified on the official credential/course page.,Varies,Varies,FR,Unknown,Varies,Provider-dependent,Varies,https://tryhackme.com/,C,Не начато,Language watch — auto review,2026-08-31,,curated,discovery
LNG-170b61dc8dd8,United Kingdom,TryHackMe,TryHackMe — PL credential-language watch,language-watch,Languages,PL,catalog,⚠️ verify current offer,Language availability must be verified on the official credential/course page.,Varies,Varies,PL,Unknown,Varies,Provider-dependent,Varies,https://tryhackme.com/,C,Не начато,Language watch — auto review,2026-08-31,,curated,discovery
LNG-020846d40be7,United Kingdom,TryHackMe,TryHackMe — ZH credential-language watch,language-watch,Languages,ZH,catalog,⚠️ verify current offer,Language availability must be verified on the official credential/course page.,Varies,Varies,ZH,Unknown,Varies,Provider-dependent,Varies,https://tryhackme.com/,C,Не начато,Language watch — auto review,2026-08-31,,curated,discovery
LNG-0b64d3199a09,Global,UN CC:Learn,UN CC:Learn — FI credential-language watch,language-watch,Languages,FI,catalog,⚠️ verify current offer,Language availability must be verified on the official credential/course page.,Varies,Varies,FI,Unknown,Varies,Provider-dependent,Varies,https://unccelearn.org/,C,Не начато,Language watch — auto review,2026-08-31,,curated,discovery
LNG-03480a60b05c,Global,UNEP InforMEA,UNEP InforMEA — ES credential-language watch,language-watch,Languages,ES,catalog,⚠️ verify current offer,Language availability must be verified on the official credential/course page.,Varies,Varies,ES,Unknown,Varies,Provider-dependent,Varies,https://www.informea.org/,C,Не начато,Language watch — auto review,2026-08-31,,curated,discovery
LNG-0a5a4ac41185,Global,UNEP InforMEA,UNEP InforMEA — IT credential-language watch,language-watch,Languages,IT,catalog,⚠️ verify current offer,Language availability must be verified on the official credential/course page.,Varies,Varies,IT,Unknown,Varies,Provider-dependent,Varies,https://www.informea.org/,C,Не начато,Language watch — auto review,2026-08-31,,curated,discovery
LNG-0b34b930b6a5,United States,Unity,Unity — FR credential-language watch,language-watch,Languages,FR,catalog,⚠️ verify current offer,Language availability must be verified on the official credential/course page.,Varies,Varies,FR,Unknown,Varies,Provider-dependent,Varies,https://learn.unity.com/,C,Не начато,Language watch — auto review,2026-08-31,,curated,discovery
LNG-14151ff434e6,United States,Vercel,Vercel — AR credential-language watch,language-watch,Languages,AR,catalog,⚠️ verify current offer,Language availability must be verified on the official credential/course page.,Varies,Varies,AR,Unknown,Varies,Provider-dependent,Varies,https://vercel.com/academy,C,Не начато,Language watch — auto review,2026-08-31,,curated,discovery
LNG-0f7faa4995db,United States,Vercel,Vercel — KO credential-language watch,language-watch,Languages,KO,catalog,⚠️ verify current offer,Language availability must be verified on the official credential/course page.,Varies,Varies,KO,Unknown,Varies,Provider-dependent,Varies,https://vercel.com/academy,C,Не начато,Language watch — auto review,2026-08-31,,curated,discovery
LNG-076ef74f56cd,United States,Vercel,Vercel — SV credential-language watch,language-watch,Languages,SV,catalog,⚠️ verify current offer,Language availability must be verified on the official credential/course page.,Varies,Varies,SV,Unknown,Varies,Provider-dependent,Varies,https://vercel.com/academy,C,Не начато,Language watch — auto review,2026-08-31,,curated,discovery
LNG-04969062d3e5,Switzerland,Web3 Foundation,Web3 Foundation — IT credential-language watch,language-watch,Languages,IT,catalog,⚠️ verify current offer,Language availability must be verified on the official credential/course page.,Varies,Varies,IT,Unknown,Varies,Provider-dependent,Varies,https://web3.foundation/,C,Не начато,Language watch — auto review,2026-08-31,,curated,discovery
LNG-04121179cc5b,Global,WHO Academy,WHO Academy — DE credential-language watch,language-watch,Languages,DE,catalog,⚠️ verify current offer,Language availability must be verified on the official credential/course page.,Varies,Varies,DE,Unknown,Varies,Provider-dependent,Varies,https://www.who.int/about/who-academy,C,Не начато,Language watch — auto review,2026-08-31,,curated,discovery
LNG-1657452f783b,Global,WHO Academy,WHO Academy — ES credential-language watch,language-watch,Languages,ES,catalog,⚠️ verify current offer,Language availability must be verified on the official credential/course page.,Varies,Varies,ES,Unknown,Varies,Provider-dependent,Varies,https://www.who.int/about/who-academy,C,Не начато,Language watch — auto review,2026-08-31,,curated,discovery
LNG-0dde6d409704,United States,Xilinx / AMD Adaptive Computing,Xilinx / AMD Adaptive Computing — AR credential-language watch,language-watch,Languages,AR,catalog,⚠️ verify current offer,Language availability must be verified on the official credential/course page.,Varies,Varies,AR,Unknown,Varies,Provider-dependent,Varies,https://www.amd.com/en/corporate/university-programs.html,C,Не начато,Language watch — auto review,2026-08-31,,curated,discovery
LNG-078359dbaaae,Russia,Группа Астра,Группа Астра — SV credential-language watch,language-watch,Languages,SV,catalog,⚠️ verify current offer,Language availability must be verified on the official credential/course page.,Varies,Varies,SV,Unknown,Varies,Provider-dependent,Varies,https://astra.ru/training/,C,Не начато,Language watch — auto review,2026-08-31,,curated,discovery
LNG-144911ea6228,Russia,Открытое образование,Открытое образование — DE credential-language watch,language-watch,Languages,DE,catalog,⚠️ verify current offer,Language availability must be verified on the official credential/course page.,Varies,Varies,DE,Unknown,Varies,Provider-dependent,Varies,https://openedu.ru/,C,Не начато,Language watch — auto review,2026-08-31,,curated,discovery
LNG-07527280c903,Russia,Открытое образование,Открытое образование — PL credential-language watch,language-watch,Languages,PL,catalog,⚠️ verify current offer,Language availability must be verified on the official credential/course page.,Varies,Varies,PL,Unknown,Varies,Provider-dependent,Varies,https://openedu.ru/,C,Не начато,Language watch — auto review,2026-08-31,,curated,discovery
LNG-05efa620b30c,Russia,Открытое образование,Открытое образование — PT credential-language watch,language-watch,Languages,PT,catalog,⚠️ verify current offer,Language availability must be verified on the official credential/course page.,Varies,Varies,PT,Unknown,Varies,Provider-dependent,Varies,https://openedu.ru/,C,Не начато,Language watch — auto review,2026-08-31,,curated,discovery
LNG-0a846d472111,Russia,Открытое образование,Открытое образование — SV credential-language watch,language-watch,Languages,SV,catalog,⚠️ verify current offer,Language availability must be verified on the official credential/course page.,Varies,Varies,SV,Unknown,Varies,Provider-dependent,Varies,https://openedu.ru/,C,Не начато,Language watch — auto review,2026-08-31,,curated,discovery
LNG-01e3d5d996ff,Russia,Т-Банк Education,Т-Банк Education — AR credential-language watch,language-watch,Languages,AR,catalog,⚠️ verify current offer,Language availability must be verified on the official credential/course page.,Varies,Varies,AR,Unknown,Varies,Provider-dependent,Varies,https://education.tbank.ru/,C,Не начато,Language watch — auto review,2026-08-31,,curated,discovery
SRCX-0b5f8a57a681,United States,Analog Devices,Analog Devices — MLOps source & credential directory,source-watch,MLOps,MLOps,catalog,⚠️ verify current offer,"Monitoring record, not a certificate claim. Verify the current official credential/course and price before calling it free.",Varies,Varies,Provider-dependent,Unknown,Varies,Provider-dependent,Varies,https://www.analog.com/en/education.html,C,Не начато,Source watch — auto review,2026-08-31,,curated,discovery
SRCX-02efee5cc895,Global,Apache Kafka,Apache Kafka — MLOps source & credential directory,source-watch,MLOps,MLOps,catalog,⚠️ verify current offer,"Monitoring record, not a certificate claim. Verify the current official credential/course and price before calling it free.",Varies,Varies,Provider-dependent,Unknown,Varies,Provider-dependent,Varies,https://kafka.apache.org/,C,Не начато,Source watch — auto review,2026-08-31,,curated,discovery
SRCX-0e731e07837c,Global,Cloud Security Alliance,Cloud Security Alliance — MLOps source & credential directory,source-watch,MLOps,MLOps,catalog,⚠️ verify current offer,"Monitoring record, not a certificate claim. Verify the current official credential/course and price before calling it free.",Varies,Varies,Provider-dependent,Unknown,Varies,Provider-dependent,Varies,https://cloudsecurityalliance.org/education,C,Не начато,Source watch — auto review,2026-08-31,,curated,discovery
SRCX-042aaa9de254,United States,Confluent,Confluent — MLOps source & credential directory,source-watch,MLOps,MLOps,catalog,⚠️ verify current offer,"Monitoring record, not a certificate claim. Verify the current official credential/course and price before calling it free.",Varies,Varies,Provider-dependent,Unknown,Varies,Provider-dependent,Varies,https://developer.confluent.io/,C,Не начато,Source watch — auto review,2026-08-31,,curated,discovery
SRCX-12bb8de5b1b0,France,Dassault Systèmes,Dassault Systèmes — MLOps source & credential directory,source-watch,MLOps,MLOps,catalog,⚠️ verify current offer,"Monitoring record, not a certificate claim. Verify the current official credential/course and price before calling it free.",Varies,Varies,Provider-dependent,Unknown,Varies,Provider-dependent,Varies,https://www.3ds.com/education/,C,Не начато,Source watch — auto review,2026-08-31,,curated,discovery
SRCX-028d1012bf14,European Union,EIT Manufacturing,EIT Manufacturing — MLOps source & credential directory,source-watch,MLOps,MLOps,catalog,⚠️ verify current offer,"Monitoring record, not a certificate claim. Verify the current official credential/course and price before calling it free.",Varies,Varies,Provider-dependent,Unknown,Varies,Provider-dependent,Varies,https://www.eitmanufacturing.eu/,C,Не начато,Source watch — auto review,2026-08-31,,curated,discovery
SRCX-0bb5fff5cfe4,European Union,EU Academy,EU Academy — MLOps source & credential directory,source-watch,MLOps,MLOps,catalog,⚠️ verify current offer,"Monitoring record, not a certificate claim. Verify the current official credential/course and price before calling it free.",Varies,Varies,Provider-dependent,Unknown,Varies,Provider-dependent,Varies,https://academy.europa.eu/,C,Не начато,Source watch — auto review,2026-08-31,,curated,discovery
SRCX-06b0b854ad8e,United States,fast.ai,fast.ai — MLOps source & credential directory,source-watch,MLOps,MLOps,catalog,⚠️ verify current offer,"Monitoring record, not a certificate claim. Verify the current official credential/course and price before calling it free.",Varies,Varies,Provider-dependent,Unknown,Varies,Provider-dependent,Varies,https://course.fast.ai/,C,Не начато,Source watch — auto review,2026-08-31,,curated,discovery
SRCX-00bef65a7349,Switzerland,ISO,ISO — MLOps source & credential directory,source-watch,MLOps,MLOps,catalog,⚠️ verify current offer,"Monitoring record, not a certificate claim. Verify the current official credential/course and price before calling it free.",Varies,Varies,Provider-dependent,Unknown,Varies,Provider-dependent,Varies,https://www.iso.org/training.html,C,Не начато,Source watch — auto review,2026-08-31,,curated,discovery
SRCX-0535738a77cb,Global,OpenSSF,OpenSSF — MLOps source & credential directory,source-watch,MLOps,MLOps,catalog,⚠️ verify current offer,"Monitoring record, not a certificate claim. Verify the current official credential/course and price before calling it free.",Varies,Varies,Provider-dependent,Unknown,Varies,Provider-dependent,Varies,https://openssf.org/,C,Не начато,Source watch — auto review,2026-08-31,,curated,discovery
SRCX-1175f706d3fe,United States,PyTorch,PyTorch — MLOps source & credential directory,source-watch,MLOps,MLOps,catalog,⚠️ verify current offer,"Monitoring record, not a certificate claim. Verify the current official credential/course and price before calling it free.",Varies,Varies,Provider-dependent,Unknown,Varies,Provider-dependent,Varies,https://pytorch.org/,C,Не начато,Source watch — auto review,2026-08-31,,curated,discovery
SRCX-03b3b6f21d99,Global,RISC-V International,RISC-V International — MLOps source & credential directory,source-watch,MLOps,MLOps,catalog,⚠️ verify current offer,"Monitoring record, not a certificate claim. Verify the current official credential/course and price before calling it free.",Varies,Varies,Provider-dependent,Unknown,Varies,Provider-dependent,Varies,https://riscv.org/learn/,C,Не начато,Source watch — auto review,2026-08-31,,curated,discovery
SRCX-08cdf553586b,Russia,Roscosmos Education,Roscosmos Education — MLOps source & credential directory,source-watch,MLOps,MLOps,catalog,⚠️ verify current offer,"Monitoring record, not a certificate claim. Verify the current official credential/course and price before calling it free.",Varies,Varies,Provider-dependent,Unknown,Varies,Provider-dependent,Varies,https://www.roscosmos.ru/,C,Не начато,Source watch — auto review,2026-08-31,,curated,discovery
SRCX-0b2f564744b1,United States,Scrum Alliance,Scrum Alliance — MLOps source & credential directory,source-watch,MLOps,MLOps,catalog,⚠️ verify current offer,"Monitoring record, not a certificate claim. Verify the current official credential/course and price before calling it free.",Varies,Varies,Provider-dependent,Unknown,Varies,Provider-dependent,Varies,https://www.scrumalliance.org/get-certified,C,Не начато,Source watch — auto review,2026-08-31,,curated,discovery
SRCX-0cfd068900ac,Global,The Carpentries,The Carpentries — MLOps source & credential directory,source-watch,MLOps,MLOps,catalog,⚠️ verify current offer,"Monitoring record, not a certificate claim. Verify the current official credential/course and price before calling it free.",Varies,Varies,Provider-dependent,Unknown,Varies,Provider-dependent,Varies,https://carpentries.org/workshops/,C,Не начато,Source watch — auto review,2026-08-31,,curated,discovery
SRCX-05ca2e92a614,United States,Ansys,Ansys — Machine Learning source & credential directory,source-watch,Machine Learning,Machine Learning,catalog,⚠️ verify current offer,"Monitoring record, not a certificate claim. Verify the current official credential/course and price before calling it free.",Varies,Varies,Provider-dependent,Unknown,Varies,Provider-dependent,Varies,https://www.ansys.com/academic/educator-resources,C,Не начато,Source watch — auto review,2026-08-31,,curated,discovery
SRCX-129b2eae539a,Global,Autoware Foundation,Autoware Foundation — Machine Learning source & credential directory,source-watch,Machine Learning,Machine Learning,catalog,⚠️ verify current offer,"Monitoring record, not a certificate claim. Verify the current official credential/course and price before calling it free.",Varies,Varies,Provider-dependent,Unknown,Varies,Provider-dependent,Varies,https://www.autoware.org/,C,Не начато,Source watch — auto review,2026-08-31,,curated,discovery
SRCX-054f42e4fcf5,United States,Google Cloud,Google Cloud — Machine Learning source & credential directory,source-watch,Machine Learning,Machine Learning,catalog,⚠️ verify current offer,"Monitoring record, not a certificate claim. Verify the current official credential/course and price before calling it free.",Varies,Varies,Provider-dependent,Unknown,Varies,Provider-dependent,Varies,https://www.cloudskillsboost.google/,C,Не начато,Source watch — auto review,2026-08-31,,curated,discovery
SRCX-0f85ee40273d,Sweden,Grafana Labs,Grafana Labs — Machine Learning source & credential directory,source-watch,Machine Learning,Machine Learning,catalog,⚠️ verify current offer,"Monitoring record, not a certificate claim. Verify the current official credential/course and price before calling it free.",Varies,Varies,Provider-dependent,Unknown,Varies,Provider-dependent,Varies,https://grafana.com/training/,C,Не начато,Source watch — auto review,2026-08-31,,curated,discovery
SRCX-0fb4ac630b74,United States,HashiCorp,HashiCorp — Machine Learning source & credential directory,source-watch,Machine Learning,Machine Learning,catalog,⚠️ verify current offer,"Monitoring record, not a certificate claim. Verify the current official credential/course and price before calling it free.",Varies,Varies,Provider-dependent,Unknown,Varies,Provider-dependent,Varies,https://developer.hashicorp.com/certifications,C,Не начато,Source watch — auto review,2026-08-31,,curated,discovery
SRCX-0a1483111f7c,Switzerland,ISO,ISO — Machine Learning source & credential directory,source-watch,Machine Learning,Machine Learning,catalog,⚠️ verify current offer,"Monitoring record, not a certificate claim. Verify the current official credential/course and price before calling it free.",Varies,Varies,Provider-dependent,Unknown,Varies,Provider-dependent,Varies,https://www.iso.org/training.html,C,Не начато,Source watch — auto review,2026-08-31,,curated,discovery
SRCX-0a4f00d0a997,United States,JFrog Academy,JFrog Academy — Machine Learning source & credential directory,source-watch,Machine Learning,Machine Learning,catalog,⚠️ verify current offer,"Monitoring record, not a certificate claim. Verify the current official credential/course and price before calling it free.",Varies,Varies,Provider-dependent,Unknown,Varies,Provider-dependent,Varies,https://academy.jfrog.com/,C,Не начато,Source watch — auto review,2026-08-31,,curated,discovery
SRCX-14e2fcc1e992,United States,Marvell,Marvell — Machine Learning source & credential directory,source-watch,Machine Learning,Machine Learning,catalog,⚠️ verify current offer,"Monitoring record, not a certificate claim. Verify the current official credential/course and price before calling it free.",Varies,Varies,Provider-dependent,Unknown,Varies,Provider-dependent,Varies,https://www.marvell.com/,C,Не начато,Source watch — auto review,2026-08-31,,curated,discovery
SRCX-0b0dbc3f606b,United States,Microchip Technology,Microchip Technology — Machine Learning source & credential directory,source-watch,Machine Learning,Machine Learning,catalog,⚠️ verify current offer,"Monitoring record, not a certificate claim. Verify the current official credential/course and price before calling it free.",Varies,Varies,Provider-dependent,Unknown,Varies,Provider-dependent,Varies,https://www.microchip.com/en-us/training,C,Не начато,Source watch — auto review,2026-08-31,,curated,discovery
SRCX-07d977a6fa8b,United States,NIST,NIST — Machine Learning source & credential directory,source-watch,Machine Learning,Machine Learning,catalog,⚠️ verify current offer,"Monitoring record, not a certificate claim. Verify the current official credential/course and price before calling it free.",Varies,Varies,Provider-dependent,Unknown,Varies,Provider-dependent,Varies,https://www.nist.gov/,C,Не начато,Source watch — auto review,2026-08-31,,curated,discovery
SRCX-09d9bc248c5c,United States,NVIDIA,NVIDIA — Machine Learning source & credential directory,source-watch,Machine Learning,Machine Learning,catalog,⚠️ verify current offer,"Monitoring record, not a certificate claim. Verify the current official credential/course and price before calling it free.",Varies,Varies,Provider-dependent,Unknown,Varies,Provider-dependent,Varies,https://www.nvidia.com/training/,C,Не начато,Source watch — auto review,2026-08-31,,curated,discovery
SRCX-0dd93e6db7f2,Netherlands,NXP Semiconductors,NXP Semiconductors — Machine Learning source & credential directory,source-watch,Machine Learning,Machine Learning,catalog,⚠️ verify current offer,"Monitoring record, not a certificate claim. Verify the current official credential/course and price before calling it free.",Varies,Varies,Provider-dependent,Unknown,Varies,Provider-dependent,Varies,https://www.nxp.com/design/training:TRAINING,C,Не начато,Source watch — auto review,2026-08-31,,curated,discovery
SRCX-12906161bf51,United Kingdom,OpenLearn,OpenLearn — Machine Learning source & credential directory,source-watch,Machine Learning,Machine Learning,catalog,⚠️ verify current offer,"Monitoring record, not a certificate claim. Verify the current official credential/course and price before calling it free.",Varies,Varies,Provider-dependent,Unknown,Varies,Provider-dependent,Varies,https://www.open.edu/openlearn/,C,Не начато,Source watch — auto review,2026-08-31,,curated,discovery
SRCX-15e706bdf16a,United States,PyTorch,PyTorch — Machine Learning source & credential directory,source-watch,Machine Learning,Machine Learning,catalog,⚠️ verify current offer,"Monitoring record, not a certificate claim. Verify the current official credential/course and price before calling it free.",Varies,Varies,Provider-dependent,Unknown,Varies,Provider-dependent,Varies,https://pytorch.org/,C,Не начато,Source watch — auto review,2026-08-31,,curated,discovery
SRCX-0cefa11d69fa,United States,Redis,Redis — Machine Learning source & credential directory,source-watch,Machine Learning,Machine Learning,catalog,⚠️ verify current offer,"Monitoring record, not a certificate claim. Verify the current official credential/course and price before calling it free.",Varies,Varies,Provider-dependent,Unknown,Varies,Provider-dependent,Varies,https://university.redis.com/,C,Не начато,Source watch — auto review,2026-08-31,,curated,discovery
SRCX-0b558c60e55d,Global,ROS,ROS — Machine Learning source & credential directory,source-watch,Machine Learning,Machine Learning,catalog,⚠️ verify current offer,"Monitoring record, not a certificate claim. Verify the current official credential/course and price before calling it free.",Varies,Varies,Provider-dependent,Unknown,Varies,Provider-dependent,Varies,https://www.ros.org/,C,Не начато,Source watch — auto review,2026-08-31,,curated,discovery
SRCX-044359bebaa4,Global,Scikit-learn,Scikit-learn — Machine Learning source & credential directory,source-watch,Machine Learning,Machine Learning,catalog,⚠️ verify current offer,"Monitoring record, not a certificate claim. Verify the current official credential/course and price before calling it free.",Varies,Varies,Provider-dependent,Unknown,Varies,Provider-dependent,Varies,https://scikit-learn.org/,C,Не начато,Source watch — auto review,2026-08-31,,curated,discovery
SRCX-1304c9f522b3,United States,Splunk,Splunk — Machine Learning source & credential directory,source-watch,Machine Learning,Machine Learning,catalog,⚠️ verify current offer,"Monitoring record, not a certificate claim. Verify the current official credential/course and price before calling it free.",Varies,Varies,Provider-dependent,Unknown,Varies,Provider-dependent,Varies,https://www.splunk.com/en_us/training.html,C,Не начато,Source watch — auto review,2026-08-31,,curated,discovery
SRCX-082cf2cc4e78,Global,3GPP,3GPP — Maritime Technology source & credential directory,source-watch,Maritime Technology,Maritime Technology,catalog,⚠️ verify current offer,"Monitoring record, not a certificate claim. Verify the current official credential/course and price before calling it free.",Varies,Varies,Provider-dependent,Unknown,Varies,Provider-dependent,Varies,https://www.3gpp.org/,C,Не начато,Source watch — auto review,2026-08-31,,curated,discovery
SRCX-07723bcfc867,Germany,Beckhoff,Beckhoff — Maritime Technology source & credential directory,source-watch,Maritime Technology,Maritime Technology,catalog,⚠️ verify current offer,"Monitoring record, not a certificate claim. Verify the current official credential/course and price before calling it free.",Varies,Varies,Provider-dependent,Unknown,Varies,Provider-dependent,Varies,https://www.beckhoff.com/en-us/company/education/,C,Не начато,Source watch — auto review,2026-08-31,,curated,discovery
SRCX-0f73b6b03f43,Sweden,Grafana Labs,Grafana Labs — Maritime Technology source & credential directory,source-watch,Maritime Technology,Maritime Technology,catalog,⚠️ verify current offer,"Monitoring record, not a certificate claim. Verify the current official credential/course and price before calling it free.",Varies,Varies,Provider-dependent,Unknown,Varies,Provider-dependent,Varies,https://grafana.com/training/,C,Не начато,Source watch — auto review,2026-08-31,,curated,discovery
SRCX-06332274da4c,Global,IETF,IETF — Maritime Technology source & credential directory,source-watch,Maritime Technology,Maritime Technology,catalog,⚠️ verify current offer,"Monitoring record, not a certificate claim. Verify the current official credential/course and price before calling it free.",Varies,Varies,Provider-dependent,Unknown,Varies,Provider-dependent,Varies,https://www.ietf.org/education/,C,Не начато,Source watch — auto review,2026-08-31,,curated,discovery
SRCX-124cdfca8129,Germany,Infineon,Infineon — Maritime Technology source & credential directory,source-watch,Maritime Technology,Maritime Technology,catalog,⚠️ verify current offer,"Monitoring record, not a certificate claim. Verify the current official credential/course and price before calling it free.",Varies,Varies,Provider-dependent,Unknown,Varies,Provider-dependent,Varies,https://www.infineon.com/cms/en/training/,C,Не начато,Source watch — auto review,2026-08-31,,curated,discovery
SRCX-0001a069e138,Global,ISC2 Learning,ISC2 Learning — Maritime Technology source & credential directory,source-watch,Maritime Technology,Maritime Technology,catalog,⚠️ verify current offer,"Monitoring record, not a certificate claim. Verify the current official credential/course and price before calling it free.",Varies,Varies,Provider-dependent,Unknown,Varies,Provider-dependent,Varies,https://www.isc2.org/training,C,Не начато,Source watch — auto review,2026-08-31,,curated,discovery
SRCX-1495d11b008f,Switzerland,ISO,ISO — Maritime Technology source & credential directory,source-watch,Maritime Technology,Maritime Technology,catalog,⚠️ verify current offer,"Monitoring record, not a certificate claim. Verify the current official credential/course and price before calling it free.",Varies,Varies,Provider-dependent,Unknown,Varies,Provider-dependent,Varies,https://www.iso.org/training.html,C,Не начато,Source watch — auto review,2026-08-31,,curated,discovery
SRCX-0223b3510502,Switzerland,KNIME,KNIME — Maritime Technology source & credential directory,source-watch,Maritime Technology,Maritime Technology,catalog,⚠️ verify current offer,"Monitoring record, not a certificate claim. Verify the current official credential/course and price before calling it free.",Varies,Varies,Provider-dependent,Unknown,Varies,Provider-dependent,Varies,https://www.knime.com/learning,C,Не начато,Source watch — auto review,2026-08-31,,curated,discovery
SRCX-10b09be54637,Global,Kubernetes,Kubernetes — Maritime Technology source & credential directory,source-watch,Maritime Technology,Maritime Technology,catalog,⚠️ verify current offer,"Monitoring record, not a certificate claim. Verify the current official credential/course and price before calling it free.",Varies,Varies,Provider-dependent,Unknown,Varies,Provider-dependent,Varies,https://kubernetes.io/training/,C,Не начато,Source watch — auto review,2026-08-31,,curated,discovery
SRCX-0148432803ef,United States,Looker / Google,Looker / Google — Maritime Technology source & credential directory,source-watch,Maritime Technology,Maritime Technology,catalog,⚠️ verify current offer,"Monitoring record, not a certificate claim. Verify the current official credential/course and price before calling it free.",Varies,Varies,Provider-dependent,Unknown,Varies,Provider-dependent,Varies,https://cloud.google.com/looker/docs,C,Не начато,Source watch — auto review,2026-08-31,,curated,discovery
SRCX-07ddc7b5dab2,United States,Netlify,Netlify — Maritime Technology source & credential directory,source-watch,Maritime Technology,Maritime Technology,catalog,⚠️ verify current offer,"Monitoring record, not a certificate claim. Verify the current official credential/course and price before calling it free.",Varies,Varies,Provider-dependent,Unknown,Varies,Provider-dependent,Varies,https://www.netlify.com/learn/,C,Не начато,Source watch — auto review,2026-08-31,,curated,discovery
SRCX-0dc063203a39,United States,OpenAI Academy,OpenAI Academy — Maritime Technology source & credential directory,source-watch,Maritime Technology,Maritime Technology,catalog,⚠️ verify current offer,"Monitoring record, not a certificate claim. Verify the current official credential/course and price before calling it free.",Varies,Varies,Provider-dependent,Unknown,Varies,Provider-dependent,Varies,https://academy.openai.com/,C,Не начато,Source watch — auto review,2026-08-31,,curated,discovery
SRCX-0e96f1c00e13,Global,OWASP,OWASP — Maritime Technology source & credential directory,source-watch,Maritime Technology,Maritime Technology,catalog,⚠️ verify current offer,"Monitoring record, not a certificate claim. Verify the current official credential/course and price before calling it free.",Varies,Varies,Provider-dependent,Unknown,Varies,Provider-dependent,Varies,https://owasp.org/,C,Не начато,Source watch — auto review,2026-08-31,,curated,discovery
SRCX-14d85d0ef97b,United States,Qualcomm,Qualcomm — Maritime Technology source & credential directory,source-watch,Maritime Technology,Maritime Technology,catalog,⚠️ verify current offer,"Monitoring record, not a certificate claim. Verify the current official credential/course and price before calling it free.",Varies,Varies,Provider-dependent,Unknown,Varies,Provider-dependent,Varies,https://www.qualcomm.com/developer,C,Не начато,Source watch — auto review,2026-08-31,,curated,discovery
SRCX-0130143683e0,United States,Scrum.org,Scrum.org — Maritime Technology source & credential directory,source-watch,Maritime Technology,Maritime Technology,catalog,⚠️ verify current offer,"Monitoring record, not a certificate claim. Verify the current official credential/course and price before calling it free.",Varies,Varies,Provider-dependent,Unknown,Varies,Provider-dependent,Varies,https://www.scrum.org/professional-training,C,Не начато,Source watch — auto review,2026-08-31,,curated,discovery
SRCX-09aefc038346,United States,SiFive,SiFive — Maritime Technology source & credential directory,source-watch,Maritime Technology,Maritime Technology,catalog,⚠️ verify current offer,"Monitoring record, not a certificate claim. Verify the current official credential/course and price before calling it free.",Varies,Varies,Provider-dependent,Unknown,Varies,Provider-dependent,Varies,https://www.sifive.com/,C,Не начато,Source watch — auto review,2026-08-31,,curated,discovery
SRCX-156bb093c8e7,United States,Texas Instruments,Texas Instruments — Maritime Technology source & credential directory,source-watch,Maritime Technology,Maritime Technology,catalog,⚠️ verify current offer,"Monitoring record, not a certificate claim. Verify the current official credential/course and price before calling it free.",Varies,Varies,Provider-dependent,Unknown,Varies,Provider-dependent,Varies,https://training.ti.com/,C,Не начато,Source watch — auto review,2026-08-31,,curated,discovery
SRCX-0097a1c026dc,Global,WHO Academy,WHO Academy — Maritime Technology source & credential directory,source-watch,Maritime Technology,Maritime Technology,catalog,⚠️ verify current offer,"Monitoring record, not a certificate claim. Verify the current official credential/course and price before calling it free.",Varies,Varies,Provider-dependent,Unknown,Varies,Provider-dependent,Varies,https://www.who.int/about/who-academy,C,Не начато,Source watch — auto review,2026-08-31,,curated,discovery
SRCX-07083f241792,Germany,Bosch Rexroth,Bosch Rexroth — Materials Science source & credential directory,source-watch,Materials Science,Materials Science,catalog,⚠️ verify current offer,"Monitoring record, not a certificate claim. Verify the current official credential/course and price before calling it free.",Varies,Varies,Provider-dependent,Unknown,Varies,Provider-dependent,Varies,https://www.boschrexroth.com/en/xc/training/,C,Не начато,Source watch — auto review,2026-08-31,,curated,discovery
SRCX-07fd0f15e924,Global,edX,edX — Materials Science source & credential directory,source-watch,Materials Science,Materials Science,catalog,⚠️ verify current offer,"Monitoring record, not a certificate claim. Verify the current official credential/course and price before calling it free.",Varies,Varies,Provider-dependent,Unknown,Varies,Provider-dependent,Varies,https://www.edx.org/,C,Не начато,Source watch — auto review,2026-08-31,,curated,discovery
SRCX-03baa082fc2d,Global,FAO eLearning Academy,FAO eLearning Academy — Materials Science source & credential directory,source-watch,Materials Science,Materials Science,catalog,⚠️ verify current offer,"Monitoring record, not a certificate claim. Verify the current official credential/course and price before calling it free.",Varies,Varies,Provider-dependent,Unknown,Varies,Provider-dependent,Varies,https://elearning.fao.org/,C,Не начато,Source watch — auto review,2026-08-31,,curated,discovery
SRCX-13aea032b570,United States,Google Cloud,Google Cloud — Materials Science source & credential directory,source-watch,Materials Science,Materials Science,catalog,⚠️ verify current offer,"Monitoring record, not a certificate claim. Verify the current official credential/course and price before calling it free.",Varies,Varies,Provider-dependent,Unknown,Varies,Provider-dependent,Varies,https://www.cloudskillsboost.google/,C,Не начато,Source watch — auto review,2026-08-31,,curated,discovery
SRCX-0420773642b6,United States,ISACA,ISACA — Materials Science source & credential directory,source-watch,Materials Science,Materials Science,catalog,⚠️ verify current offer,"Monitoring record, not a certificate claim. Verify the current official credential/course and price before calling it free.",Varies,Varies,Provider-dependent,Unknown,Varies,Provider-dependent,Varies,https://www.isaca.org/credentialing,C,Не начато,Source watch — auto review,2026-08-31,,curated,discovery
SRCX-1104eb0c20db,Global,Jupyter,Jupyter — Materials Science source & credential directory,source-watch,Materials Science,Materials Science,catalog,⚠️ verify current offer,"Monitoring record, not a certificate claim. Verify the current official credential/course and price before calling it free.",Varies,Varies,Provider-dependent,Unknown,Varies,Provider-dependent,Varies,https://jupyter.org/,C,Не начато,Source watch — auto review,2026-08-31,,curated,discovery
SRCX-0488e94f2854,Switzerland,KNIME,KNIME — Materials Science source & credential directory,source-watch,Materials Science,Materials Science,catalog,⚠️ verify current offer,"Monitoring record, not a certificate claim. Verify the current official credential/course and price before calling it free.",Varies,Varies,Provider-dependent,Unknown,Varies,Provider-dependent,Varies,https://www.knime.com/learning,C,Не начато,Source watch — auto review,2026-08-31,,curated,discovery
SRCX-012c5066d37b,Canada,Linux Professional Institute,Linux Professional Institute — Materials Science source & credential directory,source-watch,Materials Science,Materials Science,catalog,⚠️ verify current offer,"Monitoring record, not a certificate claim. Verify the current official credential/course and price before calling it free.",Varies,Varies,Provider-dependent,Unknown,Varies,Provider-dependent,Varies,https://www.lpi.org/,C,Не начато,Source watch — auto review,2026-08-31,,curated,discovery
SRCX-10053e0ef372,United States,MIT OpenCourseWare,MIT OpenCourseWare — Materials Science source & credential directory,source-watch,Materials Science,Materials Science,catalog,⚠️ verify current offer,"Monitoring record, not a certificate claim. Verify the current official credential/course and price before calling it free.",Varies,Varies,Provider-dependent,Unknown,Varies,Provider-dependent,Varies,https://ocw.mit.edu/,C,Не начато,Source watch — auto review,2026-08-31,,curated,discovery
SRCX-09013f6dbe09,Global,OpenTelemetry,OpenTelemetry — Materials Science source & credential directory,source-watch,Materials Science,Materials Science,catalog,⚠️ verify current offer,"Monitoring record, not a certificate claim. Verify the current official credential/course and price before calling it free.",Varies,Varies,Provider-dependent,Unknown,Varies,Provider-dependent,Varies,https://opentelemetry.io/,C,Не начато,Source watch — auto review,2026-08-31,,curated,discovery
SRCX-06c1544d41f1,Germany,Phoenix Contact,Phoenix Contact — Materials Science source & credential directory,source-watch,Materials Science,Materials Science,catalog,⚠️ verify current offer,"Monitoring record, not a certificate claim. Verify the current official credential/course and price before calling it free.",Varies,Varies,Provider-dependent,Unknown,Varies,Provider-dependent,Varies,https://www.phoenixcontact.com/en-pc/training,C,Не начато,Source watch — auto review,2026-08-31,,curated,discovery
SRCX-0026c41bb122,Global,RISC-V International,RISC-V International — Materials Science source & credential directory,source-watch,Materials Science,Materials Science,catalog,⚠️ verify current offer,"Monitoring record, not a certificate claim. Verify the current official credential/course and price before calling it free.",Varies,Varies,Provider-dependent,Unknown,Varies,Provider-dependent,Varies,https://riscv.org/learn/,C,Не начато,Source watch — auto review,2026-08-31,,curated,discovery
SRCX-121b419a5ff6,Russia,Roscosmos Education,Roscosmos Education — Materials Science source & credential directory,source-watch,Materials Science,Materials Science,catalog,⚠️ verify current offer,"Monitoring record, not a certificate claim. Verify the current official credential/course and price before calling it free.",Varies,Varies,Provider-dependent,Unknown,Varies,Provider-dependent,Varies,https://www.roscosmos.ru/,C,Не начато,Source watch — auto review,2026-08-31,,curated,discovery
SRCX-132d3398d5a2,United States,Snowflake,Snowflake — Materials Science source & credential directory,source-watch,Materials Science,Materials Science,catalog,⚠️ verify current offer,"Monitoring record, not a certificate claim. Verify the current official credential/course and price before calling it free.",Varies,Varies,Provider-dependent,Unknown,Varies,Provider-dependent,Varies,https://learn.snowflake.com/,C,Не начато,Source watch — auto review,2026-08-31,,curated,discovery
SRCX-0ccca0a14a1f,United States,Splunk,Splunk — Materials Science source & credential directory,source-watch,Materials Science,Materials Science,catalog,⚠️ verify current offer,"Monitoring record, not a certificate claim. Verify the current official credential/course and price before calling it free.",Varies,Varies,Provider-dependent,Unknown,Varies,Provider-dependent,Varies,https://www.splunk.com/en_us/training.html,C,Не начато,Source watch — auto review,2026-08-31,,curated,discovery
SRCX-1364b3a57972,United States,Tableau,Tableau — Materials Science source & credential directory,source-watch,Materials Science,Materials Science,catalog,⚠️ verify current offer,"Monitoring record, not a certificate claim. Verify the current official credential/course and price before calling it free.",Varies,Varies,Provider-dependent,Unknown,Varies,Provider-dependent,Varies,https://www.tableau.com/learn,C,Не начато,Source watch — auto review,2026-08-31,,curated,discovery
SRCX-0240387c6ee8,United States,Tektronix,Tektronix — Materials Science source & credential directory,source-watch,Materials Science,Materials Science,catalog,⚠️ verify current offer,"Monitoring record, not a certificate claim. Verify the current official credential/course and price before calling it free.",Varies,Varies,Provider-dependent,Unknown,Varies,Provider-dependent,Varies,https://www.tek.com/en/learning,C,Не начато,Source watch — auto review,2026-08-31,,curated,discovery
SRCX-0fdc3a300ca0,United States,Vercel,Vercel — Materials Science source & credential directory,source-watch,Materials Science,Materials Science,catalog,⚠️ verify current offer,"Monitoring record, not a certificate claim. Verify the current official credential/course and price before calling it free.",Varies,Varies,Provider-dependent,Unknown,Varies,Provider-dependent,Varies,https://vercel.com/academy,C,Не начато,Source watch — auto review,2026-08-31,,curated,discovery
SRCX-0d173377bda6,United States,Cadence,Cadence — Mathematics source & credential directory,source-watch,Mathematics,Mathematics,catalog,⚠️ verify current offer,"Monitoring record, not a certificate claim. Verify the current official credential/course and price before calling it free.",Varies,Varies,Provider-dependent,Unknown,Varies,Provider-dependent,Varies,https://www.cadence.com/,C,Не начато,Source watch — auto review,2026-08-31,,curated,discovery
SRCX-05b1feb4c581,Global,CNCF,CNCF — Mathematics source & credential directory,source-watch,Mathematics,Mathematics,catalog,⚠️ verify current offer,"Monitoring record, not a certificate claim. Verify the current official credential/course and price before calling it free.",Varies,Varies,Provider-dependent,Unknown,Varies,Provider-dependent,Varies,https://www.cncf.io/training/,C,Не начато,Source watch — auto review,2026-08-31,,curated,discovery
SRCX-0faaaeb88e79,United States,Docker,Docker — Mathematics source & credential directory,source-watch,Mathematics,Mathematics,catalog,⚠️ verify current offer,"Monitoring record, not a certificate claim. Verify the current official credential/course and price before calling it free.",Varies,Varies,Provider-dependent,Unknown,Varies,Provider-dependent,Varies,https://www.docker.com/education/,C,Не начато,Source watch — auto review,2026-08-31,,curated,discovery
SRCX-0d46a8602727,United States,Epic Games,Epic Games — Mathematics source & credential directory,source-watch,Mathematics,Mathematics,catalog,⚠️ verify current offer,"Monitoring record, not a certificate claim. Verify the current official credential/course and price before calling it free.",Varies,Varies,Provider-dependent,Unknown,Varies,Provider-dependent,Varies,https://dev.epicgames.com/community/,C,Не начато,Source watch — auto review,2026-08-31,,curated,discovery
SRCX-12276cc38b53,Europe,ETSI,ETSI — Mathematics source & credential directory,source-watch,Mathematics,Mathematics,catalog,⚠️ verify current offer,"Monitoring record, not a certificate claim. Verify the current official credential/course and price before calling it free.",Varies,Varies,Provider-dependent,Unknown,Varies,Provider-dependent,Varies,https://www.etsi.org/education,C,Не начато,Source watch — auto review,2026-08-31,,curated,discovery
SRCX-085b655da184,Global,FAO eLearning Academy,FAO eLearning Academy — Mathematics source & credential directory,source-watch,Mathematics,Mathematics,catalog,⚠️ verify current offer,"Monitoring record, not a certificate claim. Verify the current official credential/course and price before calling it free.",Varies,Varies,Provider-dependent,Unknown,Varies,Provider-dependent,Varies,https://elearning.fao.org/,C,Не начато,Source watch — auto review,2026-08-31,,curated,discovery
SRCX-1094d5421d02,Global,Hyperledger,Hyperledger — Mathematics source & credential directory,source-watch,Mathematics,Mathematics,catalog,⚠️ verify current offer,"Monitoring record, not a certificate claim. Verify the current official credential/course and price before calling it free.",Varies,Varies,Provider-dependent,Unknown,Varies,Provider-dependent,Varies,https://www.hyperledger.org/learn,C,Не начато,Source watch — auto review,2026-08-31,,curated,discovery
SRCX-040181a0c765,United States,ISACA,ISACA — Mathematics source & credential directory,source-watch,Mathematics,Mathematics,catalog,⚠️ verify current offer,"Monitoring record, not a certificate claim. Verify the current official credential/course and price before calling it free.",Varies,Varies,Provider-dependent,Unknown,Varies,Provider-dependent,Varies,https://www.isaca.org/credentialing,C,Не начато,Source watch — auto review,2026-08-31,,curated,discovery
SRCX-073423604c99,Czech Republic,JetBrains Academy,JetBrains Academy — Mathematics source & credential directory,source-watch,Mathematics,Mathematics,catalog,⚠️ verify current offer,"Monitoring record, not a certificate claim. Verify the current official credential/course and price before calling it free.",Varies,Varies,Provider-dependent,Unknown,Varies,Provider-dependent,Varies,https://www.jetbrains.com/academy/,C,Не начато,Source watch — auto review,2026-08-31,,curated,discovery
SRCX-1337336aa9c2,United States,Linux Foundation Training,Linux Foundation Training — Mathematics source & credential directory,source-watch,Mathematics,Mathematics,catalog,⚠️ verify current offer,"Monitoring record, not a certificate claim. Verify the current official credential/course and price before calling it free.",Varies,Varies,Provider-dependent,Unknown,Varies,Provider-dependent,Varies,https://training.linuxfoundation.org/,C,Не начато,Source watch — auto review,2026-08-31,,curated,discovery
SRCX-149a551b4865,United States,NI,NI — Mathematics source & credential directory,source-watch,Mathematics,Mathematics,catalog,⚠️ verify current offer,"Monitoring record, not a certificate claim. Verify the current official credential/course and price before calling it free.",Varies,Varies,Provider-dependent,Unknown,Varies,Provider-dependent,Varies,https://www.ni.com/training/,C,Не начато,Source watch — auto review,2026-08-31,,curated,discovery
SRCX-012739e487ca,Global,NumPy,NumPy — Mathematics source & credential directory,source-watch,Mathematics,Mathematics,catalog,⚠️ verify current offer,"Monitoring record, not a certificate claim. Verify the current official credential/course and price before calling it free.",Varies,Varies,Provider-dependent,Unknown,Varies,Provider-dependent,Varies,https://numpy.org/,C,Не начато,Source watch — auto review,2026-08-31,,curated,discovery
SRCX-09c110fb65b8,Netherlands,NXP Semiconductors,NXP Semiconductors — Mathematics source & credential directory,source-watch,Mathematics,Mathematics,catalog,⚠️ verify current offer,"Monitoring record, not a certificate claim. Verify the current official credential/course and price before calling it free.",Varies,Varies,Provider-dependent,Unknown,Varies,Provider-dependent,Varies,https://www.nxp.com/design/training:TRAINING,C,Не начато,Source watch — auto review,2026-08-31,,curated,discovery
SRCX-05c63d61181d,United States,Palo Alto Networks,Palo Alto Networks — Mathematics source & credential directory,source-watch,Mathematics,Mathematics,catalog,⚠️ verify current offer,"Monitoring record, not a certificate claim. Verify the current official credential/course and price before calling it free.",Varies,Varies,Provider-dependent,Unknown,Varies,Provider-dependent,Varies,https://www.paloaltonetworks.com/services/education,C,Не начато,Source watch — auto review,2026-08-31,,curated,discovery
SRCX-0277db8cd2a8,United States,Qualcomm,Qualcomm — Mathematics source & credential directory,source-watch,Mathematics,Mathematics,catalog,⚠️ verify current offer,"Monitoring record, not a certificate claim. Verify the current official credential/course and price before calling it free.",Varies,Varies,Provider-dependent,Unknown,Varies,Provider-dependent,Varies,https://www.qualcomm.com/developer,C,Не начато,Source watch — auto review,2026-08-31,,curated,discovery
SRCX-00960894c545,Russia,Roscosmos Education,Roscosmos Education — Mathematics source & credential directory,source-watch,Mathematics,Mathematics,catalog,⚠️ verify current offer,"Monitoring record, not a certificate claim. Verify the current official credential/course and price before calling it free.",Varies,Varies,Provider-dependent,Unknown,Varies,Provider-dependent,Varies,https://www.roscosmos.ru/,C,Не начато,Source watch — auto review,2026-08-31,,curated,discovery
SRCX-098504eca1d6,United States,SANS Institute,SANS Institute — Mathematics source & credential directory,source-watch,Mathematics,Mathematics,catalog,⚠️ verify current offer,"Monitoring record, not a certificate claim. Verify the current official credential/course and price before calling it free.",Varies,Varies,Provider-dependent,Unknown,Varies,Provider-dependent,Varies,https://www.sans.org/,C,Не начато,Source watch — auto review,2026-08-31,,curated,discovery
SRCX-043b27b02827,United States,Synopsys,Synopsys — Mathematics source & credential directory,source-watch,Mathematics,Mathematics,catalog,⚠️ verify current offer,"Monitoring record, not a certificate claim. Verify the current official credential/course and price before calling it free.",Varies,Varies,Provider-dependent,Unknown,Varies,Provider-dependent,Varies,https://www.synopsys.com/,C,Не начато,Source watch — auto review,2026-08-31,,curated,discovery
SRCX-14c3b855fb71,United States,Texas Instruments,Texas Instruments — Mathematics source & credential directory,source-watch,Mathematics,Mathematics,catalog,⚠️ verify current offer,"Monitoring record, not a certificate claim. Verify the current official credential/course and price before calling it free.",Varies,Varies,Provider-dependent,Unknown,Varies,Provider-dependent,Varies,https://training.ti.com/,C,Не начато,Source watch — auto review,2026-08-31,,curated,discovery
SRCX-12ce2089008d,Russia,Нетология,Нетология — Mathematics source & credential directory,source-watch,Mathematics,Mathematics,catalog,⚠️ verify current offer,"Monitoring record, not a certificate claim. Verify the current official credential/course and price before calling it free.",Varies,Varies,Provider-dependent,Unknown,Varies,Provider-dependent,Varies,https://netology.ru/,C,Не начато,Source watch — auto review,2026-08-31,,curated,discovery
SRCX-1027888c4849,Italy,Arduino,Arduino — Mechatronics source & credential directory,source-watch,Mechatronics,Mechatronics,catalog,⚠️ verify current offer,"Monitoring record, not a certificate claim. Verify the current official credential/course and price before calling it free.",Varies,Varies,Provider-dependent,Unknown,Varies,Provider-dependent,Varies,https://docs.arduino.cc/,C,Не начато,Source watch — auto review,2026-08-31,,curated,discovery
SRCX-15c51aea45d8,United Kingdom,BSI,BSI — Mechatronics source & credential directory,source-watch,Mechatronics,Mechatronics,catalog,⚠️ verify current offer,"Monitoring record, not a certificate claim. Verify the current official credential/course and price before calling it free.",Varies,Varies,Provider-dependent,Unknown,Varies,Provider-dependent,Varies,https://www.bsigroup.com/,C,Не начато,Source watch — auto review,2026-08-31,,curated,discovery
SRCX-0b849c0b6744,European Union,EIT Digital,EIT Digital — Mechatronics source & credential directory,source-watch,Mechatronics,Mechatronics,catalog,⚠️ verify current offer,"Monitoring record, not a certificate claim. Verify the current official credential/course and price before calling it free.",Varies,Varies,Provider-dependent,Unknown,Varies,Provider-dependent,Varies,https://www.eitdigital.eu/,C,Не начато,Source watch — auto review,2026-08-31,,curated,discovery
SRCX-093f46fb7e3e,European Union,EIT Health,EIT Health — Mechatronics source & credential directory,source-watch,Mechatronics,Mechatronics,catalog,⚠️ verify current offer,"Monitoring record, not a certificate claim. Verify the current official credential/course and price before calling it free.",Varies,Varies,Provider-dependent,Unknown,Varies,Provider-dependent,Varies,https://eithealth.eu/,C,Не начато,Source watch — auto review,2026-08-31,,curated,discovery
SRCX-0f94f4d0365f,United States,fast.ai,fast.ai — Mechatronics source & credential directory,source-watch,Mechatronics,Mechatronics,catalog,⚠️ verify current offer,"Monitoring record, not a certificate claim. Verify the current official credential/course and price before calling it free.",Varies,Varies,Provider-dependent,Unknown,Varies,Provider-dependent,Varies,https://course.fast.ai/,C,Не начато,Source watch — auto review,2026-08-31,,curated,discovery
SRCX-076363a35244,Russia,Kaspersky,Kaspersky — Mechatronics source & credential directory,source-watch,Mechatronics,Mechatronics,catalog,⚠️ verify current offer,"Monitoring record, not a certificate claim. Verify the current official credential/course and price before calling it free.",Varies,Varies,Provider-dependent,Unknown,Varies,Provider-dependent,Varies,https://certification.kaspersky.com/,C,Не начато,Source watch — auto review,2026-08-31,,curated,discovery
SRCX-116a1da4318c,United States,Netlify,Netlify — Mechatronics source & credential directory,source-watch,Mechatronics,Mechatronics,catalog,⚠️ verify current offer,"Monitoring record, not a certificate claim. Verify the current official credential/course and price before calling it free.",Varies,Varies,Provider-dependent,Unknown,Varies,Provider-dependent,Varies,https://www.netlify.com/learn/,C,Не начато,Source watch — auto review,2026-08-31,,curated,discovery
SRCX-095d71b3d94d,United Kingdom,PortSwigger,PortSwigger — Mechatronics source & credential directory,source-watch,Mechatronics,Mechatronics,catalog,⚠️ verify current offer,"Monitoring record, not a certificate claim. Verify the current official credential/course and price before calling it free.",Varies,Varies,Provider-dependent,Unknown,Varies,Provider-dependent,Varies,https://portswigger.net/web-security,C,Не начато,Source watch — auto review,2026-08-31,,curated,discovery
SRCX-1334706a801b,United States,Qlik,Qlik — Mechatronics source & credential directory,source-watch,Mechatronics,Mechatronics,catalog,⚠️ verify current offer,"Monitoring record, not a certificate claim. Verify the current official credential/course and price before calling it free.",Varies,Varies,Provider-dependent,Unknown,Varies,Provider-dependent,Varies,https://learning.qlik.com/,C,Не начато,Source watch — auto review,2026-08-31,,curated,discovery
SRCX-10966edf3424,United States,Qualcomm,Qualcomm — Mechatronics source & credential directory,source-watch,Mechatronics,Mechatronics,catalog,⚠️ verify current offer,"Monitoring record, not a certificate claim. Verify the current official credential/course and price before calling it free.",Varies,Varies,Provider-dependent,Unknown,Varies,Provider-dependent,Varies,https://www.qualcomm.com/developer,C,Не начато,Source watch — auto review,2026-08-31,,curated,discovery
SRCX-0fd7051f1d5c,Germany,Siemens Digital Industries Software,Siemens Digital Industries Software — Mechatronics source & credential directory,source-watch,Mechatronics,Mechatronics,catalog,⚠️ verify current offer,"Monitoring record, not a certificate claim. Verify the current official credential/course and price before calling it free.",Varies,Varies,Provider-dependent,Unknown,Varies,Provider-dependent,Varies,https://training.plm.automation.siemens.com/,C,Не начато,Source watch — auto review,2026-08-31,,curated,discovery
SRCX-0e9e875535f4,Russia,Stepik,Stepik — Mechatronics source & credential directory,source-watch,Mechatronics,Mechatronics,catalog,⚠️ verify current offer,"Monitoring record, not a certificate claim. Verify the current official credential/course and price before calling it free.",Varies,Varies,Provider-dependent,Unknown,Varies,Provider-dependent,Varies,https://stepik.org/,C,Не начато,Source watch — auto review,2026-08-31,,curated,discovery
SRCX-12f72cd88975,United States,Texas Instruments,Texas Instruments — Mechatronics source & credential directory,source-watch,Mechatronics,Mechatronics,catalog,⚠️ verify current offer,"Monitoring record, not a certificate claim. Verify the current official credential/course and price before calling it free.",Varies,Varies,Provider-dependent,Unknown,Varies,Provider-dependent,Varies,https://training.ti.com/,C,Не начато,Source watch — auto review,2026-08-31,,curated,discovery
SRCX-042246d44ff9,Global,Cloud Native Computing Foundation,Cloud Native Computing Foundation — Medical Devices source & credential directory,source-watch,Medical Devices,Medical Devices,catalog,⚠️ verify current offer,"Monitoring record, not a certificate claim. Verify the current official credential/course and price before calling it free.",Varies,Varies,Provider-dependent,Unknown,Varies,Provider-dependent,Varies,https://www.cncf.io/training/,C,Не начато,Source watch — auto review,2026-08-31,,curated,discovery
SRCX-0401509f4bef,United States,Docker,Docker — Medical Devices source & credential directory,source-watch,Medical Devices,Medical Devices,catalog,⚠️ verify current offer,"Monitoring record, not a certificate claim. Verify the current official credential/course and price before calling it free.",Varies,Varies,Provider-dependent,Unknown,Varies,Provider-dependent,Varies,https://www.docker.com/education/,C,Не начато,Source watch — auto review,2026-08-31,,curated,discovery
SRCX-0e53faa63456,Europe,ESA,ESA — Medical Devices source & credential directory,source-watch,Medical Devices,Medical Devices,catalog,⚠️ verify current offer,"Monitoring record, not a certificate claim. Verify the current official credential/course and price before calling it free.",Varies,Varies,Provider-dependent,Unknown,Varies,Provider-dependent,Varies,https://learningzone.esa.int/,C,Не начато,Source watch — auto review,2026-08-31,,curated,discovery
SRCX-1525799217c4,Europe,ETSI,ETSI — Medical Devices source & credential directory,source-watch,Medical Devices,Medical Devices,catalog,⚠️ verify current offer,"Monitoring record, not a certificate claim. Verify the current official credential/course and price before calling it free.",Varies,Varies,Provider-dependent,Unknown,Varies,Provider-dependent,Varies,https://www.etsi.org/education,C,Не начато,Source watch — auto review,2026-08-31,,curated,discovery
SRCX-0ce22ce755bd,European Union,EU Academy,EU Academy — Medical Devices source & credential directory,source-watch,Medical Devices,Medical Devices,catalog,⚠️ verify current offer,"Monitoring record, not a certificate claim. Verify the current official credential/course and price before calling it free.",Varies,Varies,Provider-dependent,Unknown,Varies,Provider-dependent,Varies,https://academy.europa.eu/,C,Не начато,Source watch — auto review,2026-08-31,,curated,discovery
SRCX-14208d244b3a,Global,IEEE,IEEE — Medical Devices source & credential directory,source-watch,Medical Devices,Medical Devices,catalog,⚠️ verify current offer,"Monitoring record, not a certificate claim. Verify the current official credential/course and price before calling it free.",Varies,Varies,Provider-dependent,Unknown,Varies,Provider-dependent,Varies,https://www.ieee.org/education/,C,Не начато,Source watch — auto review,2026-08-31,,curated,discovery
SRCX-15b915c67c10,Germany,Infineon,Infineon — Medical Devices source & credential directory,source-watch,Medical Devices,Medical Devices,catalog,⚠️ verify current offer,"Monitoring record, not a certificate claim. Verify the current official credential/course and price before calling it free.",Varies,Varies,Provider-dependent,Unknown,Varies,Provider-dependent,Varies,https://www.infineon.com/cms/en/training/,C,Не начато,Source watch — auto review,2026-08-31,,curated,discovery
SRCX-0ef01ba15b49,United States,ISACA,ISACA — Medical Devices source & credential directory,source-watch,Medical Devices,Medical Devices,catalog,⚠️ verify current offer,"Monitoring record, not a certificate claim. Verify the current official credential/course and price before calling it free.",Varies,Varies,Provider-dependent,Unknown,Varies,Provider-dependent,Varies,https://www.isaca.org/credentialing,C,Не начато,Source watch — auto review,2026-08-31,,curated,discovery
SRCX-0edd5807fb21,Switzerland,KNIME,KNIME — Medical Devices source & credential directory,source-watch,Medical Devices,Medical Devices,catalog,⚠️ verify current offer,"Monitoring record, not a certificate claim. Verify the current official credential/course and price before calling it free.",Varies,Varies,Provider-dependent,Unknown,Varies,Provider-dependent,Varies,https://www.knime.com/learning,C,Не начато,Source watch — auto review,2026-08-31,,curated,discovery
SRCX-15a221528e50,United States,Linux Foundation Training,Linux Foundation Training — Medical Devices source & credential directory,source-watch,Medical Devices,Medical Devices,catalog,⚠️ verify current offer,"Monitoring record, not a certificate claim. Verify the current official credential/course and price before calling it free.",Varies,Varies,Provider-dependent,Unknown,Varies,Provider-dependent,Varies,https://training.linuxfoundation.org/,C,Не начато,Source watch — auto review,2026-08-31,,curated,discovery
SRCX-11652892f1b9,United States,Microchip Technology,Microchip Technology — Medical Devices source & credential directory,source-watch,Medical Devices,Medical Devices,catalog,⚠️ verify current offer,"Monitoring record, not a certificate claim. Verify the current official credential/course and price before calling it free.",Varies,Varies,Provider-dependent,Unknown,Varies,Provider-dependent,Varies,https://www.microchip.com/en-us/training,C,Не начато,Source watch — auto review,2026-08-31,,curated,discovery
SRCX-123dcb16128d,United States,OpenAI Academy,OpenAI Academy — Medical Devices source & credential directory,source-watch,Medical Devices,Medical Devices,catalog,⚠️ verify current offer,"Monitoring record, not a certificate claim. Verify the current official credential/course and price before calling it free.",Varies,Varies,Provider-dependent,Unknown,Varies,Provider-dependent,Varies,https://academy.openai.com/,C,Не начато,Source watch — auto review,2026-08-31,,curated,discovery
SRCX-03a0bc2107f0,Global,PostgreSQL,PostgreSQL — Medical Devices source & credential directory,source-watch,Medical Devices,Medical Devices,catalog,⚠️ verify current offer,"Monitoring record, not a certificate claim. Verify the current official credential/course and price before calling it free.",Varies,Varies,Provider-dependent,Unknown,Varies,Provider-dependent,Varies,https://www.postgresql.org/,C,Не начато,Source watch — auto review,2026-08-31,,curated,discovery
SRCX-12937fa660dd,United States,Qualcomm,Qualcomm — Medical Devices source & credential directory,source-watch,Medical Devices,Medical Devices,catalog,⚠️ verify current offer,"Monitoring record, not a certificate claim. Verify the current official credential/course and price before calling it free.",Varies,Varies,Provider-dependent,Unknown,Varies,Provider-dependent,Varies,https://www.qualcomm.com/developer,C,Не начато,Source watch — auto review,2026-08-31,,curated,discovery
SRCX-08fa77d28024,United States,Silicon Labs,Silicon Labs — Medical Devices source & credential directory,source-watch,Medical Devices,Medical Devices,catalog,⚠️ verify current offer,"Monitoring record, not a certificate claim. Verify the current official credential/course and price before calling it free.",Varies,Varies,Provider-dependent,Unknown,Varies,Provider-dependent,Varies,https://www.silabs.com/training,C,Не начато,Source watch — auto review,2026-08-31,,curated,discovery
SRCX-116edb5c3012,United States,Tableau,Tableau — Medical Devices source & credential directory,source-watch,Medical Devices,Medical Devices,catalog,⚠️ verify current offer,"Monitoring record, not a certificate claim. Verify the current official credential/course and price before calling it free.",Varies,Varies,Provider-dependent,Unknown,Varies,Provider-dependent,Varies,https://www.tableau.com/learn,C,Не начато,Source watch — auto review,2026-08-31,,curated,discovery
SRCX-0de5f4418709,United States,TensorFlow,TensorFlow — Medical Devices source & credential directory,source-watch,Medical Devices,Medical Devices,catalog,⚠️ verify current offer,"Monitoring record, not a certificate claim. Verify the current official credential/course and price before calling it free.",Varies,Varies,Provider-dependent,Unknown,Varies,Provider-dependent,Varies,https://www.tensorflow.org/certificate,C,Не начато,Source watch — auto review,2026-08-31,,curated,discovery
SRCX-156f365416e6,United States,Unity,Unity — Medical Devices source & credential directory,source-watch,Medical Devices,Medical Devices,catalog,⚠️ verify current offer,"Monitoring record, not a certificate claim. Verify the current official credential/course and price before calling it free.",Varies,Varies,Provider-dependent,Unknown,Varies,Provider-dependent,Varies,https://learn.unity.com/,C,Не начато,Source watch — auto review,2026-08-31,,curated,discovery
SRCX-01d28fbad9b3,Switzerland,Web3 Foundation,Web3 Foundation — Medical Devices source & credential directory,source-watch,Medical Devices,Medical Devices,catalog,⚠️ verify current offer,"Monitoring record, not a certificate claim. Verify the current official credential/course and price before calling it free.",Varies,Varies,Provider-dependent,Unknown,Varies,Provider-dependent,Varies,https://web3.foundation/,C,Не начато,Source watch — auto review,2026-08-31,,curated,discovery
SRCX-08586a124a75,Global,3GPP,3GPP — Metrology source & credential directory,source-watch,Metrology,Metrology,catalog,⚠️ verify current offer,"Monitoring record, not a certificate claim. Verify the current official credential/course and price before calling it free.",Varies,Varies,Provider-dependent,Unknown,Varies,Provider-dependent,Varies,https://www.3gpp.org/,C,Не начато,Source watch — auto review,2026-08-31,,curated,discovery
SRCX-03b282da1b4f,Global,Apache Airflow,Apache Airflow — Metrology source & credential directory,source-watch,Metrology,Metrology,catalog,⚠️ verify current offer,"Monitoring record, not a certificate claim. Verify the current official credential/course and price before calling it free.",Varies,Varies,Provider-dependent,Unknown,Varies,Provider-dependent,Varies,https://airflow.apache.org/,C,Не начато,Source watch — auto review,2026-08-31,,curated,discovery
SRCX-08d7a00f45a6,Global,Apache Kafka,Apache Kafka — Metrology source & credential directory,source-watch,Metrology,Metrology,catalog,⚠️ verify current offer,"Monitoring record, not a certificate claim. Verify the current official credential/course and price before calling it free.",Varies,Varies,Provider-dependent,Unknown,Varies,Provider-dependent,Varies,https://kafka.apache.org/,C,Не начато,Source watch — auto review,2026-08-31,,curated,discovery
SRCX-08259fcaefa5,Global,edX,edX — Metrology source & credential directory,source-watch,Metrology,Metrology,catalog,⚠️ verify current offer,"Monitoring record, not a certificate claim. Verify the current official credential/course and price before calling it free.",Varies,Varies,Provider-dependent,Unknown,Varies,Provider-dependent,Varies,https://www.edx.org/,C,Не начато,Source watch — auto review,2026-08-31,,curated,discovery
SRCX-084bbf8ce43e,United States,NOAA,NOAA — Metrology source & credential directory,source-watch,Metrology,Metrology,catalog,⚠️ verify current offer,"Monitoring record, not a certificate claim. Verify the current official credential/course and price before calling it free.",Varies,Varies,Provider-dependent,Unknown,Varies,Provider-dependent,Varies,https://www.noaa.gov/education,C,Не начато,Source watch — auto review,2026-08-31,,curated,discovery
SRCX-0a4f9a74d6ea,United States,OpenAI Academy,OpenAI Academy — Metrology source & credential directory,source-watch,Metrology,Metrology,catalog,⚠️ verify current offer,"Monitoring record, not a certificate claim. Verify the current official credential/course and price before calling it free.",Varies,Varies,Provider-dependent,Unknown,Varies,Provider-dependent,Varies,https://academy.openai.com/,C,Не начато,Source watch — auto review,2026-08-31,,curated,discovery
SRCX-1238c219e926,Global,OWASP Foundation,OWASP Foundation — Metrology source & credential directory,source-watch,Metrology,Metrology,catalog,⚠️ verify current offer,"Monitoring record, not a certificate claim. Verify the current official credential/course and price before calling it free.",Varies,Varies,Provider-dependent,Unknown,Varies,Provider-dependent,Varies,https://owasp.org/,C,Не начато,Source watch — auto review,2026-08-31,,curated,discovery
SRCX-09a32137d972,United States,Postman,Postman — Metrology source & credential directory,source-watch,Metrology,Metrology,catalog,⚠️ verify current offer,"Monitoring record, not a certificate claim. Verify the current official credential/course and price before calling it free.",Varies,Varies,Provider-dependent,Unknown,Varies,Provider-dependent,Varies,https://academy.postman.com/,C,Не начато,Source watch — auto review,2026-08-31,,curated,discovery
SRCX-0e9060d77ff0,United States,Qlik,Qlik — Metrology source & credential directory,source-watch,Metrology,Metrology,catalog,⚠️ verify current offer,"Monitoring record, not a certificate claim. Verify the current official credential/course and price before calling it free.",Varies,Varies,Provider-dependent,Unknown,Varies,Provider-dependent,Varies,https://learning.qlik.com/,C,Не начато,Source watch — auto review,2026-08-31,,curated,discovery
SRCX-012825ab240a,United States,RStudio / Posit,RStudio / Posit — Metrology source & credential directory,source-watch,Metrology,Metrology,catalog,⚠️ verify current offer,"Monitoring record, not a certificate claim. Verify the current official credential/course and price before calling it free.",Varies,Varies,Provider-dependent,Unknown,Varies,Provider-dependent,Varies,https://posit.co/learn/,C,Не начато,Source watch — auto review,2026-08-31,,curated,discovery
SRCX-0bee1acb8e1c,Germany,Siemens,Siemens — Metrology source & credential directory,source-watch,Metrology,Metrology,catalog,⚠️ verify current offer,"Monitoring record, not a certificate claim. Verify the current official credential/course and price before calling it free.",Varies,Varies,Provider-dependent,Unknown,Varies,Provider-dependent,Varies,https://www.siemens.com/training,C,Не начато,Source watch — auto review,2026-08-31,,curated,discovery
SRCX-06e5117693f7,United States,Akamai,Akamai — Microwave source & credential directory,source-watch,Microwave,Microwave,catalog,⚠️ verify current offer,"Monitoring record, not a certificate claim. Verify the current official credential/course and price before calling it free.",Varies,Varies,Provider-dependent,Unknown,Varies,Provider-dependent,Varies,https://www.akamai.com/learn,C,Не начато,Source watch — auto review,2026-08-31,,curated,discovery
SRCX-04164200881f,United States,Analog Devices,Analog Devices — Microwave source & credential directory,source-watch,Microwave,Microwave,catalog,⚠️ verify current offer,"Monitoring record, not a certificate claim. Verify the current official credential/course and price before calling it free.",Varies,Varies,Provider-dependent,Unknown,Varies,Provider-dependent,Varies,https://www.analog.com/en/education.html,C,Не начато,Source watch — auto review,2026-08-31,,curated,discovery
SRCX-10da18205ea7,Global,Coursera,Coursera — Microwave source & credential directory,source-watch,Microwave,Microwave,catalog,⚠️ verify current offer,"Monitoring record, not a certificate claim. Verify the current official credential/course and price before calling it free.",Varies,Varies,Provider-dependent,Unknown,Varies,Provider-dependent,Varies,https://www.coursera.org/,C,Не начато,Source watch — auto review,2026-08-31,,curated,discovery
SRCX-159829572c7c,Global,Eclipse Foundation,Eclipse Foundation — Microwave source & credential directory,source-watch,Microwave,Microwave,catalog,⚠️ verify current offer,"Monitoring record, not a certificate claim. Verify the current official credential/course and price before calling it free.",Varies,Varies,Provider-dependent,Unknown,Varies,Provider-dependent,Varies,https://www.eclipse.org/org/workinggroups/,C,Не начато,Source watch — auto review,2026-08-31,,curated,discovery
SRCX-076b46e515ef,Germany,Festo,Festo — Microwave source & credential directory,source-watch,Microwave,Microwave,catalog,⚠️ verify current offer,"Monitoring record, not a certificate claim. Verify the current official credential/course and price before calling it free.",Varies,Varies,Provider-dependent,Unknown,Varies,Provider-dependent,Varies,https://www.festo.com/us/en/e/academy/,C,Не начато,Source watch — auto review,2026-08-31,,curated,discovery
SRCX-0560bb42dcbe,United States,GitLab,GitLab — Microwave source & credential directory,source-watch,Microwave,Microwave,catalog,⚠️ verify current offer,"Monitoring record, not a certificate claim. Verify the current official credential/course and price before calling it free.",Varies,Varies,Provider-dependent,Unknown,Varies,Provider-dependent,Varies,https://about.gitlab.com/learn/,C,Не начато,Source watch — auto review,2026-08-31,,curated,discovery
SRCX-07d88e8c6bdb,United States,Heroku,Heroku — Microwave source & credential directory,source-watch,Microwave,Microwave,catalog,⚠️ verify current offer,"Monitoring record, not a certificate claim. Verify the current official credential/course and price before calling it free.",Varies,Varies,Provider-dependent,Unknown,Varies,Provider-dependent,Varies,https://devcenter.heroku.com/,C,Не начато,Source watch — auto review,2026-08-31,,curated,discovery
SRCX-0129865da778,Switzerland,IEC,IEC — Microwave source & credential directory,source-watch,Microwave,Microwave,catalog,⚠️ verify current offer,"Monitoring record, not a certificate claim. Verify the current official credential/course and price before calling it free.",Varies,Varies,Provider-dependent,Unknown,Varies,Provider-dependent,Varies,https://www.iec.ch/,C,Не начато,Source watch — auto review,2026-08-31,,curated,discovery
SRCX-0626a4fba7f0,Switzerland,KNIME,KNIME — Microwave source & credential directory,source-watch,Microwave,Microwave,catalog,⚠️ verify current offer,"Monitoring record, not a certificate claim. Verify the current official credential/course and price before calling it free.",Varies,Varies,Provider-dependent,Unknown,Varies,Provider-dependent,Varies,https://www.knime.com/learning,C,Не начато,Source watch — auto review,2026-08-31,,curated,discovery
SRCX-014c6f6f0afd,United States,MIT OpenCourseWare,MIT OpenCourseWare — Microwave source & credential directory,source-watch,Microwave,Microwave,catalog,⚠️ verify current offer,"Monitoring record, not a certificate claim. Verify the current official credential/course and price before calling it free.",Varies,Varies,Provider-dependent,Unknown,Varies,Provider-dependent,Varies,https://ocw.mit.edu/,C,Не начато,Source watch — auto review,2026-08-31,,curated,discovery
SRCX-0c110cff40dd,United States,Neo4j,Neo4j — Microwave source & credential directory,source-watch,Microwave,Microwave,catalog,⚠️ verify current offer,"Monitoring record, not a certificate claim. Verify the current official credential/course and price before calling it free.",Varies,Varies,Provider-dependent,Unknown,Varies,Provider-dependent,Varies,https://graphacademy.neo4j.com/,C,Не начато,Source watch — auto review,2026-08-31,,curated,discovery
SRCX-0e27b277e14d,United Kingdom,OpenLearn,OpenLearn — Microwave source & credential directory,source-watch,Microwave,Microwave,catalog,⚠️ verify current offer,"Monitoring record, not a certificate claim. Verify the current official credential/course and price before calling it free.",Varies,Varies,Provider-dependent,Unknown,Varies,Provider-dependent,Varies,https://www.open.edu/openlearn/,C,Не начато,Source watch — auto review,2026-08-31,,curated,discovery
SRCX-0c5eda03f209,Global,OpenTelemetry,OpenTelemetry — Microwave source & credential directory,source-watch,Microwave,Microwave,catalog,⚠️ verify current offer,"Monitoring record, not a certificate claim. Verify the current official credential/course and price before calling it free.",Varies,Varies,Provider-dependent,Unknown,Varies,Provider-dependent,Varies,https://opentelemetry.io/,C,Не начато,Source watch — auto review,2026-08-31,,curated,discovery
SRCX-0178f3309603,Global,OWASP Foundation,OWASP Foundation — Microwave source & credential directory,source-watch,Microwave,Microwave,catalog,⚠️ verify current offer,"Monitoring record, not a certificate claim. Verify the current official credential/course and price before calling it free.",Varies,Varies,Provider-dependent,Unknown,Varies,Provider-dependent,Varies,https://owasp.org/,C,Не начато,Source watch — auto review,2026-08-31,,curated,discovery
SRCX-041b3be8a257,Russia,Positive Technologies,Positive Technologies — Microwave source & credential directory,source-watch,Microwave,Microwave,catalog,⚠️ verify current offer,"Monitoring record, not a certificate claim. Verify the current official credential/course and price before calling it free.",Varies,Varies,Provider-dependent,Unknown,Varies,Provider-dependent,Varies,https://edu.ptsecurity.com/,C,Не начато,Source watch — auto review,2026-08-31,,curated,discovery
SRCX-0dd52acad7e5,United States,PTC,PTC — Microwave source & credential directory,source-watch,Microwave,Microwave,catalog,⚠️ verify current offer,"Monitoring record, not a certificate claim. Verify the current official credential/course and price before calling it free.",Varies,Varies,Provider-dependent,Unknown,Varies,Provider-dependent,Varies,https://www.ptc.com/en/academic-program,C,Не начато,Source watch — auto review,2026-08-31,,curated,discovery
SRCX-0b3659599d76,Global,QGIS,QGIS — Microwave source & credential directory,source-watch,Microwave,Microwave,catalog,⚠️ verify current offer,"Monitoring record, not a certificate claim. Verify the current official credential/course and price before calling it free.",Varies,Varies,Provider-dependent,Unknown,Varies,Provider-dependent,Varies,https://www.qgis.org/en/site/forusers/trainingmaterial/,C,Не начато,Source watch — auto review,2026-08-31,,curated,discovery
SRCX-0c5c749999d3,Russia,RЭД СОФТ,RЭД СОФТ — Microwave source & credential directory,source-watch,Microwave,Microwave,catalog,⚠️ verify current offer,"Monitoring record, not a certificate claim. Verify the current official credential/course and price before calling it free.",Varies,Varies,Provider-dependent,Unknown,Varies,Provider-dependent,Varies,https://education.red-soft.ru/,C,Не начато,Source watch — auto review,2026-08-31,,curated,discovery
SRCX-0837af5fa262,United States,USGS,USGS — Microwave source & credential directory,source-watch,Microwave,Microwave,catalog,⚠️ verify current offer,"Monitoring record, not a certificate claim. Verify the current official credential/course and price before calling it free.",Varies,Varies,Provider-dependent,Unknown,Varies,Provider-dependent,Varies,https://www.usgs.gov/educational-resources,C,Не начато,Source watch — auto review,2026-08-31,,curated,discovery
SRCX-1387646edb75,Italy,Arduino,Arduino — Mobile source & credential directory,source-watch,Mobile,Mobile,catalog,⚠️ verify current offer,"Monitoring record, not a certificate claim. Verify the current official credential/course and price before calling it free.",Varies,Varies,Provider-dependent,Unknown,Varies,Provider-dependent,Varies,https://docs.arduino.cc/,C,Не начато,Source watch — auto review,2026-08-31,,curated,discovery
SRCX-097b400bbe25,United Kingdom,Arm,Arm — Mobile source & credential directory,source-watch,Mobile,Mobile,catalog,⚠️ verify current offer,"Monitoring record, not a certificate claim. Verify the current official credential/course and price before calling it free.",Varies,Varies,Provider-dependent,Unknown,Varies,Provider-dependent,Varies,https://learn.arm.com/,C,Не начато,Source watch — auto review,2026-08-31,,curated,discovery
SRCX-0163472408fc,United States,Autodesk,Autodesk — Mobile source & credential directory,source-watch,Mobile,Mobile,catalog,⚠️ verify current offer,"Monitoring record, not a certificate claim. Verify the current official credential/course and price before calling it free.",Varies,Varies,Provider-dependent,Unknown,Varies,Provider-dependent,Varies,https://www.autodesk.com/certification/overview,C,Не начато,Source watch — auto review,2026-08-31,,curated,discovery
SRCX-08decc4105c9,Global,Autoware Foundation,Autoware Foundation — Mobile source & credential directory,source-watch,Mobile,Mobile,catalog,⚠️ verify current offer,"Monitoring record, not a certificate claim. Verify the current official credential/course and price before calling it free.",Varies,Varies,Provider-dependent,Unknown,Varies,Provider-dependent,Varies,https://www.autoware.org/,C,Не начато,Source watch — auto review,2026-08-31,,curated,discovery
SRCX-0a7178fb95c7,United States,AWS,AWS — Mobile source & credential directory,source-watch,Mobile,Mobile,catalog,⚠️ verify current offer,"Monitoring record, not a certificate claim. Verify the current official credential/course and price before calling it free.",Varies,Varies,Provider-dependent,Unknown,Varies,Provider-dependent,Varies,https://aws.amazon.com/training/,C,Не начато,Source watch — auto review,2026-08-31,,curated,discovery
SRCX-00890eae1a8d,United States,Cadence,Cadence — Mobile source & credential directory,source-watch,Mobile,Mobile,catalog,⚠️ verify current offer,"Monitoring record, not a certificate claim. Verify the current official credential/course and price before calling it free.",Varies,Varies,Provider-dependent,Unknown,Varies,Provider-dependent,Varies,https://www.cadence.com/,C,Не начато,Source watch — auto review,2026-08-31,,curated,discovery
SRCX-082fa09f4adf,United States,CompTIA,CompTIA — Mobile source & credential directory,source-watch,Mobile,Mobile,catalog,⚠️ verify current offer,"Monitoring record, not a certificate claim. Verify the current official credential/course and price before calling it free.",Varies,Varies,Provider-dependent,Unknown,Varies,Provider-dependent,Varies,https://www.comptia.org/certifications,C,Не начато,Source watch — auto review,2026-08-31,,curated,discovery
SRCX-12aa1c562032,France,Dassault Aviation,Dassault Aviation — Mobile source & credential directory,source-watch,Mobile,Mobile,catalog,⚠️ verify current offer,"Monitoring record, not a certificate claim. Verify the current official credential/course and price before calling it free.",Varies,Varies,Provider-dependent,Unknown,Varies,Provider-dependent,Varies,https://www.dassault-aviation.com/,C,Не начато,Source watch — auto review,2026-08-31,,curated,discovery
SRCX-140488b5a5a7,France,Dassault Systèmes,Dassault Systèmes — Mobile source & credential directory,source-watch,Mobile,Mobile,catalog,⚠️ verify current offer,"Monitoring record, not a certificate claim. Verify the current official credential/course and price before calling it free.",Varies,Varies,Provider-dependent,Unknown,Varies,Provider-dependent,Varies,https://www.3ds.com/education/,C,Не начато,Source watch — auto review,2026-08-31,,curated,discovery
SRCX-0440f66c8bfc,China,Espressif,Espressif — Mobile source & credential directory,source-watch,Mobile,Mobile,catalog,⚠️ verify current offer,"Monitoring record, not a certificate claim. Verify the current official credential/course and price before calling it free.",Varies,Varies,Provider-dependent,Unknown,Varies,Provider-dependent,Varies,https://www.espressif.com/en/training,C,Не начато,Source watch — auto review,2026-08-31,,curated,discovery
SRCX-098e2802ef47,United States/Global,FIRST Robotics,FIRST Robotics — Mobile source & credential directory,source-watch,Mobile,Mobile,catalog,⚠️ verify current offer,"Monitoring record, not a certificate claim. Verify the current official credential/course and price before calling it free.",Varies,Varies,Provider-dependent,Unknown,Varies,Provider-dependent,Varies,https://www.firstinspires.org/,C,Не начато,Source watch — auto review,2026-08-31,,curated,discovery
SRCX-02b654b734bd,United Kingdom/Global,GSMA,GSMA — Mobile source & credential directory,source-watch,Mobile,Mobile,catalog,⚠️ verify current offer,"Monitoring record, not a certificate claim. Verify the current official credential/course and price before calling it free.",Varies,Varies,Provider-dependent,Unknown,Varies,Provider-dependent,Varies,https://www.gsma.com/,C,Не начато,Source watch — auto review,2026-08-31,,curated,discovery
SRCX-15f6e67fd78e,United States,JFrog,JFrog — Mobile source & credential directory,source-watch,Mobile,Mobile,catalog,⚠️ verify current offer,"Monitoring record, not a certificate claim. Verify the current official credential/course and price before calling it free.",Varies,Varies,Provider-dependent,Unknown,Varies,Provider-dependent,Varies,https://academy.jfrog.com/,C,Не начато,Source watch — auto review,2026-08-31,,curated,discovery
SRCX-0653df6d2efc,Japan,Mitsubishi Electric,Mitsubishi Electric — Mobile source & credential directory,source-watch,Mobile,Mobile,catalog,⚠️ verify current offer,"Monitoring record, not a certificate claim. Verify the current official credential/course and price before calling it free.",Varies,Varies,Provider-dependent,Unknown,Varies,Provider-dependent,Varies,https://us.mitsubishielectric.com/fa/en/learn/,C,Не начато,Source watch — auto review,2026-08-31,,curated,discovery
SRCX-10c63923f29e,United States,NOAA,NOAA — Mobile source & credential directory,source-watch,Mobile,Mobile,catalog,⚠️ verify current offer,"Monitoring record, not a certificate claim. Verify the current official credential/course and price before calling it free.",Varies,Varies,Provider-dependent,Unknown,Varies,Provider-dependent,Varies,https://www.noaa.gov/education,C,Не начато,Source watch — auto review,2026-08-31,,curated,discovery
SRCX-069021134c7a,Global,OpenSSF,OpenSSF — Mobile source & credential directory,source-watch,Mobile,Mobile,catalog,⚠️ verify current offer,"Monitoring record, not a certificate claim. Verify the current official credential/course and price before calling it free.",Varies,Varies,Provider-dependent,Unknown,Varies,Provider-dependent,Varies,https://openssf.org/,C,Не начато,Source watch — auto review,2026-08-31,,curated,discovery
SRCX-1536c6075bb2,Germany,Phoenix Contact,Phoenix Contact — Mobile source & credential directory,source-watch,Mobile,Mobile,catalog,⚠️ verify current offer,"Monitoring record, not a certificate claim. Verify the current official credential/course and price before calling it free.",Varies,Varies,Provider-dependent,Unknown,Varies,Provider-dependent,Varies,https://www.phoenixcontact.com/en-pc/training,C,Не начато,Source watch — auto review,2026-08-31,,curated,discovery
SRCX-06283b8a7385,United States,Redis,Redis — Mobile source & credential directory,source-watch,Mobile,Mobile,catalog,⚠️ verify current offer,"Monitoring record, not a certificate claim. Verify the current official credential/course and price before calling it free.",Varies,Varies,Provider-dependent,Unknown,Varies,Provider-dependent,Varies,https://university.redis.com/,C,Не начато,Source watch — auto review,2026-08-31,,curated,discovery
SRCX-0247f5d84250,United States,Rockwell Automation,Rockwell Automation — Mobile source & credential directory,source-watch,Mobile,Mobile,catalog,⚠️ verify current offer,"Monitoring record, not a certificate claim. Verify the current official credential/course and price before calling it free.",Varies,Varies,Provider-dependent,Unknown,Varies,Provider-dependent,Varies,https://www.rockwellautomation.com/en-us/services/training.html,C,Не начато,Source watch — auto review,2026-08-31,,curated,discovery
SRCX-0f6d0c1e97d2,Russia,RЭД СОФТ,RЭД СОФТ — Mobile source & credential directory,source-watch,Mobile,Mobile,catalog,⚠️ verify current offer,"Monitoring record, not a certificate claim. Verify the current official credential/course and price before calling it free.",Varies,Varies,Provider-dependent,Unknown,Varies,Provider-dependent,Varies,https://education.red-soft.ru/,C,Не начато,Source watch — auto review,2026-08-31,,curated,discovery
SRCX-03fbec017e8a,Global,UNEP InforMEA,UNEP InforMEA — Mobile source & credential directory,source-watch,Mobile,Mobile,catalog,⚠️ verify current offer,"Monitoring record, not a certificate claim. Verify the current official credential/course and price before calling it free.",Varies,Varies,Provider-dependent,Unknown,Varies,Provider-dependent,Varies,https://www.informea.org/,C,Не начато,Source watch — auto review,2026-08-31,,curated,discovery
SRCX-0e513711439f,Global,WHO Academy,WHO Academy — Mobile source & credential directory,source-watch,Mobile,Mobile,catalog,⚠️ verify current offer,"Monitoring record, not a certificate claim. Verify the current official credential/course and price before calling it free.",Varies,Varies,Provider-dependent,Unknown,Varies,Provider-dependent,Varies,https://www.who.int/about/who-academy,C,Не начато,Source watch — auto review,2026-08-31,,curated,discovery
SRCX-0ba6a8fcaa22,United States,Analog Devices,Analog Devices — Networking source & credential directory,source-watch,Networking,Networking,catalog,⚠️ verify current offer,"Monitoring record, not a certificate claim. Verify the current official credential/course and price before calling it free.",Varies,Varies,Provider-dependent,Unknown,Varies,Provider-dependent,Varies,https://www.analog.com/en/education.html,C,Не начато,Source watch — auto review,2026-08-31,,curated,discovery
SRCX-0af31afc44a9,Global,Apache Software Foundation,Apache Software Foundation — Networking source & credential directory,source-watch,Networking,Networking,catalog,⚠️ verify current offer,"Monitoring record, not a certificate claim. Verify the current official credential/course and price before calling it free.",Varies,Varies,Provider-dependent,Unknown,Varies,Provider-dependent,Varies,https://www.apache.org/,C,Не начато,Source watch — auto review,2026-08-31,,curated,discovery
SRCX-050a705e5b6d,United States,Broadcom,Broadcom — Networking source & credential directory,source-watch,Networking,Networking,catalog,⚠️ verify current offer,"Monitoring record, not a certificate claim. Verify the current official credential/course and price before calling it free.",Varies,Varies,Provider-dependent,Unknown,Varies,Provider-dependent,Varies,https://www.broadcom.com/support/training,C,Не начато,Source watch — auto review,2026-08-31,,curated,discovery
SRCX-0a9243543fd9,Sweden,COMSOL,COMSOL — Networking source & credential directory,source-watch,Networking,Networking,catalog,⚠️ verify current offer,"Monitoring record, not a certificate claim. Verify the current official credential/course and price before calling it free.",Varies,Varies,Provider-dependent,Unknown,Varies,Provider-dependent,Varies,https://www.comsol.com/learning-center,C,Не начато,Source watch — auto review,2026-08-31,,curated,discovery
SRCX-1316e8d18ad9,United States,GitLab,GitLab — Networking source & credential directory,source-watch,Networking,Networking,catalog,⚠️ verify current offer,"Monitoring record, not a certificate claim. Verify the current official credential/course and price before calling it free.",Varies,Varies,Provider-dependent,Unknown,Varies,Provider-dependent,Varies,https://about.gitlab.com/learn/,C,Не начато,Source watch — auto review,2026-08-31,,curated,discovery
SRCX-09b3e8d645de,Switzerland,ISO,ISO — Networking source & credential directory,source-watch,Networking,Networking,catalog,⚠️ verify current offer,"Monitoring record, not a certificate claim. Verify the current official credential/course and price before calling it free.",Varies,Varies,Provider-dependent,Unknown,Varies,Provider-dependent,Varies,https://www.iso.org/training.html,C,Не начато,Source watch — auto review,2026-08-31,,curated,discovery
SRCX-0951fc1338db,United States,JFrog,JFrog — Networking source & credential directory,source-watch,Networking,Networking,catalog,⚠️ verify current offer,"Monitoring record, not a certificate claim. Verify the current official credential/course and price before calling it free.",Varies,Varies,Provider-dependent,Unknown,Varies,Provider-dependent,Varies,https://academy.jfrog.com/,C,Не начато,Source watch — auto review,2026-08-31,,curated,discovery
SRCX-0d2b2e99fd8d,Global,Jupyter,Jupyter — Networking source & credential directory,source-watch,Networking,Networking,catalog,⚠️ verify current offer,"Monitoring record, not a certificate claim. Verify the current official credential/course and price before calling it free.",Varies,Varies,Provider-dependent,Unknown,Varies,Provider-dependent,Varies,https://jupyter.org/,C,Не начато,Source watch — auto review,2026-08-31,,curated,discovery
SRCX-13e3596ef3e3,United States,Microchip Technology,Microchip Technology — Networking source & credential directory,source-watch,Networking,Networking,catalog,⚠️ verify current offer,"Monitoring record, not a certificate claim. Verify the current official credential/course and price before calling it free.",Varies,Varies,Provider-dependent,Unknown,Varies,Provider-dependent,Varies,https://www.microchip.com/en-us/training,C,Не начато,Source watch — auto review,2026-08-31,,curated,discovery
SRCX-14b6ce873e8b,Global,OpenSSF Scorecard,OpenSSF Scorecard — Networking source & credential directory,source-watch,Networking,Networking,catalog,⚠️ verify current offer,"Monitoring record, not a certificate claim. Verify the current official credential/course and price before calling it free.",Varies,Varies,Provider-dependent,Unknown,Varies,Provider-dependent,Varies,https://scorecard.dev/,C,Не начато,Source watch — auto review,2026-08-31,,curated,discovery
SRCX-135e0d105800,United States,Redis,Redis — Networking source & credential directory,source-watch,Networking,Networking,catalog,⚠️ verify current offer,"Monitoring record, not a certificate claim. Verify the current official credential/course and price before calling it free.",Varies,Varies,Provider-dependent,Unknown,Varies,Provider-dependent,Varies,https://university.redis.com/,C,Не начато,Source watch — auto review,2026-08-31,,curated,discovery
SRCX-0b16985760f7,Germany,Rohde & Schwarz,Rohde & Schwarz — Networking source & credential directory,source-watch,Networking,Networking,catalog,⚠️ verify current offer,"Monitoring record, not a certificate claim. Verify the current official credential/course and price before calling it free.",Varies,Varies,Provider-dependent,Unknown,Varies,Provider-dependent,Varies,https://www.rohde-schwarz.com/,C,Не начато,Source watch — auto review,2026-08-31,,curated,discovery
SRCX-0b7c1a62f47b,United States,Salesforce Trailhead,Salesforce Trailhead — Networking source & credential directory,source-watch,Networking,Networking,catalog,⚠️ verify current offer,"Monitoring record, not a certificate claim. Verify the current official credential/course and price before calling it free.",Varies,Varies,Provider-dependent,Unknown,Varies,Provider-dependent,Varies,https://trailhead.salesforce.com/,C,Не начато,Source watch — auto review,2026-08-31,,curated,discovery
SRCX-027f6fcad163,Global,SLSA,SLSA — Networking source & credential directory,source-watch,Networking,Networking,catalog,⚠️ verify current offer,"Monitoring record, not a certificate claim. Verify the current official credential/course and price before calling it free.",Varies,Varies,Provider-dependent,Unknown,Varies,Provider-dependent,Varies,https://slsa.dev/,C,Не начато,Source watch — auto review,2026-08-31,,curated,discovery
SRCX-0f06568b24de,Global,Software Carpentries,Software Carpentries — Networking source & credential directory,source-watch,Networking,Networking,catalog,⚠️ verify current offer,"Monitoring record, not a certificate claim. Verify the current official credential/course and price before calling it free.",Varies,Varies,Provider-dependent,Unknown,Varies,Provider-dependent,Varies,https://software-carpentry.org/,C,Не начато,Source watch — auto review,2026-08-31,,curated,discovery
SRCX-0bb7ba0b6713,Switzerland,STMicroelectronics,STMicroelectronics — Networking source & credential directory,source-watch,Networking,Networking,catalog,⚠️ verify current offer,"Monitoring record, not a certificate claim. Verify the current official credential/course and price before calling it free.",Varies,Varies,Provider-dependent,Unknown,Varies,Provider-dependent,Varies,https://www.st.com/content/st_com/en/about/training.html,C,Не начато,Source watch — auto review,2026-08-31,,curated,discovery
SRCX-07ade396a97a,Global,Apache Kafka,Apache Kafka — Observability source & credential directory,source-watch,Observability,Observability,catalog,⚠️ verify current offer,"Monitoring record, not a certificate claim. Verify the current official credential/course and price before calling it free.",Varies,Varies,Provider-dependent,Unknown,Varies,Provider-dependent,Varies,https://kafka.apache.org/,C,Не начато,Source watch — auto review,2026-08-31,,curated,discovery
SRCX-15c593eced2b,Global,Apache Spark,Apache Spark — Observability source & credential directory,source-watch,Observability,Observability,catalog,⚠️ verify current offer,"Monitoring record, not a certificate claim. Verify the current official credential/course and price before calling it free.",Varies,Varies,Provider-dependent,Unknown,Varies,Provider-dependent,Varies,https://spark.apache.org/,C,Не начато,Source watch — auto review,2026-08-31,,curated,discovery
SRCX-146101c146a8,United States,AWS,AWS — Observability source & credential directory,source-watch,Observability,Observability,catalog,⚠️ verify current offer,"Monitoring record, not a certificate claim. Verify the current official credential/course and price before calling it free.",Varies,Varies,Provider-dependent,Unknown,Varies,Provider-dependent,Varies,https://aws.amazon.com/training/,C,Не начато,Source watch — auto review,2026-08-31,,curated,discovery
SRCX-09762c48b74a,Germany,Beckhoff,Beckhoff — Observability source & credential directory,source-watch,Observability,Observability,catalog,⚠️ verify current offer,"Monitoring record, not a certificate claim. Verify the current official credential/course and price before calling it free.",Varies,Varies,Provider-dependent,Unknown,Varies,Provider-dependent,Varies,https://www.beckhoff.com/en-us/company/education/,C,Не начато,Source watch — auto review,2026-08-31,,curated,discovery
SRCX-02d4f28bdee6,United States,Databricks,Databricks — Observability source & credential directory,source-watch,Observability,Observability,catalog,⚠️ verify current offer,"Monitoring record, not a certificate claim. Verify the current official credential/course and price before calling it free.",Varies,Varies,Provider-dependent,Unknown,Varies,Provider-dependent,Varies,https://www.databricks.com/learn,C,Не начато,Source watch — auto review,2026-08-31,,curated,discovery
SRCX-03a8be18c69b,United States,DigitalOcean,DigitalOcean — Observability source & credential directory,source-watch,Observability,Observability,catalog,⚠️ verify current offer,"Monitoring record, not a certificate claim. Verify the current official credential/course and price before calling it free.",Varies,Varies,Provider-dependent,Unknown,Varies,Provider-dependent,Varies,https://www.digitalocean.com/community,C,Не начато,Source watch — auto review,2026-08-31,,curated,discovery
SRCX-11be1fc234ca,Global,Eclipse Foundation,Eclipse Foundation — Observability source & credential directory,source-watch,Observability,Observability,catalog,⚠️ verify current offer,"Monitoring record, not a certificate claim. Verify the current official credential/course and price before calling it free.",Varies,Varies,Provider-dependent,Unknown,Varies,Provider-dependent,Varies,https://www.eclipse.org/org/workinggroups/,C,Не начато,Source watch — auto review,2026-08-31,,curated,discovery
SRCX-10a93e9d06e0,Sweden,Grafana Labs,Grafana Labs — Observability source & credential directory,source-watch,Observability,Observability,catalog,⚠️ verify current offer,"Monitoring record, not a certificate claim. Verify the current official credential/course and price before calling it free.",Varies,Varies,Provider-dependent,Unknown,Varies,Provider-dependent,Varies,https://grafana.com/training/,C,Не начато,Source watch — auto review,2026-08-31,,curated,discovery
SRCX-0aca48325d6b,United States,HashiCorp,HashiCorp — Observability source & credential directory,source-watch,Observability,Observability,catalog,⚠️ verify current offer,"Monitoring record, not a certificate claim. Verify the current official credential/course and price before calling it free.",Varies,Varies,Provider-dependent,Unknown,Varies,Provider-dependent,Varies,https://developer.hashicorp.com/certifications,C,Не начато,Source watch — auto review,2026-08-31,,curated,discovery
SRCX-052aa975bd72,United States,JFrog,JFrog — Observability source & credential directory,source-watch,Observability,Observability,catalog,⚠️ verify current offer,"Monitoring record, not a certificate claim. Verify the current official credential/course and price before calling it free.",Varies,Varies,Provider-dependent,Unknown,Varies,Provider-dependent,Varies,https://academy.jfrog.com/,C,Не начато,Source watch — auto review,2026-08-31,,curated,discovery
SRCX-09adf9359eb7,United States,Khan Academy,Khan Academy — Observability source & credential directory,source-watch,Observability,Observability,catalog,⚠️ verify current offer,"Monitoring record, not a certificate claim. Verify the current official credential/course and price before calling it free.",Varies,Varies,Provider-dependent,Unknown,Varies,Provider-dependent,Varies,https://www.khanacademy.org/,C,Не начато,Source watch — auto review,2026-08-31,,curated,discovery
SRCX-0b695ef629ed,Netherlands,NXP Semiconductors,NXP Semiconductors — Observability source & credential directory,source-watch,Observability,Observability,catalog,⚠️ verify current offer,"Monitoring record, not a certificate claim. Verify the current official credential/course and price before calling it free.",Varies,Varies,Provider-dependent,Unknown,Varies,Provider-dependent,Varies,https://www.nxp.com/design/training:TRAINING,C,Не начато,Source watch — auto review,2026-08-31,,curated,discovery
SRCX-051321d77c1a,United States,Qualcomm,Qualcomm — Observability source & credential directory,source-watch,Observability,Observability,catalog,⚠️ verify current offer,"Monitoring record, not a certificate claim. Verify the current official credential/course and price before calling it free.",Varies,Varies,Provider-dependent,Unknown,Varies,Provider-dependent,Varies,https://www.qualcomm.com/developer,C,Не начато,Source watch — auto review,2026-08-31,,curated,discovery
SRCX-1383b45d0ad2,Global,Scikit-learn,Scikit-learn — Observability source & credential directory,source-watch,Observability,Observability,catalog,⚠️ verify current offer,"Monitoring record, not a certificate claim. Verify the current official credential/course and price before calling it free.",Varies,Varies,Provider-dependent,Unknown,Varies,Provider-dependent,Varies,https://scikit-learn.org/,C,Не начато,Source watch — auto review,2026-08-31,,curated,discovery
SRCX-147b70ae6f9e,Global,WHO Academy,WHO Academy — Observability source & credential directory,source-watch,Observability,Observability,catalog,⚠️ verify current offer,"Monitoring record, not a certificate claim. Verify the current official credential/course and price before calling it free.",Varies,Varies,Provider-dependent,Unknown,Varies,Provider-dependent,Varies,https://www.who.int/about/who-academy,C,Не начато,Source watch — auto review,2026-08-31,,curated,discovery
SRCX-0b8080a37f63,Russia,1C,1C — Open Source source & credential directory,source-watch,Open Source,Open Source,catalog,⚠️ verify current offer,"Monitoring record, not a certificate claim. Verify the current official credential/course and price before calling it free.",Varies,Varies,Provider-dependent,Unknown,Varies,Provider-dependent,Varies,https://1c.ru/,C,Не начато,Source watch — auto review,2026-08-31,,curated,discovery
SRCX-0c263b418288,United States,Ansible,Ansible — Open Source source & credential directory,source-watch,Open Source,Open Source,catalog,⚠️ verify current offer,"Monitoring record, not a certificate claim. Verify the current official credential/course and price before calling it free.",Varies,Varies,Provider-dependent,Unknown,Varies,Provider-dependent,Varies,https://www.ansible.com/,C,Не начато,Source watch — auto review,2026-08-31,,curated,discovery
SRCX-130dcb483efc,United States,Anthropic,Anthropic — Open Source source & credential directory,source-watch,Open Source,Open Source,catalog,⚠️ verify current offer,"Monitoring record, not a certificate claim. Verify the current official credential/course and price before calling it free.",Varies,Varies,Provider-dependent,Unknown,Varies,Provider-dependent,Varies,https://www.anthropic.com/,C,Не начато,Source watch — auto review,2026-08-31,,curated,discovery
SRCX-0097ecc046d1,Italy,Arduino,Arduino — Open Source source & credential directory,source-watch,Open Source,Open Source,catalog,⚠️ verify current offer,"Monitoring record, not a certificate claim. Verify the current official credential/course and price before calling it free.",Varies,Varies,Provider-dependent,Unknown,Varies,Provider-dependent,Varies,https://docs.arduino.cc/,C,Не начато,Source watch — auto review,2026-08-31,,curated,discovery
SRCX-11326902e631,United States,Cadence,Cadence — Open Source source & credential directory,source-watch,Open Source,Open Source,catalog,⚠️ verify current offer,"Monitoring record, not a certificate claim. Verify the current official credential/course and price before calling it free.",Varies,Varies,Provider-dependent,Unknown,Varies,Provider-dependent,Varies,https://www.cadence.com/,C,Не начато,Source watch — auto review,2026-08-31,,curated,discovery
SRCX-097a042b19ff,United States,DigitalOcean,DigitalOcean — Open Source source & credential directory,source-watch,Open Source,Open Source,catalog,⚠️ verify current offer,"Monitoring record, not a certificate claim. Verify the current official credential/course and price before calling it free.",Varies,Varies,Provider-dependent,Unknown,Varies,Provider-dependent,Varies,https://www.digitalocean.com/community,C,Не начато,Source watch — auto review,2026-08-31,,curated,discovery
SRCX-046cf417a6f1,European Union,EIT Health,EIT Health — Open Source source & credential directory,source-watch,Open Source,Open Source,catalog,⚠️ verify current offer,"Monitoring record, not a certificate claim. Verify the current official credential/course and price before calling it free.",Varies,Varies,Provider-dependent,Unknown,Varies,Provider-dependent,Varies,https://eithealth.eu/,C,Не начато,Source watch — auto review,2026-08-31,,curated,discovery
SRCX-0db21bd91e93,United States/Global,FIRST Robotics,FIRST Robotics — Open Source source & credential directory,source-watch,Open Source,Open Source,catalog,⚠️ verify current offer,"Monitoring record, not a certificate claim. Verify the current official credential/course and price before calling it free.",Varies,Varies,Provider-dependent,Unknown,Varies,Provider-dependent,Varies,https://www.firstinspires.org/,C,Не начато,Source watch — auto review,2026-08-31,,curated,discovery
SRCX-0c97ce0b6914,United States,Fortinet,Fortinet — Open Source source & credential directory,source-watch,Open Source,Open Source,catalog,⚠️ verify current offer,"Monitoring record, not a certificate claim. Verify the current official credential/course and price before calling it free.",Varies,Varies,Provider-dependent,Unknown,Varies,Provider-dependent,Varies,https://www.fortinet.com/training-certification,C,Не начато,Source watch — auto review,2026-08-31,,curated,discovery
SRCX-0a8aa06f7c5c,United States,Google for Developers,Google for Developers — Open Source source & credential directory,source-watch,Open Source,Open Source,catalog,⚠️ verify current offer,"Monitoring record, not a certificate claim. Verify the current official credential/course and price before calling it free.",Varies,Varies,Provider-dependent,Unknown,Varies,Provider-dependent,Varies,https://developers.google.com/profile/badges,C,Не начато,Source watch — auto review,2026-08-31,,curated,discovery
SRCX-08caf05052be,United States,Linux Foundation,Linux Foundation — Open Source source & credential directory,source-watch,Open Source,Open Source,catalog,⚠️ verify current offer,"Monitoring record, not a certificate claim. Verify the current official credential/course and price before calling it free.",Varies,Varies,Provider-dependent,Unknown,Varies,Provider-dependent,Varies,https://training.linuxfoundation.org/,C,Не начато,Source watch — auto review,2026-08-31,,curated,discovery
SRCX-09ff106407fe,United States,Marvell,Marvell — Open Source source & credential directory,source-watch,Open Source,Open Source,catalog,⚠️ verify current offer,"Monitoring record, not a certificate claim. Verify the current official credential/course and price before calling it free.",Varies,Varies,Provider-dependent,Unknown,Varies,Provider-dependent,Varies,https://www.marvell.com/,C,Не начато,Source watch — auto review,2026-08-31,,curated,discovery
SRCX-0697757cb9c9,Global,ROS,ROS — Open Source source & credential directory,source-watch,Open Source,Open Source,catalog,⚠️ verify current offer,"Monitoring record, not a certificate claim. Verify the current official credential/course and price before calling it free.",Varies,Varies,Provider-dependent,Unknown,Varies,Provider-dependent,Varies,https://www.ros.org/,C,Не начато,Source watch — auto review,2026-08-31,,curated,discovery
SRCX-114bfa0f77d6,Global,Software Carpentries,Software Carpentries — Open Source source & credential directory,source-watch,Open Source,Open Source,catalog,⚠️ verify current offer,"Monitoring record, not a certificate claim. Verify the current official credential/course and price before calling it free.",Varies,Varies,Provider-dependent,Unknown,Varies,Provider-dependent,Varies,https://software-carpentry.org/,C,Не начато,Source watch — auto review,2026-08-31,,curated,discovery
SRCX-08efe86806e4,Switzerland,STMicroelectronics,STMicroelectronics — Open Source source & credential directory,source-watch,Open Source,Open Source,catalog,⚠️ verify current offer,"Monitoring record, not a certificate claim. Verify the current official credential/course and price before calling it free.",Varies,Varies,Provider-dependent,Unknown,Varies,Provider-dependent,Varies,https://www.st.com/content/st_com/en/about/training.html,C,Не начато,Source watch — auto review,2026-08-31,,curated,discovery
SRCX-007dbef7f380,United Kingdom,Arm,Arm — PCB source & credential directory,source-watch,PCB,PCB,catalog,⚠️ verify current offer,"Monitoring record, not a certificate claim. Verify the current official credential/course and price before calling it free.",Varies,Varies,Provider-dependent,Unknown,Varies,Provider-dependent,Varies,https://learn.arm.com/,C,Не начато,Source watch — auto review,2026-08-31,,curated,discovery
SRCX-0669eb7893da,United States,AWS,AWS — PCB source & credential directory,source-watch,PCB,PCB,catalog,⚠️ verify current offer,"Monitoring record, not a certificate claim. Verify the current official credential/course and price before calling it free.",Varies,Varies,Provider-dependent,Unknown,Varies,Provider-dependent,Varies,https://aws.amazon.com/training/,C,Не начато,Source watch — auto review,2026-08-31,,curated,discovery
SRCX-04f501cad7f2,France,Dassault Aviation,Dassault Aviation — PCB source & credential directory,source-watch,PCB,PCB,catalog,⚠️ verify current offer,"Monitoring record, not a certificate claim. Verify the current official credential/course and price before calling it free.",Varies,Varies,Provider-dependent,Unknown,Varies,Provider-dependent,Varies,https://www.dassault-aviation.com/,C,Не начато,Source watch — auto review,2026-08-31,,curated,discovery
SRCX-03bf11abd8c1,Germany,Festo,Festo — PCB source & credential directory,source-watch,PCB,PCB,catalog,⚠️ verify current offer,"Monitoring record, not a certificate claim. Verify the current official credential/course and price before calling it free.",Varies,Varies,Provider-dependent,Unknown,Varies,Provider-dependent,Varies,https://www.festo.com/us/en/e/academy/,C,Не начато,Source watch — auto review,2026-08-31,,curated,discovery
SRCX-0a696cb1299c,United States,GitHub Skills,GitHub Skills — PCB source & credential directory,source-watch,PCB,PCB,catalog,⚠️ verify current offer,"Monitoring record, not a certificate claim. Verify the current official credential/course and price before calling it free.",Varies,Varies,Provider-dependent,Unknown,Varies,Provider-dependent,Varies,https://skills.github.com/,C,Не начато,Source watch — auto review,2026-08-31,,curated,discovery
SRCX-0010e85db455,United Kingdom/Global,GSMA,GSMA — PCB source & credential directory,source-watch,PCB,PCB,catalog,⚠️ verify current offer,"Monitoring record, not a certificate claim. Verify the current official credential/course and price before calling it free.",Varies,Varies,Provider-dependent,Unknown,Varies,Provider-dependent,Varies,https://www.gsma.com/,C,Не начато,Source watch — auto review,2026-08-31,,curated,discovery
SRCX-0674280d1a7e,United States,HashiCorp,HashiCorp — PCB source & credential directory,source-watch,PCB,PCB,catalog,⚠️ verify current offer,"Monitoring record, not a certificate claim. Verify the current official credential/course and price before calling it free.",Varies,Varies,Provider-dependent,Unknown,Varies,Provider-dependent,Varies,https://developer.hashicorp.com/certifications,C,Не начато,Source watch — auto review,2026-08-31,,curated,discovery
SRCX-0519adf59054,Global,Hyperledger,Hyperledger — PCB source & credential directory,source-watch,PCB,PCB,catalog,⚠️ verify current offer,"Monitoring record, not a certificate claim. Verify the current official credential/course and price before calling it free.",Varies,Varies,Provider-dependent,Unknown,Varies,Provider-dependent,Varies,https://www.hyperledger.org/learn,C,Не начато,Source watch — auto review,2026-08-31,,curated,discovery
SRCX-12054f5af967,United States,JFrog,JFrog — PCB source & credential directory,source-watch,PCB,PCB,catalog,⚠️ verify current offer,"Monitoring record, not a certificate claim. Verify the current official credential/course and price before calling it free.",Varies,Varies,Provider-dependent,Unknown,Varies,Provider-dependent,Varies,https://academy.jfrog.com/,C,Не начато,Source watch — auto review,2026-08-31,,curated,discovery
SRCX-06bf339152e5,United States,Juniper Networks,Juniper Networks — PCB source & credential directory,source-watch,PCB,PCB,catalog,⚠️ verify current offer,"Monitoring record, not a certificate claim. Verify the current official credential/course and price before calling it free.",Varies,Varies,Provider-dependent,Unknown,Varies,Provider-dependent,Varies,https://www.juniper.net/us/en/training/certification.html,C,Не начато,Source watch — auto review,2026-08-31,,curated,discovery
SRCX-13bef41b10eb,Japan,Mitsubishi Electric,Mitsubishi Electric — PCB source & credential directory,source-watch,PCB,PCB,catalog,⚠️ verify current offer,"Monitoring record, not a certificate claim. Verify the current official credential/course and price before calling it free.",Varies,Varies,Provider-dependent,Unknown,Varies,Provider-dependent,Varies,https://us.mitsubishielectric.com/fa/en/learn/,C,Не начато,Source watch — auto review,2026-08-31,,curated,discovery
SRCX-0378d3237322,Global,OWASP,OWASP — PCB source & credential directory,source-watch,PCB,PCB,catalog,⚠️ verify current offer,"Monitoring record, not a certificate claim. Verify the current official credential/course and price before calling it free.",Varies,Varies,Provider-dependent,Unknown,Varies,Provider-dependent,Varies,https://owasp.org/,C,Не начато,Source watch — auto review,2026-08-31,,curated,discovery
SRCX-0c6c983bb919,Global,ROS,ROS — PCB source & credential directory,source-watch,PCB,PCB,catalog,⚠️ verify current offer,"Monitoring record, not a certificate claim. Verify the current official credential/course and price before calling it free.",Varies,Varies,Provider-dependent,Unknown,Varies,Provider-dependent,Varies,https://www.ros.org/,C,Не начато,Source watch — auto review,2026-08-31,,curated,discovery
SRCX-0b9937518ffa,Russia,Roscosmos Education,Roscosmos Education — PCB source & credential directory,source-watch,PCB,PCB,catalog,⚠️ verify current offer,"Monitoring record, not a certificate claim. Verify the current official credential/course and price before calling it free.",Varies,Varies,Provider-dependent,Unknown,Varies,Provider-dependent,Varies,https://www.roscosmos.ru/,C,Не начато,Source watch — auto review,2026-08-31,,curated,discovery
SRCX-0b12ed736daf,United States,Scrum.org,Scrum.org — PCB source & credential directory,source-watch,PCB,PCB,catalog,⚠️ verify current offer,"Monitoring record, not a certificate claim. Verify the current official credential/course and price before calling it free.",Varies,Varies,Provider-dependent,Unknown,Varies,Provider-dependent,Varies,https://www.scrum.org/professional-training,C,Не начато,Source watch — auto review,2026-08-31,,curated,discovery
SRCX-0f4133d23ba1,United States,Tektronix,Tektronix — PCB source & credential directory,source-watch,PCB,PCB,catalog,⚠️ verify current offer,"Monitoring record, not a certificate claim. Verify the current official credential/course and price before calling it free.",Varies,Varies,Provider-dependent,Unknown,Varies,Provider-dependent,Varies,https://www.tek.com/en/learning,C,Не начато,Source watch — auto review,2026-08-31,,curated,discovery
SRCX-03c1d9378386,Global,UN CC:Learn,UN CC:Learn — PCB source & credential directory,source-watch,PCB,PCB,catalog,⚠️ verify current offer,"Monitoring record, not a certificate claim. Verify the current official credential/course and price before calling it free.",Varies,Varies,Provider-dependent,Unknown,Varies,Provider-dependent,Varies,https://unccelearn.org/,C,Не начато,Source watch — auto review,2026-08-31,,curated,discovery
SRCX-055610b86c1c,Global,UNEP InforMEA,UNEP InforMEA — PCB source & credential directory,source-watch,PCB,PCB,catalog,⚠️ verify current offer,"Monitoring record, not a certificate claim. Verify the current official credential/course and price before calling it free.",Varies,Varies,Provider-dependent,Unknown,Varies,Provider-dependent,Varies,https://www.informea.org/,C,Не начато,Source watch — auto review,2026-08-31,,curated,discovery
SRCX-15e21e7dd067,United States,Vercel,Vercel — PCB source & credential directory,source-watch,PCB,PCB,catalog,⚠️ verify current offer,"Monitoring record, not a certificate claim. Verify the current official credential/course and price before calling it free.",Varies,Varies,Provider-dependent,Unknown,Varies,Provider-dependent,Varies,https://vercel.com/academy,C,Не начато,Source watch — auto review,2026-08-31,,curated,discovery
SRCX-0e131439ffd6,Russia,Группа Астра,Группа Астра — PCB source & credential directory,source-watch,PCB,PCB,catalog,⚠️ verify current offer,"Monitoring record, not a certificate claim. Verify the current official credential/course and price before calling it free.",Varies,Varies,Provider-dependent,Unknown,Varies,Provider-dependent,Varies,https://astra.ru/training/,C,Не начато,Source watch — auto review,2026-08-31,,curated,discovery
SRCX-0b1b113bde78,United States,Cisco,Cisco — PLC source & credential directory,source-watch,PLC,PLC,catalog,⚠️ verify current offer,"Monitoring record, not a certificate claim. Verify the current official credential/course and price before calling it free.",Varies,Varies,Provider-dependent,Unknown,Varies,Provider-dependent,Varies,https://www.netacad.com/,C,Не начато,Source watch — auto review,2026-08-31,,curated,discovery
SRCX-12dc7b5b80b9,United States,CompTIA,CompTIA — PLC source & credential directory,source-watch,PLC,PLC,catalog,⚠️ verify current offer,"Monitoring record, not a certificate claim. Verify the current official credential/course and price before calling it free.",Varies,Varies,Provider-dependent,Unknown,Varies,Provider-dependent,Varies,https://www.comptia.org/certifications,C,Не начато,Source watch — auto review,2026-08-31,,curated,discovery
SRCX-00d8187b17cf,United States,Confluent,Confluent — PLC source & credential directory,source-watch,PLC,PLC,catalog,⚠️ verify current offer,"Monitoring record, not a certificate claim. Verify the current official credential/course and price before calling it free.",Varies,Varies,Provider-dependent,Unknown,Varies,Provider-dependent,Varies,https://developer.confluent.io/,C,Не начато,Source watch — auto review,2026-08-31,,curated,discovery
SRCX-057d9cddb8bc,United States,EC-Council,EC-Council — PLC source & credential directory,source-watch,PLC,PLC,catalog,⚠️ verify current offer,"Monitoring record, not a certificate claim. Verify the current official credential/course and price before calling it free.",Varies,Varies,Provider-dependent,Unknown,Varies,Provider-dependent,Varies,https://www.eccouncil.org/train-certify/,C,Не начато,Source watch — auto review,2026-08-31,,curated,discovery
SRCX-00fb57b45d96,Global,FAO eLearning Academy,FAO eLearning Academy — PLC source & credential directory,source-watch,PLC,PLC,catalog,⚠️ verify current offer,"Monitoring record, not a certificate claim. Verify the current official credential/course and price before calling it free.",Varies,Varies,Provider-dependent,Unknown,Varies,Provider-dependent,Varies,https://elearning.fao.org/,C,Не начато,Source watch — auto review,2026-08-31,,curated,discovery
SRCX-0dccb37f3b02,Global,ISC2 Learning,ISC2 Learning — PLC source & credential directory,source-watch,PLC,PLC,catalog,⚠️ verify current offer,"Monitoring record, not a certificate claim. Verify the current official credential/course and price before calling it free.",Varies,Varies,Provider-dependent,Unknown,Varies,Provider-dependent,Varies,https://www.isc2.org/training,C,Не начато,Source watch — auto review,2026-08-31,,curated,discovery
SRCX-0ea796277071,United States,Keysight Technologies,Keysight Technologies — PLC source & credential directory,source-watch,PLC,PLC,catalog,⚠️ verify current offer,"Monitoring record, not a certificate claim. Verify the current official credential/course and price before calling it free.",Varies,Varies,Provider-dependent,Unknown,Varies,Provider-dependent,Varies,https://www.keysight.com/us/en/learn.html,C,Не начато,Source watch — auto review,2026-08-31,,curated,discovery
SRCX-0df5906b9567,United States,Khan Academy,Khan Academy — PLC source & credential directory,source-watch,PLC,PLC,catalog,⚠️ verify current offer,"Monitoring record, not a certificate claim. Verify the current official credential/course and price before calling it free.",Varies,Varies,Provider-dependent,Unknown,Varies,Provider-dependent,Varies,https://www.khanacademy.org/,C,Не начато,Source watch — auto review,2026-08-31,,curated,discovery
SRCX-0fcf39a802ac,United States,Neo4j,Neo4j — PLC source & credential directory,source-watch,PLC,PLC,catalog,⚠️ verify current offer,"Monitoring record, not a certificate claim. Verify the current official credential/course and price before calling it free.",Varies,Varies,Provider-dependent,Unknown,Varies,Provider-dependent,Varies,https://graphacademy.neo4j.com/,C,Не начато,Source watch — auto review,2026-08-31,,curated,discovery
SRCX-0b5572de3ec3,United States,New Relic,New Relic — PLC source & credential directory,source-watch,PLC,PLC,catalog,⚠️ verify current offer,"Monitoring record, not a certificate claim. Verify the current official credential/course and price before calling it free.",Varies,Varies,Provider-dependent,Unknown,Varies,Provider-dependent,Varies,https://learn.newrelic.com/,C,Не начато,Source watch — auto review,2026-08-31,,curated,discovery
SRCX-0cc4ddba57cc,Norway,Nordic Semiconductor,Nordic Semiconductor — PLC source & credential directory,source-watch,PLC,PLC,catalog,⚠️ verify current offer,"Monitoring record, not a certificate claim. Verify the current official credential/course and price before calling it free.",Varies,Varies,Provider-dependent,Unknown,Varies,Provider-dependent,Varies,https://www.nordicsemi.com/Products/Development-tools/nRF-Connect-SDK,C,Не начато,Source watch — auto review,2026-08-31,,curated,discovery
SRCX-0cee56eed84e,Global,OpenEDX,OpenEDX — PLC source & credential directory,source-watch,PLC,PLC,catalog,⚠️ verify current offer,"Monitoring record, not a certificate claim. Verify the current official credential/course and price before calling it free.",Varies,Varies,Provider-dependent,Unknown,Varies,Provider-dependent,Varies,https://openedx.org/,C,Не начато,Source watch — auto review,2026-08-31,,curated,discovery
SRCX-06b5c6d701d2,Global,OpenTofu,OpenTofu — PLC source & credential directory,source-watch,PLC,PLC,catalog,⚠️ verify current offer,"Monitoring record, not a certificate claim. Verify the current official credential/course and price before calling it free.",Varies,Varies,Provider-dependent,Unknown,Varies,Provider-dependent,Varies,https://opentofu.org/,C,Не начато,Source watch — auto review,2026-08-31,,curated,discovery
SRCX-0636e5bf4b5a,Global,PostgreSQL,PostgreSQL — PLC source & credential directory,source-watch,PLC,PLC,catalog,⚠️ verify current offer,"Monitoring record, not a certificate claim. Verify the current official credential/course and price before calling it free.",Varies,Varies,Provider-dependent,Unknown,Varies,Provider-dependent,Varies,https://www.postgresql.org/,C,Не начато,Source watch — auto review,2026-08-31,,curated,discovery
SRCX-023d0c7788c0,United States,RStudio / Posit,RStudio / Posit — PLC source & credential directory,source-watch,PLC,PLC,catalog,⚠️ verify current offer,"Monitoring record, not a certificate claim. Verify the current official credential/course and price before calling it free.",Varies,Varies,Provider-dependent,Unknown,Varies,Provider-dependent,Varies,https://posit.co/learn/,C,Не начато,Source watch — auto review,2026-08-31,,curated,discovery
SRCX-15e2343c41a0,Russia,RЭД СОФТ,RЭД СОФТ — PLC source & credential directory,source-watch,PLC,PLC,catalog,⚠️ verify current offer,"Monitoring record, not a certificate claim. Verify the current official credential/course and price before calling it free.",Varies,Varies,Provider-dependent,Unknown,Varies,Provider-dependent,Varies,https://education.red-soft.ru/,C,Не начато,Source watch — auto review,2026-08-31,,curated,discovery
SRCX-07fbc4af769b,Germany,Siemens Digital Industries Software,Siemens Digital Industries Software — PLC source & credential directory,source-watch,PLC,PLC,catalog,⚠️ verify current offer,"Monitoring record, not a certificate claim. Verify the current official credential/course and price before calling it free.",Varies,Varies,Provider-dependent,Unknown,Varies,Provider-dependent,Varies,https://training.plm.automation.siemens.com/,C,Не начато,Source watch — auto review,2026-08-31,,curated,discovery
SRCX-11e39a3bcf92,United States,Snowflake,Snowflake — PLC source & credential directory,source-watch,PLC,PLC,catalog,⚠️ verify current offer,"Monitoring record, not a certificate claim. Verify the current official credential/course and price before calling it free.",Varies,Varies,Provider-dependent,Unknown,Varies,Provider-dependent,Varies,https://learn.snowflake.com/,C,Не начато,Source watch — auto review,2026-08-31,,curated,discovery
SRCX-00fe10193854,United States,TensorFlow,TensorFlow — PLC source & credential directory,source-watch,PLC,PLC,catalog,⚠️ verify current offer,"Monitoring record, not a certificate claim. Verify the current official credential/course and price before calling it free.",Varies,Varies,Provider-dependent,Unknown,Varies,Provider-dependent,Varies,https://www.tensorflow.org/certificate,C,Не начато,Source watch — auto review,2026-08-31,,curated,discovery
SRCX-13b828175c3a,Global,UNEP InforMEA,UNEP InforMEA — PLC source & credential directory,source-watch,PLC,PLC,catalog,⚠️ verify current offer,"Monitoring record, not a certificate claim. Verify the current official credential/course and price before calling it free.",Varies,Varies,Provider-dependent,Unknown,Varies,Provider-dependent,Varies,https://www.informea.org/,C,Не начато,Source watch — auto review,2026-08-31,,curated,discovery
SRCX-05d346c21731,United States,Unity,Unity — PLC source & credential directory,source-watch,PLC,PLC,catalog,⚠️ verify current offer,"Monitoring record, not a certificate claim. Verify the current official credential/course and price before calling it free.",Varies,Varies,Provider-dependent,Unknown,Varies,Provider-dependent,Varies,https://learn.unity.com/,C,Не начато,Source watch — auto review,2026-08-31,,curated,discovery
SRCX-0b15a690b552,Russia,Группа Астра,Группа Астра — PLC source & credential directory,source-watch,PLC,PLC,catalog,⚠️ verify current offer,"Monitoring record, not a certificate claim. Verify the current official credential/course and price before calling it free.",Varies,Varies,Provider-dependent,Unknown,Varies,Provider-dependent,Varies,https://astra.ru/training/,C,Не начато,Source watch — auto review,2026-08-31,,curated,discovery
SRCX-05afb5c67c2d,Russia,Нетология,Нетология — PLC source & credential directory,source-watch,PLC,PLC,catalog,⚠️ verify current offer,"Monitoring record, not a certificate claim. Verify the current official credential/course and price before calling it free.",Varies,Varies,Provider-dependent,Unknown,Varies,Provider-dependent,Varies,https://netology.ru/,C,Не начато,Source watch — auto review,2026-08-31,,curated,discovery
SRCX-0d1798fd2754,Russia,Открытое образование,Открытое образование — PLC source & credential directory,source-watch,PLC,PLC,catalog,⚠️ verify current offer,"Monitoring record, not a certificate claim. Verify the current official credential/course and price before calling it free.",Varies,Varies,Provider-dependent,Unknown,Varies,Provider-dependent,Varies,https://openedu.ru/,C,Не начато,Source watch — auto review,2026-08-31,,curated,discovery
SRCX-03a29b72404e,Global,3GPP,3GPP — Physics source & credential directory,source-watch,Physics,Physics,catalog,⚠️ verify current offer,"Monitoring record, not a certificate claim. Verify the current official credential/course and price before calling it free.",Varies,Varies,Provider-dependent,Unknown,Varies,Provider-dependent,Varies,https://www.3gpp.org/,C,Не начато,Source watch — auto review,2026-08-31,,curated,discovery
SRCX-11af7576dcc8,Global,Apache Kafka,Apache Kafka — Physics source & credential directory,source-watch,Physics,Physics,catalog,⚠️ verify current offer,"Monitoring record, not a certificate claim. Verify the current official credential/course and price before calling it free.",Varies,Varies,Provider-dependent,Unknown,Varies,Provider-dependent,Varies,https://kafka.apache.org/,C,Не начато,Source watch — auto review,2026-08-31,,curated,discovery
SRCX-0a778cfdfec3,Italy,Arduino,Arduino — Physics source & credential directory,source-watch,Physics,Physics,catalog,⚠️ verify current offer,"Monitoring record, not a certificate claim. Verify the current official credential/course and price before calling it free.",Varies,Varies,Provider-dependent,Unknown,Varies,Provider-dependent,Varies,https://docs.arduino.cc/,C,Не начато,Source watch — auto review,2026-08-31,,curated,discovery
SRCX-0a6882558799,Global,Autoware Foundation,Autoware Foundation — Physics source & credential directory,source-watch,Physics,Physics,catalog,⚠️ verify current offer,"Monitoring record, not a certificate claim. Verify the current official credential/course and price before calling it free.",Varies,Varies,Provider-dependent,Unknown,Varies,Provider-dependent,Varies,https://www.autoware.org/,C,Не начато,Source watch — auto review,2026-08-31,,curated,discovery
SRCX-00c5fbac5c56,Global,Chainlink,Chainlink — Physics source & credential directory,source-watch,Physics,Physics,catalog,⚠️ verify current offer,"Monitoring record, not a certificate claim. Verify the current official credential/course and price before calling it free.",Varies,Varies,Provider-dependent,Unknown,Varies,Provider-dependent,Varies,https://docs.chain.link/,C,Не начато,Source watch — auto review,2026-08-31,,curated,discovery
SRCX-10fa32d236b9,Israel,Check Point,Check Point — Physics source & credential directory,source-watch,Physics,Physics,catalog,⚠️ verify current offer,"Monitoring record, not a certificate claim. Verify the current official credential/course and price before calling it free.",Varies,Varies,Provider-dependent,Unknown,Varies,Provider-dependent,Varies,https://www.checkpoint.com/services/training-and-certification/,C,Не начато,Source watch — auto review,2026-08-31,,curated,discovery
SRCX-020d770699fb,United States,Class Central,Class Central — Physics source & credential directory,source-watch,Physics,Physics,catalog,⚠️ verify current offer,"Monitoring record, not a certificate claim. Verify the current official credential/course and price before calling it free.",Varies,Varies,Provider-dependent,Unknown,Varies,Provider-dependent,Varies,https://www.classcentral.com/,C,Не начато,Source watch — auto review,2026-08-31,,curated,discovery
SRCX-06990577e999,Global,Cloud Security Alliance,Cloud Security Alliance — Physics source & credential directory,source-watch,Physics,Physics,catalog,⚠️ verify current offer,"Monitoring record, not a certificate claim. Verify the current official credential/course and price before calling it free.",Varies,Varies,Provider-dependent,Unknown,Varies,Provider-dependent,Varies,https://cloudsecurityalliance.org/education,C,Не начато,Source watch — auto review,2026-08-31,,curated,discovery
SRCX-13496e8c8792,Global,edX,edX — Physics source & credential directory,source-watch,Physics,Physics,catalog,⚠️ verify current offer,"Monitoring record, not a certificate claim. Verify the current official credential/course and price before calling it free.",Varies,Varies,Provider-dependent,Unknown,Varies,Provider-dependent,Varies,https://www.edx.org/,C,Не начато,Source watch — auto review,2026-08-31,,curated,discovery
SRCX-0d526fb5a0fd,European Union,EIT Climate-KIC,EIT Climate-KIC — Physics source & credential directory,source-watch,Physics,Physics,catalog,⚠️ verify current offer,"Monitoring record, not a certificate claim. Verify the current official credential/course and price before calling it free.",Varies,Varies,Provider-dependent,Unknown,Varies,Provider-dependent,Varies,https://www.climate-kic.org/,C,Не начато,Source watch — auto review,2026-08-31,,curated,discovery
SRCX-03d1c7b9ebaf,United States,Epic Games,Epic Games — Physics source & credential directory,source-watch,Physics,Physics,catalog,⚠️ verify current offer,"Monitoring record, not a certificate claim. Verify the current official credential/course and price before calling it free.",Varies,Varies,Provider-dependent,Unknown,Varies,Provider-dependent,Varies,https://dev.epicgames.com/community/,C,Не начато,Source watch — auto review,2026-08-31,,curated,discovery
SRCX-15dfbb442cbf,Europe,ESA,ESA — Physics source & credential directory,source-watch,Physics,Physics,catalog,⚠️ verify current offer,"Monitoring record, not a certificate claim. Verify the current official credential/course and price before calling it free.",Varies,Varies,Provider-dependent,Unknown,Varies,Provider-dependent,Varies,https://learningzone.esa.int/,C,Не начато,Source watch — auto review,2026-08-31,,curated,discovery
SRCX-06eebdff775a,European Union,EU Academy,EU Academy — Physics source & credential directory,source-watch,Physics,Physics,catalog,⚠️ verify current offer,"Monitoring record, not a certificate claim. Verify the current official credential/course and price before calling it free.",Varies,Varies,Provider-dependent,Unknown,Varies,Provider-dependent,Varies,https://academy.europa.eu/,C,Не начато,Source watch — auto review,2026-08-31,,curated,discovery
SRCX-0381b6691810,United Kingdom/Global,GSMA,GSMA — Physics source & credential directory,source-watch,Physics,Physics,catalog,⚠️ verify current offer,"Monitoring record, not a certificate claim. Verify the current official credential/course and price before calling it free.",Varies,Varies,Provider-dependent,Unknown,Varies,Provider-dependent,Varies,https://www.gsma.com/,C,Не начато,Source watch — auto review,2026-08-31,,curated,discovery
SRCX-15e89286d079,United States,Netlify,Netlify — Physics source & credential directory,source-watch,Physics,Physics,catalog,⚠️ verify current offer,"Monitoring record, not a certificate claim. Verify the current official credential/course and price before calling it free.",Varies,Varies,Provider-dependent,Unknown,Varies,Provider-dependent,Varies,https://www.netlify.com/learn/,C,Не начато,Source watch — auto review,2026-08-31,,curated,discovery
SRCX-12d7f8897265,United States,New Relic,New Relic — Physics source & credential directory,source-watch,Physics,Physics,catalog,⚠️ verify current offer,"Monitoring record, not a certificate claim. Verify the current official credential/course and price before calling it free.",Varies,Varies,Provider-dependent,Unknown,Varies,Provider-dependent,Varies,https://learn.newrelic.com/,C,Не начато,Source watch — auto review,2026-08-31,,curated,discovery
SRCX-11e43683e03c,United States,PagerDuty,PagerDuty — Physics source & credential directory,source-watch,Physics,Physics,catalog,⚠️ verify current offer,"Monitoring record, not a certificate claim. Verify the current official credential/course and price before calling it free.",Varies,Varies,Provider-dependent,Unknown,Varies,Provider-dependent,Varies,https://www.pagerduty.com/resources/,C,Не начато,Source watch — auto review,2026-08-31,,curated,discovery
SRCX-086e2e33cb22,United States,Sentry,Sentry — Physics source & credential directory,source-watch,Physics,Physics,catalog,⚠️ verify current offer,"Monitoring record, not a certificate claim. Verify the current official credential/course and price before calling it free.",Varies,Varies,Provider-dependent,Unknown,Varies,Provider-dependent,Varies,https://sentry.io/resources/,C,Не начато,Source watch — auto review,2026-08-31,,curated,discovery
SRCX-02d8c674ddfd,United States,Snowflake,Snowflake — Physics source & credential directory,source-watch,Physics,Physics,catalog,⚠️ verify current offer,"Monitoring record, not a certificate claim. Verify the current official credential/course and price before calling it free.",Varies,Varies,Provider-dependent,Unknown,Varies,Provider-dependent,Varies,https://learn.snowflake.com/,C,Не начато,Source watch — auto review,2026-08-31,,curated,discovery
SRCX-00dc2032c630,United States,Texas Instruments,Texas Instruments — Physics source & credential directory,source-watch,Physics,Physics,catalog,⚠️ verify current offer,"Monitoring record, not a certificate claim. Verify the current official credential/course and price before calling it free.",Varies,Varies,Provider-dependent,Unknown,Varies,Provider-dependent,Varies,https://training.ti.com/,C,Не начато,Source watch — auto review,2026-08-31,,curated,discovery
SRCX-02517b80da4f,United States,Unity,Unity — Physics source & credential directory,source-watch,Physics,Physics,catalog,⚠️ verify current offer,"Monitoring record, not a certificate claim. Verify the current official credential/course and price before calling it free.",Varies,Varies,Provider-dependent,Unknown,Varies,Provider-dependent,Varies,https://learn.unity.com/,C,Не начато,Source watch — auto review,2026-08-31,,curated,discovery
SRCX-139a9cefdbec,United States,Xilinx / AMD Adaptive Computing,Xilinx / AMD Adaptive Computing — Physics source & credential directory,source-watch,Physics,Physics,catalog,⚠️ verify current offer,"Monitoring record, not a certificate claim. Verify the current official credential/course and price before calling it free.",Varies,Varies,Provider-dependent,Unknown,Varies,Provider-dependent,Varies,https://www.amd.com/en/corporate/university-programs.html,C,Не начато,Source watch — auto review,2026-08-31,,curated,discovery
SRCX-0dfe330c3329,United States,Analog Devices,Analog Devices — Platform Engineering source & credential directory,source-watch,Platform Engineering,Platform Engineering,catalog,⚠️ verify current offer,"Monitoring record, not a certificate claim. Verify the current official credential/course and price before calling it free.",Varies,Varies,Provider-dependent,Unknown,Varies,Provider-dependent,Varies,https://www.analog.com/en/education.html,C,Не начато,Source watch — auto review,2026-08-31,,curated,discovery
SRCX-14f0d647ab74,United States,AWS,AWS — Platform Engineering source & credential directory,source-watch,Platform Engineering,Platform Engineering,catalog,⚠️ verify current offer,"Monitoring record, not a certificate claim. Verify the current official credential/course and price before calling it free.",Varies,Varies,Provider-dependent,Unknown,Varies,Provider-dependent,Varies,https://aws.amazon.com/training/,C,Не начато,Source watch — auto review,2026-08-31,,curated,discovery
SRCX-0d9209569917,United States,Cloudflare,Cloudflare — Platform Engineering source & credential directory,source-watch,Platform Engineering,Platform Engineering,catalog,⚠️ verify current offer,"Monitoring record, not a certificate claim. Verify the current official credential/course and price before calling it free.",Varies,Varies,Provider-dependent,Unknown,Varies,Provider-dependent,Varies,https://www.cloudflare.com/learning/,C,Не начато,Source watch — auto review,2026-08-31,,curated,discovery
SRCX-06b4dd326e80,Sweden,COMSOL,COMSOL — Platform Engineering source & credential directory,source-watch,Platform Engineering,Platform Engineering,catalog,⚠️ verify current offer,"Monitoring record, not a certificate claim. Verify the current official credential/course and price before calling it free.",Varies,Varies,Provider-dependent,Unknown,Varies,Provider-dependent,Varies,https://www.comsol.com/learning-center,C,Не начато,Source watch — auto review,2026-08-31,,curated,discovery
SRCX-0c7a4a83466e,Global,Data Carpentries,Data Carpentries — Platform Engineering source & credential directory,source-watch,Platform Engineering,Platform Engineering,catalog,⚠️ verify current offer,"Monitoring record, not a certificate claim. Verify the current official credential/course and price before calling it free.",Varies,Varies,Provider-dependent,Unknown,Varies,Provider-dependent,Varies,https://datacarpentries.org/,C,Не начато,Source watch — auto review,2026-08-31,,curated,discovery
SRCX-0b419496ab0a,European Union,EU Academy,EU Academy — Platform Engineering source & credential directory,source-watch,Platform Engineering,Platform Engineering,catalog,⚠️ verify current offer,"Monitoring record, not a certificate claim. Verify the current official credential/course and price before calling it free.",Varies,Varies,Provider-dependent,Unknown,Varies,Provider-dependent,Varies,https://academy.europa.eu/,C,Не начато,Source watch — auto review,2026-08-31,,curated,discovery
SRCX-139747fba903,United States/Global,FIRST Robotics,FIRST Robotics — Platform Engineering source & credential directory,source-watch,Platform Engineering,Platform Engineering,catalog,⚠️ verify current offer,"Monitoring record, not a certificate claim. Verify the current official credential/course and price before calling it free.",Varies,Varies,Provider-dependent,Unknown,Varies,Provider-dependent,Varies,https://www.firstinspires.org/,C,Не начато,Source watch — auto review,2026-08-31,,curated,discovery
SRCX-062c0962157f,United States,Fortinet,Fortinet — Platform Engineering source & credential directory,source-watch,Platform Engineering,Platform Engineering,catalog,⚠️ verify current offer,"Monitoring record, not a certificate claim. Verify the current official credential/course and price before calling it free.",Varies,Varies,Provider-dependent,Unknown,Varies,Provider-dependent,Varies,https://www.fortinet.com/training-certification,C,Не начато,Source watch — auto review,2026-08-31,,curated,discovery
SRCX-0393fea950ea,United States,IPC,IPC — Platform Engineering source & credential directory,source-watch,Platform Engineering,Platform Engineering,catalog,⚠️ verify current offer,"Monitoring record, not a certificate claim. Verify the current official credential/course and price before calling it free.",Varies,Varies,Provider-dependent,Unknown,Varies,Provider-dependent,Varies,https://www.ipc.org/training,C,Не начато,Source watch — auto review,2026-08-31,,curated,discovery
SRCX-1144f4f5b100,Global,ITU Academy,ITU Academy — Platform Engineering source & credential directory,source-watch,Platform Engineering,Platform Engineering,catalog,⚠️ verify current offer,"Monitoring record, not a certificate claim. Verify the current official credential/course and price before calling it free.",Varies,Varies,Provider-dependent,Unknown,Varies,Provider-dependent,Varies,https://academy.itu.int/,C,Не начато,Source watch — auto review,2026-08-31,,curated,discovery
SRCX-0461487eef2c,Czech Republic,JetBrains Academy,JetBrains Academy — Platform Engineering source & credential directory,source-watch,Platform Engineering,Platform Engineering,catalog,⚠️ verify current offer,"Monitoring record, not a certificate claim. Verify the current official credential/course and price before calling it free.",Varies,Varies,Provider-dependent,Unknown,Varies,Provider-dependent,Varies,https://www.jetbrains.com/academy/,C,Не начато,Source watch — auto review,2026-08-31,,curated,discovery
SRCX-14b44de9ad31,Russia,Kaspersky,Kaspersky — Platform Engineering source & credential directory,source-watch,Platform Engineering,Platform Engineering,catalog,⚠️ verify current offer,"Monitoring record, not a certificate claim. Verify the current official credential/course and price before calling it free.",Varies,Varies,Provider-dependent,Unknown,Varies,Provider-dependent,Varies,https://certification.kaspersky.com/,C,Не начато,Source watch — auto review,2026-08-31,,curated,discovery
SRCX-0e1b6327822c,United States,Looker / Google,Looker / Google — Platform Engineering source & credential directory,source-watch,Platform Engineering,Platform Engineering,catalog,⚠️ verify current offer,"Monitoring record, not a certificate claim. Verify the current official credential/course and price before calling it free.",Varies,Varies,Provider-dependent,Unknown,Varies,Provider-dependent,Varies,https://cloud.google.com/looker/docs,C,Не начато,Source watch — auto review,2026-08-31,,curated,discovery
SRCX-130b2485849e,United States,NASA,NASA — Platform Engineering source & credential directory,source-watch,Platform Engineering,Platform Engineering,catalog,⚠️ verify current offer,"Monitoring record, not a certificate claim. Verify the current official credential/course and price before calling it free.",Varies,Varies,Provider-dependent,Unknown,Varies,Provider-dependent,Varies,https://www.nasa.gov/learning-resources/,C,Не начато,Source watch — auto review,2026-08-31,,curated,discovery
SRCX-0528c7f9addc,Global,pandas,pandas — Platform Engineering source & credential directory,source-watch,Platform Engineering,Platform Engineering,catalog,⚠️ verify current offer,"Monitoring record, not a certificate claim. Verify the current official credential/course and price before calling it free.",Varies,Varies,Provider-dependent,Unknown,Varies,Provider-dependent,Varies,https://pandas.pydata.org/,C,Не начато,Source watch — auto review,2026-08-31,,curated,discovery
SRCX-01b076db911d,United States,PMI,PMI — Platform Engineering source & credential directory,source-watch,Platform Engineering,Platform Engineering,catalog,⚠️ verify current offer,"Monitoring record, not a certificate claim. Verify the current official credential/course and price before calling it free.",Varies,Varies,Provider-dependent,Unknown,Varies,Provider-dependent,Varies,https://www.pmi.org/learning,C,Не начато,Source watch — auto review,2026-08-31,,curated,discovery
SRCX-0b065e35749d,Global,QGIS,QGIS — Platform Engineering source & credential directory,source-watch,Platform Engineering,Platform Engineering,catalog,⚠️ verify current offer,"Monitoring record, not a certificate claim. Verify the current official credential/course and price before calling it free.",Varies,Varies,Provider-dependent,Unknown,Varies,Provider-dependent,Varies,https://www.qgis.org/en/site/forusers/trainingmaterial/,C,Не начато,Source watch — auto review,2026-08-31,,curated,discovery
SRCX-0b74f90b2e0f,Germany,Rohde & Schwarz,Rohde & Schwarz — Platform Engineering source & credential directory,source-watch,Platform Engineering,Platform Engineering,catalog,⚠️ verify current offer,"Monitoring record, not a certificate claim. Verify the current official credential/course and price before calling it free.",Varies,Varies,Provider-dependent,Unknown,Varies,Provider-dependent,Varies,https://www.rohde-schwarz.com/,C,Не начато,Source watch — auto review,2026-08-31,,curated,discovery
SRCX-03cbbf7dd24a,United States,Sentry,Sentry — Platform Engineering source & credential directory,source-watch,Platform Engineering,Platform Engineering,catalog,⚠️ verify current offer,"Monitoring record, not a certificate claim. Verify the current official credential/course and price before calling it free.",Varies,Varies,Provider-dependent,Unknown,Varies,Provider-dependent,Varies,https://sentry.io/resources/,C,Не начато,Source watch — auto review,2026-08-31,,curated,discovery
SRCX-11f87ad25d35,United States,Tableau,Tableau — Platform Engineering source & credential directory,source-watch,Platform Engineering,Platform Engineering,catalog,⚠️ verify current offer,"Monitoring record, not a certificate claim. Verify the current official credential/course and price before calling it free.",Varies,Varies,Provider-dependent,Unknown,Varies,Provider-dependent,Varies,https://www.tableau.com/learn,C,Не начато,Source watch — auto review,2026-08-31,,curated,discovery
SRCX-12e0aef75e71,United States,TensorFlow,TensorFlow — Platform Engineering source & credential directory,source-watch,Platform Engineering,Platform Engineering,catalog,⚠️ verify current offer,"Monitoring record, not a certificate claim. Verify the current official credential/course and price before calling it free.",Varies,Varies,Provider-dependent,Unknown,Varies,Provider-dependent,Varies,https://www.tensorflow.org/certificate,C,Не начато,Source watch — auto review,2026-08-31,,curated,discovery
SRCX-0b6344316e2f,Global,UNEP InforMEA,UNEP InforMEA — Platform Engineering source & credential directory,source-watch,Platform Engineering,Platform Engineering,catalog,⚠️ verify current offer,"Monitoring record, not a certificate claim. Verify the current official credential/course and price before calling it free.",Varies,Varies,Provider-dependent,Unknown,Varies,Provider-dependent,Varies,https://www.informea.org/,C,Не начато,Source watch — auto review,2026-08-31,,curated,discovery
SRCX-029efdd94424,United States,Analog Devices,Analog Devices — Power Systems source & credential directory,source-watch,Power Systems,Power Systems,catalog,⚠️ verify current offer,"Monitoring record, not a certificate claim. Verify the current official credential/course and price before calling it free.",Varies,Varies,Provider-dependent,Unknown,Varies,Provider-dependent,Varies,https://www.analog.com/en/education.html,C,Не начато,Source watch — auto review,2026-08-31,,curated,discovery
SRCX-10f810121cc5,United States,Broadcom,Broadcom — Power Systems source & credential directory,source-watch,Power Systems,Power Systems,catalog,⚠️ verify current offer,"Monitoring record, not a certificate claim. Verify the current official credential/course and price before calling it free.",Varies,Varies,Provider-dependent,Unknown,Varies,Provider-dependent,Varies,https://www.broadcom.com/support/training,C,Не начато,Source watch — auto review,2026-08-31,,curated,discovery
SRCX-04b4af0c48d6,Global,edX,edX — Power Systems source & credential directory,source-watch,Power Systems,Power Systems,catalog,⚠️ verify current offer,"Monitoring record, not a certificate claim. Verify the current official credential/course and price before calling it free.",Varies,Varies,Provider-dependent,Unknown,Varies,Provider-dependent,Varies,https://www.edx.org/,C,Не начато,Source watch — auto review,2026-08-31,,curated,discovery
SRCX-1262333f6a34,United Kingdom/Global,GSMA,GSMA — Power Systems source & credential directory,source-watch,Power Systems,Power Systems,catalog,⚠️ verify current offer,"Monitoring record, not a certificate claim. Verify the current official credential/course and price before calling it free.",Varies,Varies,Provider-dependent,Unknown,Varies,Provider-dependent,Varies,https://www.gsma.com/,C,Не начато,Source watch — auto review,2026-08-31,,curated,discovery
SRCX-000175c13c5a,United States,ISACA,ISACA — Power Systems source & credential directory,source-watch,Power Systems,Power Systems,catalog,⚠️ verify current offer,"Monitoring record, not a certificate claim. Verify the current official credential/course and price before calling it free.",Varies,Varies,Provider-dependent,Unknown,Varies,Provider-dependent,Varies,https://www.isaca.org/credentialing,C,Не начато,Source watch — auto review,2026-08-31,,curated,discovery
SRCX-0049d3aba3f6,United States,Juniper Networks,Juniper Networks — Power Systems source & credential directory,source-watch,Power Systems,Power Systems,catalog,⚠️ verify current offer,"Monitoring record, not a certificate claim. Verify the current official credential/course and price before calling it free.",Varies,Varies,Provider-dependent,Unknown,Varies,Provider-dependent,Varies,https://www.juniper.net/us/en/training/certification.html,C,Не начато,Source watch — auto review,2026-08-31,,curated,discovery
SRCX-0b168a83a069,United States,Kaggle,Kaggle — Power Systems source & credential directory,source-watch,Power Systems,Power Systems,catalog,⚠️ verify current offer,"Monitoring record, not a certificate claim. Verify the current official credential/course and price before calling it free.",Varies,Varies,Provider-dependent,Unknown,Varies,Provider-dependent,Varies,https://www.kaggle.com/learn,C,Не начато,Source watch — auto review,2026-08-31,,curated,discovery
SRCX-0957975a09a6,United States,Keysight Technologies,Keysight Technologies — Power Systems source & credential directory,source-watch,Power Systems,Power Systems,catalog,⚠️ verify current offer,"Monitoring record, not a certificate claim. Verify the current official credential/course and price before calling it free.",Varies,Varies,Provider-dependent,Unknown,Varies,Provider-dependent,Varies,https://www.keysight.com/us/en/learn.html,C,Не начато,Source watch — auto review,2026-08-31,,curated,discovery
SRCX-1434c9877dcd,United States,Linux Foundation,Linux Foundation — Power Systems source & credential directory,source-watch,Power Systems,Power Systems,catalog,⚠️ verify current offer,"Monitoring record, not a certificate claim. Verify the current official credential/course and price before calling it free.",Varies,Varies,Provider-dependent,Unknown,Varies,Provider-dependent,Varies,https://training.linuxfoundation.org/,C,Не начато,Source watch — auto review,2026-08-31,,curated,discovery
SRCX-0ab60a267404,United States,Looker / Google,Looker / Google — Power Systems source & credential directory,source-watch,Power Systems,Power Systems,catalog,⚠️ verify current offer,"Monitoring record, not a certificate claim. Verify the current official credential/course and price before calling it free.",Varies,Varies,Provider-dependent,Unknown,Varies,Provider-dependent,Varies,https://cloud.google.com/looker/docs,C,Не начато,Source watch — auto review,2026-08-31,,curated,discovery
SRCX-017611b7061c,Global,OpenEDX,OpenEDX — Power Systems source & credential directory,source-watch,Power Systems,Power Systems,catalog,⚠️ verify current offer,"Monitoring record, not a certificate claim. Verify the current official credential/course and price before calling it free.",Varies,Varies,Provider-dependent,Unknown,Varies,Provider-dependent,Varies,https://openedx.org/,C,Не начато,Source watch — auto review,2026-08-31,,curated,discovery
SRCX-0f363003450d,Global,OpenWHO,OpenWHO — Power Systems source & credential directory,source-watch,Power Systems,Power Systems,catalog,⚠️ verify current offer,"Monitoring record, not a certificate claim. Verify the current official credential/course and price before calling it free.",Varies,Varies,Provider-dependent,Unknown,Varies,Provider-dependent,Varies,https://openwho.org/,C,Не начато,Source watch — auto review,2026-08-31,,curated,discovery
SRCX-0e1f514d81a5,Global,QGIS,QGIS — Power Systems source & credential directory,source-watch,Power Systems,Power Systems,catalog,⚠️ verify current offer,"Monitoring record, not a certificate claim. Verify the current official credential/course and price before calling it free.",Varies,Varies,Provider-dependent,Unknown,Varies,Provider-dependent,Varies,https://www.qgis.org/en/site/forusers/trainingmaterial/,C,Не начато,Source watch — auto review,2026-08-31,,curated,discovery
SRCX-0fcb1f2a8452,United States,RStudio / Posit,RStudio / Posit — Power Systems source & credential directory,source-watch,Power Systems,Power Systems,catalog,⚠️ verify current offer,"Monitoring record, not a certificate claim. Verify the current official credential/course and price before calling it free.",Varies,Varies,Provider-dependent,Unknown,Varies,Provider-dependent,Varies,https://posit.co/learn/,C,Не начато,Source watch — auto review,2026-08-31,,curated,discovery
SRCX-0cc005a92935,United States,SiFive,SiFive — Power Systems source & credential directory,source-watch,Power Systems,Power Systems,catalog,⚠️ verify current offer,"Monitoring record, not a certificate claim. Verify the current official credential/course and price before calling it free.",Varies,Varies,Provider-dependent,Unknown,Varies,Provider-dependent,Varies,https://www.sifive.com/,C,Не начато,Source watch — auto review,2026-08-31,,curated,discovery
SRCX-0c837dc3d23a,United States,Vercel,Vercel — Power Systems source & credential directory,source-watch,Power Systems,Power Systems,catalog,⚠️ verify current offer,"Monitoring record, not a certificate claim. Verify the current official credential/course and price before calling it free.",Varies,Varies,Provider-dependent,Unknown,Varies,Provider-dependent,Varies,https://vercel.com/academy,C,Не начато,Source watch — auto review,2026-08-31,,curated,discovery
SRCX-14b086db3bbe,Global,WHO Academy,WHO Academy — Power Systems source & credential directory,source-watch,Power Systems,Power Systems,catalog,⚠️ verify current offer,"Monitoring record, not a certificate claim. Verify the current official credential/course and price before calling it free.",Varies,Varies,Provider-dependent,Unknown,Varies,Provider-dependent,Varies,https://www.who.int/about/who-academy,C,Не начато,Source watch — auto review,2026-08-31,,curated,discovery
SRCX-03072e3b56c5,Russia,Нетология,Нетология — Power Systems source & credential directory,source-watch,Power Systems,Power Systems,catalog,⚠️ verify current offer,"Monitoring record, not a certificate claim. Verify the current official credential/course and price before calling it free.",Varies,Varies,Provider-dependent,Unknown,Varies,Provider-dependent,Varies,https://netology.ru/,C,Не начато,Source watch — auto review,2026-08-31,,curated,discovery
SRCX-10f302dd6d3b,Russia,Т-Банк Education,Т-Банк Education — Power Systems source & credential directory,source-watch,Power Systems,Power Systems,catalog,⚠️ verify current offer,"Monitoring record, not a certificate claim. Verify the current official credential/course and price before calling it free.",Varies,Varies,Provider-dependent,Unknown,Varies,Provider-dependent,Varies,https://education.tbank.ru/,C,Не начато,Source watch — auto review,2026-08-31,,curated,discovery
SRCX-00931cb68512,Global,Apache Spark,Apache Spark — Product Management source & credential directory,source-watch,Product Management,Product Management,catalog,⚠️ verify current offer,"Monitoring record, not a certificate claim. Verify the current official credential/course and price before calling it free.",Varies,Varies,Provider-dependent,Unknown,Varies,Provider-dependent,Varies,https://spark.apache.org/,C,Не начато,Source watch — auto review,2026-08-31,,curated,discovery
SRCX-0ecce1ed93d3,Australia,Atlassian,Atlassian — Product Management source & credential directory,source-watch,Product Management,Product Management,catalog,⚠️ verify current offer,"Monitoring record, not a certificate claim. Verify the current official credential/course and price before calling it free.",Varies,Varies,Provider-dependent,Unknown,Varies,Provider-dependent,Varies,https://university.atlassian.com/,C,Не начато,Source watch — auto review,2026-08-31,,curated,discovery
SRCX-0d2397789018,United Kingdom,BSI,BSI — Product Management source & credential directory,source-watch,Product Management,Product Management,catalog,⚠️ verify current offer,"Monitoring record, not a certificate claim. Verify the current official credential/course and price before calling it free.",Varies,Varies,Provider-dependent,Unknown,Varies,Provider-dependent,Varies,https://www.bsigroup.com/,C,Не начато,Source watch — auto review,2026-08-31,,curated,discovery
SRCX-0e6688ac62b6,Global,Chainlink,Chainlink — Product Management source & credential directory,source-watch,Product Management,Product Management,catalog,⚠️ verify current offer,"Monitoring record, not a certificate claim. Verify the current official credential/course and price before calling it free.",Varies,Varies,Provider-dependent,Unknown,Varies,Provider-dependent,Varies,https://docs.chain.link/,C,Не начато,Source watch — auto review,2026-08-31,,curated,discovery
SRCX-148727b8bfc1,United States,Class Central,Class Central — Product Management source & credential directory,source-watch,Product Management,Product Management,catalog,⚠️ verify current offer,"Monitoring record, not a certificate claim. Verify the current official credential/course and price before calling it free.",Varies,Varies,Provider-dependent,Unknown,Varies,Provider-dependent,Varies,https://www.classcentral.com/,C,Не начато,Source watch — auto review,2026-08-31,,curated,discovery
SRCX-155370913971,France,Dassault Aviation,Dassault Aviation — Product Management source & credential directory,source-watch,Product Management,Product Management,catalog,⚠️ verify current offer,"Monitoring record, not a certificate claim. Verify the current official credential/course and price before calling it free.",Varies,Varies,Provider-dependent,Unknown,Varies,Provider-dependent,Varies,https://www.dassault-aviation.com/,C,Не начато,Source watch — auto review,2026-08-31,,curated,discovery
SRCX-125577d914aa,United States,Databricks,Databricks — Product Management source & credential directory,source-watch,Product Management,Product Management,catalog,⚠️ verify current offer,"Monitoring record, not a certificate claim. Verify the current official credential/course and price before calling it free.",Varies,Varies,Provider-dependent,Unknown,Varies,Provider-dependent,Varies,https://www.databricks.com/learn,C,Не начато,Source watch — auto review,2026-08-31,,curated,discovery
SRCX-13ab21d01091,United States,GitLab Learn,GitLab Learn — Product Management source & credential directory,source-watch,Product Management,Product Management,catalog,⚠️ verify current offer,"Monitoring record, not a certificate claim. Verify the current official credential/course and price before calling it free.",Varies,Varies,Provider-dependent,Unknown,Varies,Provider-dependent,Varies,https://about.gitlab.com/learn/,C,Не начато,Source watch — auto review,2026-08-31,,curated,discovery
SRCX-07ad677fe68a,Global,IETF,IETF — Product Management source & credential directory,source-watch,Product Management,Product Management,catalog,⚠️ verify current offer,"Monitoring record, not a certificate claim. Verify the current official credential/course and price before calling it free.",Varies,Varies,Provider-dependent,Unknown,Varies,Provider-dependent,Varies,https://www.ietf.org/education/,C,Не начато,Source watch — auto review,2026-08-31,,curated,discovery
SRCX-06236ba1322e,United States,JFrog Academy,JFrog Academy — Product Management source & credential directory,source-watch,Product Management,Product Management,catalog,⚠️ verify current offer,"Monitoring record, not a certificate claim. Verify the current official credential/course and price before calling it free.",Varies,Varies,Provider-dependent,Unknown,Varies,Provider-dependent,Varies,https://academy.jfrog.com/,C,Не начато,Source watch — auto review,2026-08-31,,curated,discovery
SRCX-0ddbe75a1349,United States,Juniper Networks,Juniper Networks — Product Management source & credential directory,source-watch,Product Management,Product Management,catalog,⚠️ verify current offer,"Monitoring record, not a certificate claim. Verify the current official credential/course and price before calling it free.",Varies,Varies,Provider-dependent,Unknown,Varies,Provider-dependent,Varies,https://www.juniper.net/us/en/training/certification.html,C,Не начато,Source watch — auto review,2026-08-31,,curated,discovery
SRCX-0fa510322622,United States,Keysight Technologies,Keysight Technologies — Product Management source & credential directory,source-watch,Product Management,Product Management,catalog,⚠️ verify current offer,"Monitoring record, not a certificate claim. Verify the current official credential/course and price before calling it free.",Varies,Varies,Provider-dependent,Unknown,Varies,Provider-dependent,Varies,https://www.keysight.com/us/en/learn.html,C,Не начато,Source watch — auto review,2026-08-31,,curated,discovery
SRCX-0e4f2affa34f,United States,Marvell,Marvell — Product Management source & credential directory,source-watch,Product Management,Product Management,catalog,⚠️ verify current offer,"Monitoring record, not a certificate claim. Verify the current official credential/course and price before calling it free.",Varies,Varies,Provider-dependent,Unknown,Varies,Provider-dependent,Varies,https://www.marvell.com/,C,Не начато,Source watch — auto review,2026-08-31,,curated,discovery
SRCX-04dfb4b8870b,United States,Microchip Technology,Microchip Technology — Product Management source & credential directory,source-watch,Product Management,Product Management,catalog,⚠️ verify current offer,"Monitoring record, not a certificate claim. Verify the current official credential/course and price before calling it free.",Varies,Varies,Provider-dependent,Unknown,Varies,Provider-dependent,Varies,https://www.microchip.com/en-us/training,C,Не начато,Source watch — auto review,2026-08-31,,curated,discovery
SRCX-14fd234ba4a5,United States,Microsoft,Microsoft — Product Management source & credential directory,source-watch,Product Management,Product Management,catalog,⚠️ verify current offer,"Monitoring record, not a certificate claim. Verify the current official credential/course and price before calling it free.",Varies,Varies,Provider-dependent,Unknown,Varies,Provider-dependent,Varies,https://learn.microsoft.com/credentials/,C,Не начато,Source watch — auto review,2026-08-31,,curated,discovery
SRCX-088aa0c19668,Global,OpenEDX,OpenEDX — Product Management source & credential directory,source-watch,Product Management,Product Management,catalog,⚠️ verify current offer,"Monitoring record, not a certificate claim. Verify the current official credential/course and price before calling it free.",Varies,Varies,Provider-dependent,Unknown,Varies,Provider-dependent,Varies,https://openedx.org/,C,Не начато,Source watch — auto review,2026-08-31,,curated,discovery
SRCX-12130a50016f,Global,OpenSSF,OpenSSF — Product Management source & credential directory,source-watch,Product Management,Product Management,catalog,⚠️ verify current offer,"Monitoring record, not a certificate claim. Verify the current official credential/course and price before calling it free.",Varies,Varies,Provider-dependent,Unknown,Varies,Provider-dependent,Varies,https://openssf.org/,C,Не начато,Source watch — auto review,2026-08-31,,curated,discovery
SRCX-043fb52dcdea,Global,OpenTelemetry,OpenTelemetry — Product Management source & credential directory,source-watch,Product Management,Product Management,catalog,⚠️ verify current offer,"Monitoring record, not a certificate claim. Verify the current official credential/course and price before calling it free.",Varies,Varies,Provider-dependent,Unknown,Varies,Provider-dependent,Varies,https://opentelemetry.io/,C,Не начато,Source watch — auto review,2026-08-31,,curated,discovery
SRCX-041ba83123e2,Global,OpenWHO,OpenWHO — Product Management source & credential directory,source-watch,Product Management,Product Management,catalog,⚠️ verify current offer,"Monitoring record, not a certificate claim. Verify the current official credential/course and price before calling it free.",Varies,Varies,Provider-dependent,Unknown,Varies,Provider-dependent,Varies,https://openwho.org/,C,Не начато,Source watch — auto review,2026-08-31,,curated,discovery
SRCX-07a6061450ec,Global,pandas,pandas — Product Management source & credential directory,source-watch,Product Management,Product Management,catalog,⚠️ verify current offer,"Monitoring record, not a certificate claim. Verify the current official credential/course and price before calling it free.",Varies,Varies,Provider-dependent,Unknown,Varies,Provider-dependent,Varies,https://pandas.pydata.org/,C,Не начато,Source watch — auto review,2026-08-31,,curated,discovery
SRCX-0c0e885a103c,Russia,Positive Technologies,Positive Technologies — Product Management source & credential directory,source-watch,Product Management,Product Management,catalog,⚠️ verify current offer,"Monitoring record, not a certificate claim. Verify the current official credential/course and price before calling it free.",Varies,Varies,Provider-dependent,Unknown,Varies,Provider-dependent,Varies,https://edu.ptsecurity.com/,C,Не начато,Source watch — auto review,2026-08-31,,curated,discovery
SRCX-13abbbf977a7,United States,Qlik,Qlik — Product Management source & credential directory,source-watch,Product Management,Product Management,catalog,⚠️ verify current offer,"Monitoring record, not a certificate claim. Verify the current official credential/course and price before calling it free.",Varies,Varies,Provider-dependent,Unknown,Varies,Provider-dependent,Varies,https://learning.qlik.com/,C,Не начато,Source watch — auto review,2026-08-31,,curated,discovery
SRCX-0c8b99902dfd,United States,Scrum.org,Scrum.org — Product Management source & credential directory,source-watch,Product Management,Product Management,catalog,⚠️ verify current offer,"Monitoring record, not a certificate claim. Verify the current official credential/course and price before calling it free.",Varies,Varies,Provider-dependent,Unknown,Varies,Provider-dependent,Varies,https://www.scrum.org/professional-training,C,Не начато,Source watch — auto review,2026-08-31,,curated,discovery
SRCX-15dc8fd2a24e,United States,SiFive,SiFive — Product Management source & credential directory,source-watch,Product Management,Product Management,catalog,⚠️ verify current offer,"Monitoring record, not a certificate claim. Verify the current official credential/course and price before calling it free.",Varies,Varies,Provider-dependent,Unknown,Varies,Provider-dependent,Varies,https://www.sifive.com/,C,Не начато,Source watch — auto review,2026-08-31,,curated,discovery
SRCX-1401352e09fc,United States,Snowflake,Snowflake — Product Management source & credential directory,source-watch,Product Management,Product Management,catalog,⚠️ verify current offer,"Monitoring record, not a certificate claim. Verify the current official credential/course and price before calling it free.",Varies,Varies,Provider-dependent,Unknown,Varies,Provider-dependent,Varies,https://learn.snowflake.com/,C,Не начато,Source watch — auto review,2026-08-31,,curated,discovery
SRCX-0aa652a8ccc9,Global,UNEP InforMEA,UNEP InforMEA — Product Management source & credential directory,source-watch,Product Management,Product Management,catalog,⚠️ verify current offer,"Monitoring record, not a certificate claim. Verify the current official credential/course and price before calling it free.",Varies,Varies,Provider-dependent,Unknown,Varies,Provider-dependent,Varies,https://www.informea.org/,C,Не начато,Source watch — auto review,2026-08-31,,curated,discovery
SRCX-0e0d2221f675,Switzerland,ABB,ABB — Project Management source & credential directory,source-watch,Project Management,Project Management,catalog,⚠️ verify current offer,"Monitoring record, not a certificate claim. Verify the current official credential/course and price before calling it free.",Varies,Varies,Provider-dependent,Unknown,Varies,Provider-dependent,Varies,https://new.abb.com/service/training,C,Не начато,Source watch — auto review,2026-08-31,,curated,discovery
SRCX-0f879c20ef64,Italy,Arduino,Arduino — Project Management source & credential directory,source-watch,Project Management,Project Management,catalog,⚠️ verify current offer,"Monitoring record, not a certificate claim. Verify the current official credential/course and price before calling it free.",Varies,Varies,Provider-dependent,Unknown,Varies,Provider-dependent,Varies,https://docs.arduino.cc/,C,Не начато,Source watch — auto review,2026-08-31,,curated,discovery
SRCX-07f4dd989b77,United States,ASQ,ASQ — Project Management source & credential directory,source-watch,Project Management,Project Management,catalog,⚠️ verify current offer,"Monitoring record, not a certificate claim. Verify the current official credential/course and price before calling it free.",Varies,Varies,Provider-dependent,Unknown,Varies,Provider-dependent,Varies,https://asq.org/training,C,Не начато,Source watch — auto review,2026-08-31,,curated,discovery
SRCX-11a78c1cd8b8,United States,Cisco,Cisco — Project Management source & credential directory,source-watch,Project Management,Project Management,catalog,⚠️ verify current offer,"Monitoring record, not a certificate claim. Verify the current official credential/course and price before calling it free.",Varies,Varies,Provider-dependent,Unknown,Varies,Provider-dependent,Varies,https://www.netacad.com/,C,Не начато,Source watch — auto review,2026-08-31,,curated,discovery
SRCX-0bd892ff5ead,United States,CrowdStrike,CrowdStrike — Project Management source & credential directory,source-watch,Project Management,Project Management,catalog,⚠️ verify current offer,"Monitoring record, not a certificate claim. Verify the current official credential/course and price before calling it free.",Varies,Varies,Provider-dependent,Unknown,Varies,Provider-dependent,Varies,https://www.crowdstrike.com/services/education/,C,Не начато,Source watch — auto review,2026-08-31,,curated,discovery
SRCX-0b8c3662070f,France,Dassault Aviation,Dassault Aviation — Project Management source & credential directory,source-watch,Project Management,Project Management,catalog,⚠️ verify current offer,"Monitoring record, not a certificate claim. Verify the current official credential/course and price before calling it free.",Varies,Varies,Provider-dependent,Unknown,Varies,Provider-dependent,Varies,https://www.dassault-aviation.com/,C,Не начато,Source watch — auto review,2026-08-31,,curated,discovery
SRCX-08434c8a8e9d,United States,Elastic,Elastic — Project Management source & credential directory,source-watch,Project Management,Project Management,catalog,⚠️ verify current offer,"Monitoring record, not a certificate claim. Verify the current official credential/course and price before calling it free.",Varies,Varies,Provider-dependent,Unknown,Varies,Provider-dependent,Varies,https://www.elastic.co/training/,C,Не начато,Source watch — auto review,2026-08-31,,curated,discovery
SRCX-09be17e4541a,European Union,EU Academy,EU Academy — Project Management source & credential directory,source-watch,Project Management,Project Management,catalog,⚠️ verify current offer,"Monitoring record, not a certificate claim. Verify the current official credential/course and price before calling it free.",Varies,Varies,Provider-dependent,Unknown,Varies,Provider-dependent,Varies,https://academy.europa.eu/,C,Не начато,Source watch — auto review,2026-08-31,,curated,discovery
SRCX-12cfca32abd3,United Kingdom/Global,GSMA,GSMA — Project Management source & credential directory,source-watch,Project Management,Project Management,catalog,⚠️ verify current offer,"Monitoring record, not a certificate claim. Verify the current official credential/course and price before calling it free.",Varies,Varies,Provider-dependent,Unknown,Varies,Provider-dependent,Varies,https://www.gsma.com/,C,Не начато,Source watch — auto review,2026-08-31,,curated,discovery
SRCX-15d3c5485cf6,United States,ISACA,ISACA — Project Management source & credential directory,source-watch,Project Management,Project Management,catalog,⚠️ verify current offer,"Monitoring record, not a certificate claim. Verify the current official credential/course and price before calling it free.",Varies,Varies,Provider-dependent,Unknown,Varies,Provider-dependent,Varies,https://www.isaca.org/credentialing,C,Не начато,Source watch — auto review,2026-08-31,,curated,discovery
SRCX-07a47b8e033d,Global,ITU Academy,ITU Academy — Project Management source & credential directory,source-watch,Project Management,Project Management,catalog,⚠️ verify current offer,"Monitoring record, not a certificate claim. Verify the current official credential/course and price before calling it free.",Varies,Varies,Provider-dependent,Unknown,Varies,Provider-dependent,Varies,https://academy.itu.int/,C,Не начато,Source watch — auto review,2026-08-31,,curated,discovery
SRCX-0a2af4b16f0f,United States,Juniper Networks,Juniper Networks — Project Management source & credential directory,source-watch,Project Management,Project Management,catalog,⚠️ verify current offer,"Monitoring record, not a certificate claim. Verify the current official credential/course and price before calling it free.",Varies,Varies,Provider-dependent,Unknown,Varies,Provider-dependent,Varies,https://www.juniper.net/us/en/training/certification.html,C,Не начато,Source watch — auto review,2026-08-31,,curated,discovery
SRCX-10304d26014c,United States,MIT OpenCourseWare,MIT OpenCourseWare — Project Management source & credential directory,source-watch,Project Management,Project Management,catalog,⚠️ verify current offer,"Monitoring record, not a certificate claim. Verify the current official credential/course and price before calling it free.",Varies,Varies,Provider-dependent,Unknown,Varies,Provider-dependent,Varies,https://ocw.mit.edu/,C,Не начато,Source watch — auto review,2026-08-31,,curated,discovery
SRCX-0238a760d311,United States,Postman,Postman — Project Management source & credential directory,source-watch,Project Management,Project Management,catalog,⚠️ verify current offer,"Monitoring record, not a certificate claim. Verify the current official credential/course and price before calling it free.",Varies,Varies,Provider-dependent,Unknown,Varies,Provider-dependent,Varies,https://academy.postman.com/,C,Не начато,Source watch — auto review,2026-08-31,,curated,discovery
SRCX-0268fcda96d2,Global,ROS,ROS — Project Management source & credential directory,source-watch,Project Management,Project Management,catalog,⚠️ verify current offer,"Monitoring record, not a certificate claim. Verify the current official credential/course and price before calling it free.",Varies,Varies,Provider-dependent,Unknown,Varies,Provider-dependent,Varies,https://www.ros.org/,C,Не начато,Source watch — auto review,2026-08-31,,curated,discovery
SRCX-11572a1a06e0,United States,SAE International,SAE International — Project Management source & credential directory,source-watch,Project Management,Project Management,catalog,⚠️ verify current offer,"Monitoring record, not a certificate claim. Verify the current official credential/course and price before calling it free.",Varies,Varies,Provider-dependent,Unknown,Varies,Provider-dependent,Varies,https://www.sae.org/learn,C,Не начато,Source watch — auto review,2026-08-31,,curated,discovery
SRCX-12f7ee23e09c,Global,Scikit-learn,Scikit-learn — Project Management source & credential directory,source-watch,Project Management,Project Management,catalog,⚠️ verify current offer,"Monitoring record, not a certificate claim. Verify the current official credential/course and price before calling it free.",Varies,Varies,Provider-dependent,Unknown,Varies,Provider-dependent,Varies,https://scikit-learn.org/,C,Не начато,Source watch — auto review,2026-08-31,,curated,discovery
SRCX-07addd254a50,United States,Silicon Labs,Silicon Labs — Project Management source & credential directory,source-watch,Project Management,Project Management,catalog,⚠️ verify current offer,"Monitoring record, not a certificate claim. Verify the current official credential/course and price before calling it free.",Varies,Varies,Provider-dependent,Unknown,Varies,Provider-dependent,Varies,https://www.silabs.com/training,C,Не начато,Source watch — auto review,2026-08-31,,curated,discovery
SRCX-04874a6d379e,United States,Xilinx / AMD Adaptive Computing,Xilinx / AMD Adaptive Computing — Project Management source & credential directory,source-watch,Project Management,Project Management,catalog,⚠️ verify current offer,"Monitoring record, not a certificate claim. Verify the current official credential/course and price before calling it free.",Varies,Varies,Provider-dependent,Unknown,Varies,Provider-dependent,Varies,https://www.amd.com/en/corporate/university-programs.html,C,Не начато,Source watch — auto review,2026-08-31,,curated,discovery
SRCX-15aec0735492,Russia,Открытое образование,Открытое образование — Project Management source & credential directory,source-watch,Project Management,Project Management,catalog,⚠️ verify current offer,"Monitoring record, not a certificate claim. Verify the current official credential/course and price before calling it free.",Varies,Varies,Provider-dependent,Unknown,Varies,Provider-dependent,Varies,https://openedu.ru/,C,Не начато,Source watch — auto review,2026-08-31,,curated,discovery
SRCX-0f8eb1ec62a8,Global,Apache Airflow,Apache Airflow — Python source & credential directory,source-watch,Python,Python,catalog,⚠️ verify current offer,"Monitoring record, not a certificate claim. Verify the current official credential/course and price before calling it free.",Varies,Varies,Provider-dependent,Unknown,Varies,Provider-dependent,Varies,https://airflow.apache.org/,C,Не начато,Source watch — auto review,2026-08-31,,curated,discovery
SRCX-06ca29c833aa,Global,Apache Software Foundation,Apache Software Foundation — Python source & credential directory,source-watch,Python,Python,catalog,⚠️ verify current offer,"Monitoring record, not a certificate claim. Verify the current official credential/course and price before calling it free.",Varies,Varies,Provider-dependent,Unknown,Varies,Provider-dependent,Varies,https://www.apache.org/,C,Не начато,Source watch — auto review,2026-08-31,,curated,discovery
SRCX-0c7b588a8d9d,United States,Autodesk,Autodesk — Python source & credential directory,source-watch,Python,Python,catalog,⚠️ verify current offer,"Monitoring record, not a certificate claim. Verify the current official credential/course and price before calling it free.",Varies,Varies,Provider-dependent,Unknown,Varies,Provider-dependent,Varies,https://www.autodesk.com/certification/overview,C,Не начато,Source watch — auto review,2026-08-31,,curated,discovery
SRCX-0edaafbfb83b,United States,Class Central,Class Central — Python source & credential directory,source-watch,Python,Python,catalog,⚠️ verify current offer,"Monitoring record, not a certificate claim. Verify the current official credential/course and price before calling it free.",Varies,Varies,Provider-dependent,Unknown,Varies,Provider-dependent,Varies,https://www.classcentral.com/,C,Не начато,Source watch — auto review,2026-08-31,,curated,discovery
SRCX-06b30e1582b9,United States,Cloudflare,Cloudflare — Python source & credential directory,source-watch,Python,Python,catalog,⚠️ verify current offer,"Monitoring record, not a certificate claim. Verify the current official credential/course and price before calling it free.",Varies,Varies,Provider-dependent,Unknown,Varies,Provider-dependent,Varies,https://www.cloudflare.com/learning/,C,Не начато,Source watch — auto review,2026-08-31,,curated,discovery
SRCX-0af95089cb9e,United States,CrowdStrike,CrowdStrike — Python source & credential directory,source-watch,Python,Python,catalog,⚠️ verify current offer,"Monitoring record, not a certificate claim. Verify the current official credential/course and price before calling it free.",Varies,Varies,Provider-dependent,Unknown,Varies,Provider-dependent,Varies,https://www.crowdstrike.com/services/education/,C,Не начато,Source watch — auto review,2026-08-31,,curated,discovery
SRCX-1533f9d3c96e,European Union,EIT Manufacturing,EIT Manufacturing — Python source & credential directory,source-watch,Python,Python,catalog,⚠️ verify current offer,"Monitoring record, not a certificate claim. Verify the current official credential/course and price before calling it free.",Varies,Varies,Provider-dependent,Unknown,Varies,Provider-dependent,Varies,https://www.eitmanufacturing.eu/,C,Не начато,Source watch — auto review,2026-08-31,,curated,discovery
SRCX-131c30c10b2d,United States,Elastic,Elastic — Python source & credential directory,source-watch,Python,Python,catalog,⚠️ verify current offer,"Monitoring record, not a certificate claim. Verify the current official credential/course and price before calling it free.",Varies,Varies,Provider-dependent,Unknown,Varies,Provider-dependent,Varies,https://www.elastic.co/training/,C,Не начато,Source watch — auto review,2026-08-31,,curated,discovery
SRCX-0fc1ea8600e5,Switzerland,IEC,IEC — Python source & credential directory,source-watch,Python,Python,catalog,⚠️ verify current offer,"Monitoring record, not a certificate claim. Verify the current official credential/course and price before calling it free.",Varies,Varies,Provider-dependent,Unknown,Varies,Provider-dependent,Varies,https://www.iec.ch/,C,Не начато,Source watch — auto review,2026-08-31,,curated,discovery
SRCX-1546c03f6f84,United States,Keysight Technologies,Keysight Technologies — Python source & credential directory,source-watch,Python,Python,catalog,⚠️ verify current offer,"Monitoring record, not a certificate claim. Verify the current official credential/course and price before calling it free.",Varies,Varies,Provider-dependent,Unknown,Varies,Provider-dependent,Varies,https://www.keysight.com/us/en/learn.html,C,Не начато,Source watch — auto review,2026-08-31,,curated,discovery
SRCX-0f27c6f8530e,Switzerland,KNIME,KNIME — Python source & credential directory,source-watch,Python,Python,catalog,⚠️ verify current offer,"Monitoring record, not a certificate claim. Verify the current official credential/course and price before calling it free.",Varies,Varies,Provider-dependent,Unknown,Varies,Provider-dependent,Varies,https://www.knime.com/learning,C,Не начато,Source watch — auto review,2026-08-31,,curated,discovery
SRCX-02593ef12fb7,Global,Kubernetes,Kubernetes — Python source & credential directory,source-watch,Python,Python,catalog,⚠️ verify current offer,"Monitoring record, not a certificate claim. Verify the current official credential/course and price before calling it free.",Varies,Varies,Provider-dependent,Unknown,Varies,Provider-dependent,Varies,https://kubernetes.io/training/,C,Не начато,Source watch — auto review,2026-08-31,,curated,discovery
SRCX-039e9d420dab,Canada,Linux Professional Institute,Linux Professional Institute — Python source & credential directory,source-watch,Python,Python,catalog,⚠️ verify current offer,"Monitoring record, not a certificate claim. Verify the current official credential/course and price before calling it free.",Varies,Varies,Provider-dependent,Unknown,Varies,Provider-dependent,Varies,https://www.lpi.org/,C,Не начато,Source watch — auto review,2026-08-31,,curated,discovery
SRCX-121e34529a80,United States,NOAA,NOAA — Python source & credential directory,source-watch,Python,Python,catalog,⚠️ verify current offer,"Monitoring record, not a certificate claim. Verify the current official credential/course and price before calling it free.",Varies,Varies,Provider-dependent,Unknown,Varies,Provider-dependent,Varies,https://www.noaa.gov/education,C,Не начато,Source watch — auto review,2026-08-31,,curated,discovery
SRCX-01a190516c22,United States,NVIDIA,NVIDIA — Python source & credential directory,source-watch,Python,Python,catalog,⚠️ verify current offer,"Monitoring record, not a certificate claim. Verify the current official credential/course and price before calling it free.",Varies,Varies,Provider-dependent,Unknown,Varies,Provider-dependent,Varies,https://www.nvidia.com/training/,C,Не начато,Source watch — auto review,2026-08-31,,curated,discovery
SRCX-13b2f86158bb,United Kingdom,PortSwigger,PortSwigger — Python source & credential directory,source-watch,Python,Python,catalog,⚠️ verify current offer,"Monitoring record, not a certificate claim. Verify the current official credential/course and price before calling it free.",Varies,Varies,Provider-dependent,Unknown,Varies,Provider-dependent,Varies,https://portswigger.net/web-security,C,Не начато,Source watch — auto review,2026-08-31,,curated,discovery
SRCX-1306c1531529,Global,ROS,ROS — Python source & credential directory,source-watch,Python,Python,catalog,⚠️ verify current offer,"Monitoring record, not a certificate claim. Verify the current official credential/course and price before calling it free.",Varies,Varies,Provider-dependent,Unknown,Varies,Provider-dependent,Varies,https://www.ros.org/,C,Не начато,Source watch — auto review,2026-08-31,,curated,discovery
SRCX-028d5bb754d9,Global,Scikit-learn,Scikit-learn — Python source & credential directory,source-watch,Python,Python,catalog,⚠️ verify current offer,"Monitoring record, not a certificate claim. Verify the current official credential/course and price before calling it free.",Varies,Varies,Provider-dependent,Unknown,Varies,Provider-dependent,Varies,https://scikit-learn.org/,C,Не начато,Source watch — auto review,2026-08-31,,curated,discovery
SRCX-00b4593a2864,Switzerland,Web3 Foundation,Web3 Foundation — Python source & credential directory,source-watch,Python,Python,catalog,⚠️ verify current offer,"Monitoring record, not a certificate claim. Verify the current official credential/course and price before calling it free.",Varies,Varies,Provider-dependent,Unknown,Varies,Provider-dependent,Varies,https://web3.foundation/,C,Не начато,Source watch — auto review,2026-08-31,,curated,discovery
SRCX-07f6c6b86550,Russia,1C,1C — QA Automation source & credential directory,source-watch,QA Automation,QA Automation,catalog,⚠️ verify current offer,"Monitoring record, not a certificate claim. Verify the current official credential/course and price before calling it free.",Varies,Varies,Provider-dependent,Unknown,Varies,Provider-dependent,Varies,https://1c.ru/,C,Не начато,Source watch — auto review,2026-08-31,,curated,discovery
SRCX-09513c2d27e4,European Union,EIT Climate-KIC,EIT Climate-KIC — QA Automation source & credential directory,source-watch,QA Automation,QA Automation,catalog,⚠️ verify current offer,"Monitoring record, not a certificate claim. Verify the current official credential/course and price before calling it free.",Varies,Varies,Provider-dependent,Unknown,Varies,Provider-dependent,Varies,https://www.climate-kic.org/,C,Не начато,Source watch — auto review,2026-08-31,,curated,discovery
SRCX-029904fe39a4,European Union,EIT Health,EIT Health — QA Automation source & credential directory,source-watch,QA Automation,QA Automation,catalog,⚠️ verify current offer,"Monitoring record, not a certificate claim. Verify the current official credential/course and price before calling it free.",Varies,Varies,Provider-dependent,Unknown,Varies,Provider-dependent,Varies,https://eithealth.eu/,C,Не начато,Source watch — auto review,2026-08-31,,curated,discovery
SRCX-0592c3230396,United States/Global,FIRST Robotics,FIRST Robotics — QA Automation source & credential directory,source-watch,QA Automation,QA Automation,catalog,⚠️ verify current offer,"Monitoring record, not a certificate claim. Verify the current official credential/course and price before calling it free.",Varies,Varies,Provider-dependent,Unknown,Varies,Provider-dependent,Varies,https://www.firstinspires.org/,C,Не начато,Source watch — auto review,2026-08-31,,curated,discovery
SRCX-15fa9db7424d,United States,Google for Developers,Google for Developers — QA Automation source & credential directory,source-watch,QA Automation,QA Automation,catalog,⚠️ verify current offer,"Monitoring record, not a certificate claim. Verify the current official credential/course and price before calling it free.",Varies,Varies,Provider-dependent,Unknown,Varies,Provider-dependent,Varies,https://developers.google.com/profile/badges,C,Не начато,Source watch — auto review,2026-08-31,,curated,discovery
SRCX-0bbf3495bc0d,Switzerland,ISO,ISO — QA Automation source & credential directory,source-watch,QA Automation,QA Automation,catalog,⚠️ verify current offer,"Monitoring record, not a certificate claim. Verify the current official credential/course and price before calling it free.",Varies,Varies,Provider-dependent,Unknown,Varies,Provider-dependent,Varies,https://www.iso.org/training.html,C,Не начато,Source watch — auto review,2026-08-31,,curated,discovery
SRCX-025dc26ca996,Global,ITU Academy,ITU Academy — QA Automation source & credential directory,source-watch,QA Automation,QA Automation,catalog,⚠️ verify current offer,"Monitoring record, not a certificate claim. Verify the current official credential/course and price before calling it free.",Varies,Varies,Provider-dependent,Unknown,Varies,Provider-dependent,Varies,https://academy.itu.int/,C,Не начато,Source watch — auto review,2026-08-31,,curated,discovery
SRCX-03df1969fb4f,Czech Republic,JetBrains Academy,JetBrains Academy — QA Automation source & credential directory,source-watch,QA Automation,QA Automation,catalog,⚠️ verify current offer,"Monitoring record, not a certificate claim. Verify the current official credential/course and price before calling it free.",Varies,Varies,Provider-dependent,Unknown,Varies,Provider-dependent,Varies,https://www.jetbrains.com/academy/,C,Не начато,Source watch — auto review,2026-08-31,,curated,discovery
SRCX-14adc2891b54,Australia,Jira Service Management,Jira Service Management — QA Automation source & credential directory,source-watch,QA Automation,QA Automation,catalog,⚠️ verify current offer,"Monitoring record, not a certificate claim. Verify the current official credential/course and price before calling it free.",Varies,Varies,Provider-dependent,Unknown,Varies,Provider-dependent,Varies,https://university.atlassian.com/,C,Не начато,Source watch — auto review,2026-08-31,,curated,discovery
SRCX-01cb5ec3c6f4,United States,Kaggle,Kaggle — QA Automation source & credential directory,source-watch,QA Automation,QA Automation,catalog,⚠️ verify current offer,"Monitoring record, not a certificate claim. Verify the current official credential/course and price before calling it free.",Varies,Varies,Provider-dependent,Unknown,Varies,Provider-dependent,Varies,https://www.kaggle.com/learn,C,Не начато,Source watch — auto review,2026-08-31,,curated,discovery
SRCX-14fcd64f2975,Japan,Mitsubishi Electric,Mitsubishi Electric — QA Automation source & credential directory,source-watch,QA Automation,QA Automation,catalog,⚠️ verify current offer,"Monitoring record, not a certificate claim. Verify the current official credential/course and price before calling it free.",Varies,Varies,Provider-dependent,Unknown,Varies,Provider-dependent,Varies,https://us.mitsubishielectric.com/fa/en/learn/,C,Не начато,Source watch — auto review,2026-08-31,,curated,discovery
SRCX-1528d016ac59,United States,NOAA,NOAA — QA Automation source & credential directory,source-watch,QA Automation,QA Automation,catalog,⚠️ verify current offer,"Monitoring record, not a certificate claim. Verify the current official credential/course and price before calling it free.",Varies,Varies,Provider-dependent,Unknown,Varies,Provider-dependent,Varies,https://www.noaa.gov/education,C,Не начато,Source watch — auto review,2026-08-31,,curated,discovery
SRCX-10b7bd66a112,Global,NumPy,NumPy — QA Automation source & credential directory,source-watch,QA Automation,QA Automation,catalog,⚠️ verify current offer,"Monitoring record, not a certificate claim. Verify the current official credential/course and price before calling it free.",Varies,Varies,Provider-dependent,Unknown,Varies,Provider-dependent,Varies,https://numpy.org/,C,Не начато,Source watch — auto review,2026-08-31,,curated,discovery
SRCX-021b0b2f668d,Japan,Omron,Omron — QA Automation source & credential directory,source-watch,QA Automation,QA Automation,catalog,⚠️ verify current offer,"Monitoring record, not a certificate claim. Verify the current official credential/course and price before calling it free.",Varies,Varies,Provider-dependent,Unknown,Varies,Provider-dependent,Varies,https://www.omron.com/global/en/technology/training/,C,Не начато,Source watch — auto review,2026-08-31,,curated,discovery
SRCX-0e7d6acd2fa0,Russia,Roscosmos Education,Roscosmos Education — QA Automation source & credential directory,source-watch,QA Automation,QA Automation,catalog,⚠️ verify current offer,"Monitoring record, not a certificate claim. Verify the current official credential/course and price before calling it free.",Varies,Varies,Provider-dependent,Unknown,Varies,Provider-dependent,Varies,https://www.roscosmos.ru/,C,Не начато,Source watch — auto review,2026-08-31,,curated,discovery
SRCX-01285c149500,United States,TensorFlow,TensorFlow — QA Automation source & credential directory,source-watch,QA Automation,QA Automation,catalog,⚠️ verify current offer,"Monitoring record, not a certificate claim. Verify the current official credential/course and price before calling it free.",Varies,Varies,Provider-dependent,Unknown,Varies,Provider-dependent,Varies,https://www.tensorflow.org/certificate,C,Не начато,Source watch — auto review,2026-08-31,,curated,discovery
SRCX-06950da45c79,United States,Texas Instruments,Texas Instruments — QA Automation source & credential directory,source-watch,QA Automation,QA Automation,catalog,⚠️ verify current offer,"Monitoring record, not a certificate claim. Verify the current official credential/course and price before calling it free.",Varies,Varies,Provider-dependent,Unknown,Varies,Provider-dependent,Varies,https://training.ti.com/,C,Не начато,Source watch — auto review,2026-08-31,,curated,discovery
SRCX-0f4aafffbd3a,United States,ASQ,ASQ — Quantum Computing source & credential directory,source-watch,Quantum Computing,Quantum Computing,catalog,⚠️ verify current offer,"Monitoring record, not a certificate claim. Verify the current official credential/course and price before calling it free.",Varies,Varies,Provider-dependent,Unknown,Varies,Provider-dependent,Varies,https://asq.org/training,C,Не начато,Source watch — auto review,2026-08-31,,curated,discovery
SRCX-07480b3a31f1,Global,Chainlink,Chainlink — Quantum Computing source & credential directory,source-watch,Quantum Computing,Quantum Computing,catalog,⚠️ verify current offer,"Monitoring record, not a certificate claim. Verify the current official credential/course and price before calling it free.",Varies,Varies,Provider-dependent,Unknown,Varies,Provider-dependent,Varies,https://docs.chain.link/,C,Не начато,Source watch — auto review,2026-08-31,,curated,discovery
SRCX-07724ef12d6c,Global,Cloud Security Alliance,Cloud Security Alliance — Quantum Computing source & credential directory,source-watch,Quantum Computing,Quantum Computing,catalog,⚠️ verify current offer,"Monitoring record, not a certificate claim. Verify the current official credential/course and price before calling it free.",Varies,Varies,Provider-dependent,Unknown,Varies,Provider-dependent,Varies,https://cloudsecurityalliance.org/education,C,Не начато,Source watch — auto review,2026-08-31,,curated,discovery
SRCX-093716bf5eed,European Union,EIT Climate-KIC,EIT Climate-KIC — Quantum Computing source & credential directory,source-watch,Quantum Computing,Quantum Computing,catalog,⚠️ verify current offer,"Monitoring record, not a certificate claim. Verify the current official credential/course and price before calling it free.",Varies,Varies,Provider-dependent,Unknown,Varies,Provider-dependent,Varies,https://www.climate-kic.org/,C,Не начато,Source watch — auto review,2026-08-31,,curated,discovery
SRCX-1078df5f8b0d,United Kingdom,FutureLearn,FutureLearn — Quantum Computing source & credential directory,source-watch,Quantum Computing,Quantum Computing,catalog,⚠️ verify current offer,"Monitoring record, not a certificate claim. Verify the current official credential/course and price before calling it free.",Varies,Varies,Provider-dependent,Unknown,Varies,Provider-dependent,Varies,https://www.futurelearn.com/,C,Не начато,Source watch — auto review,2026-08-31,,curated,discovery
SRCX-0b83e1621fc5,Global,ITU Academy,ITU Academy — Quantum Computing source & credential directory,source-watch,Quantum Computing,Quantum Computing,catalog,⚠️ verify current offer,"Monitoring record, not a certificate claim. Verify the current official credential/course and price before calling it free.",Varies,Varies,Provider-dependent,Unknown,Varies,Provider-dependent,Varies,https://academy.itu.int/,C,Не начато,Source watch — auto review,2026-08-31,,curated,discovery
SRCX-09e133acd631,United States,Lattice Semiconductor,Lattice Semiconductor — Quantum Computing source & credential directory,source-watch,Quantum Computing,Quantum Computing,catalog,⚠️ verify current offer,"Monitoring record, not a certificate claim. Verify the current official credential/course and price before calling it free.",Varies,Varies,Provider-dependent,Unknown,Varies,Provider-dependent,Varies,https://www.latticesemi.com/Support,C,Не начато,Source watch — auto review,2026-08-31,,curated,discovery
SRCX-13eaca0fa5f3,Canada,Linux Professional Institute,Linux Professional Institute — Quantum Computing source & credential directory,source-watch,Quantum Computing,Quantum Computing,catalog,⚠️ verify current offer,"Monitoring record, not a certificate claim. Verify the current official credential/course and price before calling it free.",Varies,Varies,Provider-dependent,Unknown,Varies,Provider-dependent,Varies,https://www.lpi.org/,C,Не начато,Source watch — auto review,2026-08-31,,curated,discovery
SRCX-060797b5c05c,United States,Oracle,Oracle — Quantum Computing source & credential directory,source-watch,Quantum Computing,Quantum Computing,catalog,⚠️ verify current offer,"Monitoring record, not a certificate claim. Verify the current official credential/course and price before calling it free.",Varies,Varies,Provider-dependent,Unknown,Varies,Provider-dependent,Varies,https://www.oracle.com/education/certification/,C,Не начато,Source watch — auto review,2026-08-31,,curated,discovery
SRCX-0c2104f01f7a,United States,Sentry,Sentry — Quantum Computing source & credential directory,source-watch,Quantum Computing,Quantum Computing,catalog,⚠️ verify current offer,"Monitoring record, not a certificate claim. Verify the current official credential/course and price before calling it free.",Varies,Varies,Provider-dependent,Unknown,Varies,Provider-dependent,Varies,https://sentry.io/resources/,C,Не начато,Source watch — auto review,2026-08-31,,curated,discovery
SRCX-000e733ab456,United States,SiFive,SiFive — Quantum Computing source & credential directory,source-watch,Quantum Computing,Quantum Computing,catalog,⚠️ verify current offer,"Monitoring record, not a certificate claim. Verify the current official credential/course and price before calling it free.",Varies,Varies,Provider-dependent,Unknown,Varies,Provider-dependent,Varies,https://www.sifive.com/,C,Не начато,Source watch — auto review,2026-08-31,,curated,discovery
SRCX-08d715719911,Global,UNEP InforMEA,UNEP InforMEA — Quantum Computing source & credential directory,source-watch,Quantum Computing,Quantum Computing,catalog,⚠️ verify current offer,"Monitoring record, not a certificate claim. Verify the current official credential/course and price before calling it free.",Varies,Varies,Provider-dependent,Unknown,Varies,Provider-dependent,Varies,https://www.informea.org/,C,Не начато,Source watch — auto review,2026-08-31,,curated,discovery
SRCX-1007434b4d41,United States,Unity,Unity — Quantum Computing source & credential directory,source-watch,Quantum Computing,Quantum Computing,catalog,⚠️ verify current offer,"Monitoring record, not a certificate claim. Verify the current official credential/course and price before calling it free.",Varies,Varies,Provider-dependent,Unknown,Varies,Provider-dependent,Varies,https://learn.unity.com/,C,Не начато,Source watch — auto review,2026-08-31,,curated,discovery
SRCX-0e68988b14a9,United States,USGS,USGS — Quantum Computing source & credential directory,source-watch,Quantum Computing,Quantum Computing,catalog,⚠️ verify current offer,"Monitoring record, not a certificate claim. Verify the current official credential/course and price before calling it free.",Varies,Varies,Provider-dependent,Unknown,Varies,Provider-dependent,Varies,https://www.usgs.gov/educational-resources,C,Не начато,Source watch — auto review,2026-08-31,,curated,discovery
SRCX-1366f05019fe,Switzerland,Web3 Foundation,Web3 Foundation — Quantum Computing source & credential directory,source-watch,Quantum Computing,Quantum Computing,catalog,⚠️ verify current offer,"Monitoring record, not a certificate claim. Verify the current official credential/course and price before calling it free.",Varies,Varies,Provider-dependent,Unknown,Varies,Provider-dependent,Varies,https://web3.foundation/,C,Не начато,Source watch — auto review,2026-08-31,,curated,discovery
SRCX-0e8523337ba9,Russia,Открытое образование,Открытое образование — Quantum Computing source & credential directory,source-watch,Quantum Computing,Quantum Computing,catalog,⚠️ verify current offer,"Monitoring record, not a certificate claim. Verify the current official credential/course and price before calling it free.",Varies,Varies,Provider-dependent,Unknown,Varies,Provider-dependent,Varies,https://openedu.ru/,C,Не начато,Source watch — auto review,2026-08-31,,curated,discovery
SRCX-0c4ce6aaa519,Global,Cloud Native Computing Foundation,Cloud Native Computing Foundation — RF source & credential directory,source-watch,RF,RF,catalog,⚠️ verify current offer,"Monitoring record, not a certificate claim. Verify the current official credential/course and price before calling it free.",Varies,Varies,Provider-dependent,Unknown,Varies,Provider-dependent,Varies,https://www.cncf.io/training/,C,Не начато,Source watch — auto review,2026-08-31,,curated,discovery
SRCX-02f79ffba794,United States,EC-Council,EC-Council — RF source & credential directory,source-watch,RF,RF,catalog,⚠️ verify current offer,"Monitoring record, not a certificate claim. Verify the current official credential/course and price before calling it free.",Varies,Varies,Provider-dependent,Unknown,Varies,Provider-dependent,Varies,https://www.eccouncil.org/train-certify/,C,Не начато,Source watch — auto review,2026-08-31,,curated,discovery
SRCX-07d7b0ff8fb7,European Union,EIT Digital,EIT Digital — RF source & credential directory,source-watch,RF,RF,catalog,⚠️ verify current offer,"Monitoring record, not a certificate claim. Verify the current official credential/course and price before calling it free.",Varies,Varies,Provider-dependent,Unknown,Varies,Provider-dependent,Varies,https://www.eitdigital.eu/,C,Не начато,Source watch — auto review,2026-08-31,,curated,discovery
SRCX-0f9604c24718,United States,Keysight Technologies,Keysight Technologies — RF source & credential directory,source-watch,RF,RF,catalog,⚠️ verify current offer,"Monitoring record, not a certificate claim. Verify the current official credential/course and price before calling it free.",Varies,Varies,Provider-dependent,Unknown,Varies,Provider-dependent,Varies,https://www.keysight.com/us/en/learn.html,C,Не начато,Source watch — auto review,2026-08-31,,curated,discovery
SRCX-00d461a467b2,Global,Kubernetes,Kubernetes — RF source & credential directory,source-watch,RF,RF,catalog,⚠️ verify current offer,"Monitoring record, not a certificate claim. Verify the current official credential/course and price before calling it free.",Varies,Varies,Provider-dependent,Unknown,Varies,Provider-dependent,Varies,https://kubernetes.io/training/,C,Не начато,Source watch — auto review,2026-08-31,,curated,discovery
SRCX-0cb44303a086,United States,NI,NI — RF source & credential directory,source-watch,RF,RF,catalog,⚠️ verify current offer,"Monitoring record, not a certificate claim. Verify the current official credential/course and price before calling it free.",Varies,Varies,Provider-dependent,Unknown,Varies,Provider-dependent,Varies,https://www.ni.com/training/,C,Не начато,Source watch — auto review,2026-08-31,,curated,discovery
SRCX-15a8f9949efd,United States,NIST,NIST — RF source & credential directory,source-watch,RF,RF,catalog,⚠️ verify current offer,"Monitoring record, not a certificate claim. Verify the current official credential/course and price before calling it free.",Varies,Varies,Provider-dependent,Unknown,Varies,Provider-dependent,Varies,https://www.nist.gov/,C,Не начато,Source watch — auto review,2026-08-31,,curated,discovery
SRCX-0603857e4498,Norway,Nordic Semiconductor,Nordic Semiconductor — RF source & credential directory,source-watch,RF,RF,catalog,⚠️ verify current offer,"Monitoring record, not a certificate claim. Verify the current official credential/course and price before calling it free.",Varies,Varies,Provider-dependent,Unknown,Varies,Provider-dependent,Varies,https://www.nordicsemi.com/Products/Development-tools/nRF-Connect-SDK,C,Не начато,Source watch — auto review,2026-08-31,,curated,discovery
SRCX-11d94d520aeb,Global,OpenWHO,OpenWHO — RF source & credential directory,source-watch,RF,RF,catalog,⚠️ verify current offer,"Monitoring record, not a certificate claim. Verify the current official credential/course and price before calling it free.",Varies,Varies,Provider-dependent,Unknown,Varies,Provider-dependent,Varies,https://openwho.org/,C,Не начато,Source watch — auto review,2026-08-31,,curated,discovery
SRCX-0b7b1002ba91,Global,OWASP,OWASP — RF source & credential directory,source-watch,RF,RF,catalog,⚠️ verify current offer,"Monitoring record, not a certificate claim. Verify the current official credential/course and price before calling it free.",Varies,Varies,Provider-dependent,Unknown,Varies,Provider-dependent,Varies,https://owasp.org/,C,Не начато,Source watch — auto review,2026-08-31,,curated,discovery
SRCX-0463d61e328c,Global,QGIS,QGIS — RF source & credential directory,source-watch,RF,RF,catalog,⚠️ verify current offer,"Monitoring record, not a certificate claim. Verify the current official credential/course and price before calling it free.",Varies,Varies,Provider-dependent,Unknown,Varies,Provider-dependent,Varies,https://www.qgis.org/en/site/forusers/trainingmaterial/,C,Не начато,Source watch — auto review,2026-08-31,,curated,discovery
SRCX-02b6a864c5da,Russia,Т-Банк Education,Т-Банк Education — RF source & credential directory,source-watch,RF,RF,catalog,⚠️ verify current offer,"Monitoring record, not a certificate claim. Verify the current official credential/course and price before calling it free.",Varies,Varies,Provider-dependent,Unknown,Varies,Provider-dependent,Varies,https://education.tbank.ru/,C,Не начато,Source watch — auto review,2026-08-31,,curated,discovery
SRCX-03d7c5bf2aae,United States,Class Central,Class Central — RISC-V source & credential directory,source-watch,RISC-V,RISC-V,catalog,⚠️ verify current offer,"Monitoring record, not a certificate claim. Verify the current official credential/course and price before calling it free.",Varies,Varies,Provider-dependent,Unknown,Varies,Provider-dependent,Varies,https://www.classcentral.com/,C,Не начато,Source watch — auto review,2026-08-31,,curated,discovery
SRCX-1215a8872799,Global,Coursera,Coursera — RISC-V source & credential directory,source-watch,RISC-V,RISC-V,catalog,⚠️ verify current offer,"Monitoring record, not a certificate claim. Verify the current official credential/course and price before calling it free.",Varies,Varies,Provider-dependent,Unknown,Varies,Provider-dependent,Varies,https://www.coursera.org/,C,Не начато,Source watch — auto review,2026-08-31,,curated,discovery
SRCX-0d34267140c0,United States,CrowdStrike,CrowdStrike — RISC-V source & credential directory,source-watch,RISC-V,RISC-V,catalog,⚠️ verify current offer,"Monitoring record, not a certificate claim. Verify the current official credential/course and price before calling it free.",Varies,Varies,Provider-dependent,Unknown,Varies,Provider-dependent,Varies,https://www.crowdstrike.com/services/education/,C,Не начато,Source watch — auto review,2026-08-31,,curated,discovery
SRCX-14807fc78f6c,European Union,EIT Health,EIT Health — RISC-V source & credential directory,source-watch,RISC-V,RISC-V,catalog,⚠️ verify current offer,"Monitoring record, not a certificate claim. Verify the current official credential/course and price before calling it free.",Varies,Varies,Provider-dependent,Unknown,Varies,Provider-dependent,Varies,https://eithealth.eu/,C,Не начато,Source watch — auto review,2026-08-31,,curated,discovery
SRCX-06ecfe6d1086,United States,Elastic,Elastic — RISC-V source & credential directory,source-watch,RISC-V,RISC-V,catalog,⚠️ verify current offer,"Monitoring record, not a certificate claim. Verify the current official credential/course and price before calling it free.",Varies,Varies,Provider-dependent,Unknown,Varies,Provider-dependent,Varies,https://www.elastic.co/training/,C,Не начато,Source watch — auto review,2026-08-31,,curated,discovery
SRCX-098d341bfd11,United States,Epic Games,Epic Games — RISC-V source & credential directory,source-watch,RISC-V,RISC-V,catalog,⚠️ verify current offer,"Monitoring record, not a certificate claim. Verify the current official credential/course and price before calling it free.",Varies,Varies,Provider-dependent,Unknown,Varies,Provider-dependent,Varies,https://dev.epicgames.com/community/,C,Не начато,Source watch — auto review,2026-08-31,,curated,discovery
SRCX-15c0261fb13f,Switzerland,IEC,IEC — RISC-V source & credential directory,source-watch,RISC-V,RISC-V,catalog,⚠️ verify current offer,"Monitoring record, not a certificate claim. Verify the current official credential/course and price before calling it free.",Varies,Varies,Provider-dependent,Unknown,Varies,Provider-dependent,Varies,https://www.iec.ch/,C,Не начато,Source watch — auto review,2026-08-31,,curated,discovery
SRCX-0f984ff8c2e7,Global,ISC2,ISC2 — RISC-V source & credential directory,source-watch,RISC-V,RISC-V,catalog,⚠️ verify current offer,"Monitoring record, not a certificate claim. Verify the current official credential/course and price before calling it free.",Varies,Varies,Provider-dependent,Unknown,Varies,Provider-dependent,Varies,https://www.isc2.org/certifications,C,Не начато,Source watch — auto review,2026-08-31,,curated,discovery
SRCX-0a76bd04ba62,Global,ISC2 Learning,ISC2 Learning — RISC-V source & credential directory,source-watch,RISC-V,RISC-V,catalog,⚠️ verify current offer,"Monitoring record, not a certificate claim. Verify the current official credential/course and price before calling it free.",Varies,Varies,Provider-dependent,Unknown,Varies,Provider-dependent,Varies,https://www.isc2.org/training,C,Не начато,Source watch — auto review,2026-08-31,,curated,discovery
SRCX-0012e609835d,Global,ITU Academy,ITU Academy — RISC-V source & credential directory,source-watch,RISC-V,RISC-V,catalog,⚠️ verify current offer,"Monitoring record, not a certificate claim. Verify the current official credential/course and price before calling it free.",Varies,Varies,Provider-dependent,Unknown,Varies,Provider-dependent,Varies,https://academy.itu.int/,C,Не начато,Source watch — auto review,2026-08-31,,curated,discovery
SRCX-0a77feaad092,Australia,Jira Service Management,Jira Service Management — RISC-V source & credential directory,source-watch,RISC-V,RISC-V,catalog,⚠️ verify current offer,"Monitoring record, not a certificate claim. Verify the current official credential/course and price before calling it free.",Varies,Varies,Provider-dependent,Unknown,Varies,Provider-dependent,Varies,https://university.atlassian.com/,C,Не начато,Source watch — auto review,2026-08-31,,curated,discovery
SRCX-14aa158c0559,United States,Kaggle,Kaggle — RISC-V source & credential directory,source-watch,RISC-V,RISC-V,catalog,⚠️ verify current offer,"Monitoring record, not a certificate claim. Verify the current official credential/course and price before calling it free.",Varies,Varies,Provider-dependent,Unknown,Varies,Provider-dependent,Varies,https://www.kaggle.com/learn,C,Не начато,Source watch — auto review,2026-08-31,,curated,discovery
SRCX-083c918838b9,United States,MIT OpenCourseWare,MIT OpenCourseWare — RISC-V source & credential directory,source-watch,RISC-V,RISC-V,catalog,⚠️ verify current offer,"Monitoring record, not a certificate claim. Verify the current official credential/course and price before calling it free.",Varies,Varies,Provider-dependent,Unknown,Varies,Provider-dependent,Varies,https://ocw.mit.edu/,C,Не начато,Source watch — auto review,2026-08-31,,curated,discovery
SRCX-1385a2a2247e,Japan,Omron,Omron — RISC-V source & credential directory,source-watch,RISC-V,RISC-V,catalog,⚠️ verify current offer,"Monitoring record, not a certificate claim. Verify the current official credential/course and price before calling it free.",Varies,Varies,Provider-dependent,Unknown,Varies,Provider-dependent,Varies,https://www.omron.com/global/en/technology/training/,C,Не начато,Source watch — auto review,2026-08-31,,curated,discovery
SRCX-07efb7a8a285,Russia,Positive Technologies,Positive Technologies — RISC-V source & credential directory,source-watch,RISC-V,RISC-V,catalog,⚠️ verify current offer,"Monitoring record, not a certificate claim. Verify the current official credential/course and price before calling it free.",Varies,Varies,Provider-dependent,Unknown,Varies,Provider-dependent,Varies,https://edu.ptsecurity.com/,C,Не начато,Source watch — auto review,2026-08-31,,curated,discovery
SRCX-02b0f4a16528,United States,PyTorch,PyTorch — RISC-V source & credential directory,source-watch,RISC-V,RISC-V,catalog,⚠️ verify current offer,"Monitoring record, not a certificate claim. Verify the current official credential/course and price before calling it free.",Varies,Varies,Provider-dependent,Unknown,Varies,Provider-dependent,Varies,https://pytorch.org/,C,Не начато,Source watch — auto review,2026-08-31,,curated,discovery
SRCX-08f0a9591188,Global,RISC-V International,RISC-V International — RISC-V source & credential directory,source-watch,RISC-V,RISC-V,catalog,⚠️ verify current offer,"Monitoring record, not a certificate claim. Verify the current official credential/course and price before calling it free.",Varies,Varies,Provider-dependent,Unknown,Varies,Provider-dependent,Varies,https://riscv.org/learn/,C,Не начато,Source watch — auto review,2026-08-31,,curated,discovery
SRCX-14e313367c68,Switzerland,STMicroelectronics,STMicroelectronics — RISC-V source & credential directory,source-watch,RISC-V,RISC-V,catalog,⚠️ verify current offer,"Monitoring record, not a certificate claim. Verify the current official credential/course and price before calling it free.",Varies,Varies,Provider-dependent,Unknown,Varies,Provider-dependent,Varies,https://www.st.com/content/st_com/en/about/training.html,C,Не начато,Source watch — auto review,2026-08-31,,curated,discovery
SRCX-05ce10290a68,United States,Synopsys,Synopsys — RISC-V source & credential directory,source-watch,RISC-V,RISC-V,catalog,⚠️ verify current offer,"Monitoring record, not a certificate claim. Verify the current official credential/course and price before calling it free.",Varies,Varies,Provider-dependent,Unknown,Varies,Provider-dependent,Varies,https://www.synopsys.com/,C,Не начато,Source watch — auto review,2026-08-31,,curated,discovery
SRCX-0872c1c9732f,Global,WHO Academy,WHO Academy — RISC-V source & credential directory,source-watch,RISC-V,RISC-V,catalog,⚠️ verify current offer,"Monitoring record, not a certificate claim. Verify the current official credential/course and price before calling it free.",Varies,Varies,Provider-dependent,Unknown,Varies,Provider-dependent,Varies,https://www.who.int/about/who-academy,C,Не начато,Source watch — auto review,2026-08-31,,curated,discovery
SRCX-0378c7d4df29,Russia,Открытое образование,Открытое образование — RISC-V source & credential directory,source-watch,RISC-V,RISC-V,catalog,⚠️ verify current offer,"Monitoring record, not a certificate claim. Verify the current official credential/course and price before calling it free.",Varies,Varies,Provider-dependent,Unknown,Varies,Provider-dependent,Varies,https://openedu.ru/,C,Не начато,Source watch — auto review,2026-08-31,,curated,discovery
SRCX-0182d5f2c1ac,Global,3GPP,3GPP — ROS source & credential directory,source-watch,ROS,ROS,catalog,⚠️ verify current offer,"Monitoring record, not a certificate claim. Verify the current official credential/course and price before calling it free.",Varies,Varies,Provider-dependent,Unknown,Varies,Provider-dependent,Varies,https://www.3gpp.org/,C,Не начато,Source watch — auto review,2026-08-31,,curated,discovery
SRCX-0efbee1f707c,Global,Apache Airflow,Apache Airflow — ROS source & credential directory,source-watch,ROS,ROS,catalog,⚠️ verify current offer,"Monitoring record, not a certificate claim. Verify the current official credential/course and price before calling it free.",Varies,Varies,Provider-dependent,Unknown,Varies,Provider-dependent,Varies,https://airflow.apache.org/,C,Не начато,Source watch — auto review,2026-08-31,,curated,discovery
SRCX-0c0f8335a9c7,United Kingdom,BSI,BSI — ROS source & credential directory,source-watch,ROS,ROS,catalog,⚠️ verify current offer,"Monitoring record, not a certificate claim. Verify the current official credential/course and price before calling it free.",Varies,Varies,Provider-dependent,Unknown,Varies,Provider-dependent,Varies,https://www.bsigroup.com/,C,Не начато,Source watch — auto review,2026-08-31,,curated,discovery
SRCX-071aab4f9561,Global,Cloud Security Alliance,Cloud Security Alliance — ROS source & credential directory,source-watch,ROS,ROS,catalog,⚠️ verify current offer,"Monitoring record, not a certificate claim. Verify the current official credential/course and price before calling it free.",Varies,Varies,Provider-dependent,Unknown,Varies,Provider-dependent,Varies,https://cloudsecurityalliance.org/education,C,Не начато,Source watch — auto review,2026-08-31,,curated,discovery
SRCX-032842e6370e,United States,Databricks,Databricks — ROS source & credential directory,source-watch,ROS,ROS,catalog,⚠️ verify current offer,"Monitoring record, not a certificate claim. Verify the current official credential/course and price before calling it free.",Varies,Varies,Provider-dependent,Unknown,Varies,Provider-dependent,Varies,https://www.databricks.com/learn,C,Не начато,Source watch — auto review,2026-08-31,,curated,discovery
SRCX-0d6e687ab0b0,Global,edX,edX — ROS source & credential directory,source-watch,ROS,ROS,catalog,⚠️ verify current offer,"Monitoring record, not a certificate claim. Verify the current official credential/course and price before calling it free.",Varies,Varies,Provider-dependent,Unknown,Varies,Provider-dependent,Varies,https://www.edx.org/,C,Не начато,Source watch — auto review,2026-08-31,,curated,discovery
SRCX-037cfba6345d,European Union,EIT Manufacturing,EIT Manufacturing — ROS source & credential directory,source-watch,ROS,ROS,catalog,⚠️ verify current offer,"Monitoring record, not a certificate claim. Verify the current official credential/course and price before calling it free.",Varies,Varies,Provider-dependent,Unknown,Varies,Provider-dependent,Varies,https://www.eitmanufacturing.eu/,C,Не начато,Source watch — auto review,2026-08-31,,curated,discovery
SRCX-10e1dddb5adb,United States,GitHub,GitHub — ROS source & credential directory,source-watch,ROS,ROS,catalog,⚠️ verify current offer,"Monitoring record, not a certificate claim. Verify the current official credential/course and price before calling it free.",Varies,Varies,Provider-dependent,Unknown,Varies,Provider-dependent,Varies,https://learn.github.com/certifications,C,Не начато,Source watch — auto review,2026-08-31,,curated,discovery
SRCX-0b4ff7fff3f9,United States,GitHub Skills,GitHub Skills — ROS source & credential directory,source-watch,ROS,ROS,catalog,⚠️ verify current offer,"Monitoring record, not a certificate claim. Verify the current official credential/course and price before calling it free.",Varies,Varies,Provider-dependent,Unknown,Varies,Provider-dependent,Varies,https://skills.github.com/,C,Не начато,Source watch — auto review,2026-08-31,,curated,discovery
SRCX-0d7e690347e3,United States,GitLab Learn,GitLab Learn — ROS source & credential directory,source-watch,ROS,ROS,catalog,⚠️ verify current offer,"Monitoring record, not a certificate claim. Verify the current official credential/course and price before calling it free.",Varies,Varies,Provider-dependent,Unknown,Varies,Provider-dependent,Varies,https://about.gitlab.com/learn/,C,Не начато,Source watch — auto review,2026-08-31,,curated,discovery
SRCX-0597df565b67,United States,Heroku,Heroku — ROS source & credential directory,source-watch,ROS,ROS,catalog,⚠️ verify current offer,"Monitoring record, not a certificate claim. Verify the current official credential/course and price before calling it free.",Varies,Varies,Provider-dependent,Unknown,Varies,Provider-dependent,Varies,https://devcenter.heroku.com/,C,Не начато,Source watch — auto review,2026-08-31,,curated,discovery
SRCX-033e71c319ea,Global,ISC2 Learning,ISC2 Learning — ROS source & credential directory,source-watch,ROS,ROS,catalog,⚠️ verify current offer,"Monitoring record, not a certificate claim. Verify the current official credential/course and price before calling it free.",Varies,Varies,Provider-dependent,Unknown,Varies,Provider-dependent,Varies,https://www.isc2.org/training,C,Не начато,Source watch — auto review,2026-08-31,,curated,discovery
SRCX-0c22f8cb325c,United States,JFrog,JFrog — ROS source & credential directory,source-watch,ROS,ROS,catalog,⚠️ verify current offer,"Monitoring record, not a certificate claim. Verify the current official credential/course and price before calling it free.",Varies,Varies,Provider-dependent,Unknown,Varies,Provider-dependent,Varies,https://academy.jfrog.com/,C,Не начато,Source watch — auto review,2026-08-31,,curated,discovery
SRCX-11a1714042ea,United States,Juniper Networks,Juniper Networks — ROS source & credential directory,source-watch,ROS,ROS,catalog,⚠️ verify current offer,"Monitoring record, not a certificate claim. Verify the current official credential/course and price before calling it free.",Varies,Varies,Provider-dependent,Unknown,Varies,Provider-dependent,Varies,https://www.juniper.net/us/en/training/certification.html,C,Не начато,Source watch — auto review,2026-08-31,,curated,discovery
SRCX-0cb3f05556fa,United States,Kaggle,Kaggle — ROS source & credential directory,source-watch,ROS,ROS,catalog,⚠️ verify current offer,"Monitoring record, not a certificate claim. Verify the current official credential/course and price before calling it free.",Varies,Varies,Provider-dependent,Unknown,Varies,Provider-dependent,Varies,https://www.kaggle.com/learn,C,Не начато,Source watch — auto review,2026-08-31,,curated,discovery
SRCX-0c9bce54bc26,Russia,Kaspersky,Kaspersky — ROS source & credential directory,source-watch,ROS,ROS,catalog,⚠️ verify current offer,"Monitoring record, not a certificate claim. Verify the current official credential/course and price before calling it free.",Varies,Varies,Provider-dependent,Unknown,Varies,Provider-dependent,Varies,https://certification.kaspersky.com/,C,Не начато,Source watch — auto review,2026-08-31,,curated,discovery
SRCX-11737b2650e2,Global,Kubernetes,Kubernetes — ROS source & credential directory,source-watch,ROS,ROS,catalog,⚠️ verify current offer,"Monitoring record, not a certificate claim. Verify the current official credential/course and price before calling it free.",Varies,Varies,Provider-dependent,Unknown,Varies,Provider-dependent,Varies,https://kubernetes.io/training/,C,Не начато,Source watch — auto review,2026-08-31,,curated,discovery
SRCX-13943684499e,Taiwan,MediaTek,MediaTek — ROS source & credential directory,source-watch,ROS,ROS,catalog,⚠️ verify current offer,"Monitoring record, not a certificate claim. Verify the current official credential/course and price before calling it free.",Varies,Varies,Provider-dependent,Unknown,Varies,Provider-dependent,Varies,https://corp.mediatek.com/,C,Не начато,Source watch — auto review,2026-08-31,,curated,discovery
SRCX-15487f2ed440,United States,Microsoft,Microsoft — ROS source & credential directory,source-watch,ROS,ROS,catalog,⚠️ verify current offer,"Monitoring record, not a certificate claim. Verify the current official credential/course and price before calling it free.",Varies,Varies,Provider-dependent,Unknown,Varies,Provider-dependent,Varies,https://learn.microsoft.com/credentials/,C,Не начато,Source watch — auto review,2026-08-31,,curated,discovery
SRCX-079c65c0f94a,United Kingdom,National Physical Laboratory,National Physical Laboratory — ROS source & credential directory,source-watch,ROS,ROS,catalog,⚠️ verify current offer,"Monitoring record, not a certificate claim. Verify the current official credential/course and price before calling it free.",Varies,Varies,Provider-dependent,Unknown,Varies,Provider-dependent,Varies,https://www.npl.co.uk/education-training,C,Не начато,Source watch — auto review,2026-08-31,,curated,discovery
SRCX-0673f41b7ed8,United States,Neo4j,Neo4j — ROS source & credential directory,source-watch,ROS,ROS,catalog,⚠️ verify current offer,"Monitoring record, not a certificate claim. Verify the current official credential/course and price before calling it free.",Varies,Varies,Provider-dependent,Unknown,Varies,Provider-dependent,Varies,https://graphacademy.neo4j.com/,C,Не начато,Source watch — auto review,2026-08-31,,curated,discovery
SRCX-0ac55b9bddc1,Global,OpenSSF,OpenSSF — ROS source & credential directory,source-watch,ROS,ROS,catalog,⚠️ verify current offer,"Monitoring record, not a certificate claim. Verify the current official credential/course and price before calling it free.",Varies,Varies,Provider-dependent,Unknown,Varies,Provider-dependent,Varies,https://openssf.org/,C,Не начато,Source watch — auto review,2026-08-31,,curated,discovery
SRCX-04871eb780cd,Global,OpenTelemetry,OpenTelemetry — ROS source & credential directory,source-watch,ROS,ROS,catalog,⚠️ verify current offer,"Monitoring record, not a certificate claim. Verify the current official credential/course and price before calling it free.",Varies,Varies,Provider-dependent,Unknown,Varies,Provider-dependent,Varies,https://opentelemetry.io/,C,Не начато,Source watch — auto review,2026-08-31,,curated,discovery
SRCX-14ad29b06e4a,Germany,Siemens,Siemens — ROS source & credential directory,source-watch,ROS,ROS,catalog,⚠️ verify current offer,"Monitoring record, not a certificate claim. Verify the current official credential/course and price before calling it free.",Varies,Varies,Provider-dependent,Unknown,Varies,Provider-dependent,Varies,https://www.siemens.com/training,C,Не начато,Source watch — auto review,2026-08-31,,curated,discovery
SRCX-03d8e8562e2e,Russia,Группа Астра,Группа Астра — ROS source & credential directory,source-watch,ROS,ROS,catalog,⚠️ verify current offer,"Monitoring record, not a certificate claim. Verify the current official credential/course and price before calling it free.",Varies,Varies,Provider-dependent,Unknown,Varies,Provider-dependent,Varies,https://astra.ru/training/,C,Не начато,Source watch — auto review,2026-08-31,,curated,discovery
SRCX-123bc12a1cfd,United States,Ansible,Ansible — Rail Technology source & credential directory,source-watch,Rail Technology,Rail Technology,catalog,⚠️ verify current offer,"Monitoring record, not a certificate claim. Verify the current official credential/course and price before calling it free.",Varies,Varies,Provider-dependent,Unknown,Varies,Provider-dependent,Varies,https://www.ansible.com/,C,Не начато,Source watch — auto review,2026-08-31,,curated,discovery
SRCX-05eb1228faa9,United States,Broadcom VMware,Broadcom VMware — Rail Technology source & credential directory,source-watch,Rail Technology,Rail Technology,catalog,⚠️ verify current offer,"Monitoring record, not a certificate claim. Verify the current official credential/course and price before calling it free.",Varies,Varies,Provider-dependent,Unknown,Varies,Provider-dependent,Varies,https://www.vmware.com/learning.html,C,Не начато,Source watch — auto review,2026-08-31,,curated,discovery
SRCX-0d1bba61555d,United States,CrowdStrike,CrowdStrike — Rail Technology source & credential directory,source-watch,Rail Technology,Rail Technology,catalog,⚠️ verify current offer,"Monitoring record, not a certificate claim. Verify the current official credential/course and price before calling it free.",Varies,Varies,Provider-dependent,Unknown,Varies,Provider-dependent,Varies,https://www.crowdstrike.com/services/education/,C,Не начато,Source watch — auto review,2026-08-31,,curated,discovery
SRCX-09c2490e5457,United States,fast.ai,fast.ai — Rail Technology source & credential directory,source-watch,Rail Technology,Rail Technology,catalog,⚠️ verify current offer,"Monitoring record, not a certificate claim. Verify the current official credential/course and price before calling it free.",Varies,Varies,Provider-dependent,Unknown,Varies,Provider-dependent,Varies,https://course.fast.ai/,C,Не начато,Source watch — auto review,2026-08-31,,curated,discovery
SRCX-09c7421b1b48,United States,IBM,IBM — Rail Technology source & credential directory,source-watch,Rail Technology,Rail Technology,catalog,⚠️ verify current offer,"Monitoring record, not a certificate claim. Verify the current official credential/course and price before calling it free.",Varies,Varies,Provider-dependent,Unknown,Varies,Provider-dependent,Varies,https://skillsbuild.org/learning-catalog,C,Не начато,Source watch — auto review,2026-08-31,,curated,discovery
SRCX-13202f0810bc,United States,JFrog,JFrog — Rail Technology source & credential directory,source-watch,Rail Technology,Rail Technology,catalog,⚠️ verify current offer,"Monitoring record, not a certificate claim. Verify the current official credential/course and price before calling it free.",Varies,Varies,Provider-dependent,Unknown,Varies,Provider-dependent,Varies,https://academy.jfrog.com/,C,Не начато,Source watch — auto review,2026-08-31,,curated,discovery
SRCX-03787fe3008d,Canada,Linux Professional Institute,Linux Professional Institute — Rail Technology source & credential directory,source-watch,Rail Technology,Rail Technology,catalog,⚠️ verify current offer,"Monitoring record, not a certificate claim. Verify the current official credential/course and price before calling it free.",Varies,Varies,Provider-dependent,Unknown,Varies,Provider-dependent,Varies,https://www.lpi.org/,C,Не начато,Source watch — auto review,2026-08-31,,curated,discovery
SRCX-045c3930cbb6,United States,NASA,NASA — Rail Technology source & credential directory,source-watch,Rail Technology,Rail Technology,catalog,⚠️ verify current offer,"Monitoring record, not a certificate claim. Verify the current official credential/course and price before calling it free.",Varies,Varies,Provider-dependent,Unknown,Varies,Provider-dependent,Varies,https://www.nasa.gov/learning-resources/,C,Не начато,Source watch — auto review,2026-08-31,,curated,discovery
SRCX-0f3f08a6007c,United States,Netlify,Netlify — Rail Technology source & credential directory,source-watch,Rail Technology,Rail Technology,catalog,⚠️ verify current offer,"Monitoring record, not a certificate claim. Verify the current official credential/course and price before calling it free.",Varies,Varies,Provider-dependent,Unknown,Varies,Provider-dependent,Varies,https://www.netlify.com/learn/,C,Не начато,Source watch — auto review,2026-08-31,,curated,discovery
SRCX-08850b0e1d7f,United States,NI,NI — Rail Technology source & credential directory,source-watch,Rail Technology,Rail Technology,catalog,⚠️ verify current offer,"Monitoring record, not a certificate claim. Verify the current official credential/course and price before calling it free.",Varies,Varies,Provider-dependent,Unknown,Varies,Provider-dependent,Varies,https://www.ni.com/training/,C,Не начато,Source watch — auto review,2026-08-31,,curated,discovery
SRCX-1191810a3075,Global,OpenWHO,OpenWHO — Rail Technology source & credential directory,source-watch,Rail Technology,Rail Technology,catalog,⚠️ verify current offer,"Monitoring record, not a certificate claim. Verify the current official credential/course and price before calling it free.",Varies,Varies,Provider-dependent,Unknown,Varies,Provider-dependent,Varies,https://openwho.org/,C,Не начато,Source watch — auto review,2026-08-31,,curated,discovery
SRCX-003210f417b7,United States,PyTorch,PyTorch — Rail Technology source & credential directory,source-watch,Rail Technology,Rail Technology,catalog,⚠️ verify current offer,"Monitoring record, not a certificate claim. Verify the current official credential/course and price before calling it free.",Varies,Varies,Provider-dependent,Unknown,Varies,Provider-dependent,Varies,https://pytorch.org/,C,Не начато,Source watch — auto review,2026-08-31,,curated,discovery
SRCX-0a2954e8c5a4,Russia,Roscosmos Education,Roscosmos Education — Rail Technology source & credential directory,source-watch,Rail Technology,Rail Technology,catalog,⚠️ verify current offer,"Monitoring record, not a certificate claim. Verify the current official credential/course and price before calling it free.",Varies,Varies,Provider-dependent,Unknown,Varies,Provider-dependent,Varies,https://www.roscosmos.ru/,C,Не начато,Source watch — auto review,2026-08-31,,curated,discovery
SRCX-011cb8de2faa,United States,RStudio / Posit,RStudio / Posit — Rail Technology source & credential directory,source-watch,Rail Technology,Rail Technology,catalog,⚠️ verify current offer,"Monitoring record, not a certificate claim. Verify the current official credential/course and price before calling it free.",Varies,Varies,Provider-dependent,Unknown,Varies,Provider-dependent,Varies,https://posit.co/learn/,C,Не начато,Source watch — auto review,2026-08-31,,curated,discovery
SRCX-0c9cee598db5,United States,SiFive,SiFive — Rail Technology source & credential directory,source-watch,Rail Technology,Rail Technology,catalog,⚠️ verify current offer,"Monitoring record, not a certificate claim. Verify the current official credential/course and price before calling it free.",Varies,Varies,Provider-dependent,Unknown,Varies,Provider-dependent,Varies,https://www.sifive.com/,C,Не начато,Source watch — auto review,2026-08-31,,curated,discovery
SRCX-0439b25a97d3,United States,Tableau,Tableau — Rail Technology source & credential directory,source-watch,Rail Technology,Rail Technology,catalog,⚠️ verify current offer,"Monitoring record, not a certificate claim. Verify the current official credential/course and price before calling it free.",Varies,Varies,Provider-dependent,Unknown,Varies,Provider-dependent,Varies,https://www.tableau.com/learn,C,Не начато,Source watch — auto review,2026-08-31,,curated,discovery
SRCX-10d64affe131,United States,Vercel,Vercel — Rail Technology source & credential directory,source-watch,Rail Technology,Rail Technology,catalog,⚠️ verify current offer,"Monitoring record, not a certificate claim. Verify the current official credential/course and price before calling it free.",Varies,Varies,Provider-dependent,Unknown,Varies,Provider-dependent,Varies,https://vercel.com/academy,C,Не начато,Source watch — auto review,2026-08-31,,curated,discovery
SRCX-0aa72bef90f2,Russia,Нетология,Нетология — Rail Technology source & credential directory,source-watch,Rail Technology,Rail Technology,catalog,⚠️ verify current offer,"Monitoring record, not a certificate claim. Verify the current official credential/course and price before calling it free.",Varies,Varies,Provider-dependent,Unknown,Varies,Provider-dependent,Varies,https://netology.ru/,C,Не начато,Source watch — auto review,2026-08-31,,curated,discovery
SRCX-15a5ad69b824,Global,Apache Airflow,Apache Airflow — Remote Sensing source & credential directory,source-watch,Remote Sensing,Remote Sensing,catalog,⚠️ verify current offer,"Monitoring record, not a certificate claim. Verify the current official credential/course and price before calling it free.",Varies,Varies,Provider-dependent,Unknown,Varies,Provider-dependent,Varies,https://airflow.apache.org/,C,Не начато,Source watch — auto review,2026-08-31,,curated,discovery
SRCX-043fb9dfa7bf,Australia,Atlassian,Atlassian — Remote Sensing source & credential directory,source-watch,Remote Sensing,Remote Sensing,catalog,⚠️ verify current offer,"Monitoring record, not a certificate claim. Verify the current official credential/course and price before calling it free.",Varies,Varies,Provider-dependent,Unknown,Varies,Provider-dependent,Varies,https://university.atlassian.com/,C,Не начато,Source watch — auto review,2026-08-31,,curated,discovery
SRCX-0229e1f630b7,United States,Autodesk,Autodesk — Remote Sensing source & credential directory,source-watch,Remote Sensing,Remote Sensing,catalog,⚠️ verify current offer,"Monitoring record, not a certificate claim. Verify the current official credential/course and price before calling it free.",Varies,Varies,Provider-dependent,Unknown,Varies,Provider-dependent,Varies,https://www.autodesk.com/certification/overview,C,Не начато,Source watch — auto review,2026-08-31,,curated,discovery
SRCX-110b8548b11e,Global,Cloud Native Computing Foundation,Cloud Native Computing Foundation — Remote Sensing source & credential directory,source-watch,Remote Sensing,Remote Sensing,catalog,⚠️ verify current offer,"Monitoring record, not a certificate claim. Verify the current official credential/course and price before calling it free.",Varies,Varies,Provider-dependent,Unknown,Varies,Provider-dependent,Varies,https://www.cncf.io/training/,C,Не начато,Source watch — auto review,2026-08-31,,curated,discovery
SRCX-00054cdbe709,Global,Coursera,Coursera — Remote Sensing source & credential directory,source-watch,Remote Sensing,Remote Sensing,catalog,⚠️ verify current offer,"Monitoring record, not a certificate claim. Verify the current official credential/course and price before calling it free.",Varies,Varies,Provider-dependent,Unknown,Varies,Provider-dependent,Varies,https://www.coursera.org/,C,Не начато,Source watch — auto review,2026-08-31,,curated,discovery
SRCX-09b02009184e,United States,DigitalOcean,DigitalOcean — Remote Sensing source & credential directory,source-watch,Remote Sensing,Remote Sensing,catalog,⚠️ verify current offer,"Monitoring record, not a certificate claim. Verify the current official credential/course and price before calling it free.",Varies,Varies,Provider-dependent,Unknown,Varies,Provider-dependent,Varies,https://www.digitalocean.com/community,C,Не начато,Source watch — auto review,2026-08-31,,curated,discovery
SRCX-1032e673d5e1,United States,Fortinet,Fortinet — Remote Sensing source & credential directory,source-watch,Remote Sensing,Remote Sensing,catalog,⚠️ verify current offer,"Monitoring record, not a certificate claim. Verify the current official credential/course and price before calling it free.",Varies,Varies,Provider-dependent,Unknown,Varies,Provider-dependent,Varies,https://www.fortinet.com/training-certification,C,Не начато,Source watch — auto review,2026-08-31,,curated,discovery
SRCX-0627a07d696d,Russia,Kaspersky,Kaspersky — Remote Sensing source & credential directory,source-watch,Remote Sensing,Remote Sensing,catalog,⚠️ verify current offer,"Monitoring record, not a certificate claim. Verify the current official credential/course and price before calling it free.",Varies,Varies,Provider-dependent,Unknown,Varies,Provider-dependent,Varies,https://certification.kaspersky.com/,C,Не начато,Source watch — auto review,2026-08-31,,curated,discovery
SRCX-042d12ba4356,Global,Kubernetes,Kubernetes — Remote Sensing source & credential directory,source-watch,Remote Sensing,Remote Sensing,catalog,⚠️ verify current offer,"Monitoring record, not a certificate claim. Verify the current official credential/course and price before calling it free.",Varies,Varies,Provider-dependent,Unknown,Varies,Provider-dependent,Varies,https://kubernetes.io/training/,C,Не начато,Source watch — auto review,2026-08-31,,curated,discovery
SRCX-0b482e602a21,Global,OWASP Foundation,OWASP Foundation — Remote Sensing source & credential directory,source-watch,Remote Sensing,Remote Sensing,catalog,⚠️ verify current offer,"Monitoring record, not a certificate claim. Verify the current official credential/course and price before calling it free.",Varies,Varies,Provider-dependent,Unknown,Varies,Provider-dependent,Varies,https://owasp.org/,C,Не начато,Source watch — auto review,2026-08-31,,curated,discovery
SRCX-05c2b5527b37,Japan,Renesas,Renesas — Remote Sensing source & credential directory,source-watch,Remote Sensing,Remote Sensing,catalog,⚠️ verify current offer,"Monitoring record, not a certificate claim. Verify the current official credential/course and price before calling it free.",Varies,Varies,Provider-dependent,Unknown,Varies,Provider-dependent,Varies,https://www.renesas.com/us/en/design-resources/training,C,Не начато,Source watch — auto review,2026-08-31,,curated,discovery
SRCX-005b71ba0274,United States,SAE International,SAE International — Remote Sensing source & credential directory,source-watch,Remote Sensing,Remote Sensing,catalog,⚠️ verify current offer,"Monitoring record, not a certificate claim. Verify the current official credential/course and price before calling it free.",Varies,Varies,Provider-dependent,Unknown,Varies,Provider-dependent,Varies,https://www.sae.org/learn,C,Не начато,Source watch — auto review,2026-08-31,,curated,discovery
SRCX-0928d425ffa5,United States,Unity,Unity — Remote Sensing source & credential directory,source-watch,Remote Sensing,Remote Sensing,catalog,⚠️ verify current offer,"Monitoring record, not a certificate claim. Verify the current official credential/course and price before calling it free.",Varies,Varies,Provider-dependent,Unknown,Varies,Provider-dependent,Varies,https://learn.unity.com/,C,Не начато,Source watch — auto review,2026-08-31,,curated,discovery
SRCX-051185800396,Russia,Открытое образование,Открытое образование — Remote Sensing source & credential directory,source-watch,Remote Sensing,Remote Sensing,catalog,⚠️ verify current offer,"Monitoring record, not a certificate claim. Verify the current official credential/course and price before calling it free.",Varies,Varies,Provider-dependent,Unknown,Varies,Provider-dependent,Varies,https://openedu.ru/,C,Не начато,Source watch — auto review,2026-08-31,,curated,discovery
SRCX-0f3ebff7b230,Australia,Atlassian,Atlassian — Renewables source & credential directory,source-watch,Renewables,Renewables,catalog,⚠️ verify current offer,"Monitoring record, not a certificate claim. Verify the current official credential/course and price before calling it free.",Varies,Varies,Provider-dependent,Unknown,Varies,Provider-dependent,Varies,https://university.atlassian.com/,C,Не начато,Source watch — auto review,2026-08-31,,curated,discovery
SRCX-0282335513f4,United States,AWS,AWS — Renewables source & credential directory,source-watch,Renewables,Renewables,catalog,⚠️ verify current offer,"Monitoring record, not a certificate claim. Verify the current official credential/course and price before calling it free.",Varies,Varies,Provider-dependent,Unknown,Varies,Provider-dependent,Varies,https://aws.amazon.com/training/,C,Не начато,Source watch — auto review,2026-08-31,,curated,discovery
SRCX-100cf64bb869,Germany,Bosch Rexroth,Bosch Rexroth — Renewables source & credential directory,source-watch,Renewables,Renewables,catalog,⚠️ verify current offer,"Monitoring record, not a certificate claim. Verify the current official credential/course and price before calling it free.",Varies,Varies,Provider-dependent,Unknown,Varies,Provider-dependent,Varies,https://www.boschrexroth.com/en/xc/training/,C,Не начато,Source watch — auto review,2026-08-31,,curated,discovery
SRCX-0e0ae0570535,China,Espressif,Espressif — Renewables source & credential directory,source-watch,Renewables,Renewables,catalog,⚠️ verify current offer,"Monitoring record, not a certificate claim. Verify the current official credential/course and price before calling it free.",Varies,Varies,Provider-dependent,Unknown,Varies,Provider-dependent,Varies,https://www.espressif.com/en/training,C,Не начато,Source watch — auto review,2026-08-31,,curated,discovery
SRCX-0f2e384bb592,United States,Esri,Esri — Renewables source & credential directory,source-watch,Renewables,Renewables,catalog,⚠️ verify current offer,"Monitoring record, not a certificate claim. Verify the current official credential/course and price before calling it free.",Varies,Varies,Provider-dependent,Unknown,Varies,Provider-dependent,Varies,https://www.esri.com/training/,C,Не начато,Source watch — auto review,2026-08-31,,curated,discovery
SRCX-0509f96ca830,Europe,ETSI,ETSI — Renewables source & credential directory,source-watch,Renewables,Renewables,catalog,⚠️ verify current offer,"Monitoring record, not a certificate claim. Verify the current official credential/course and price before calling it free.",Varies,Varies,Provider-dependent,Unknown,Varies,Provider-dependent,Varies,https://www.etsi.org/education,C,Не начато,Source watch — auto review,2026-08-31,,curated,discovery
SRCX-1110651f5ec7,United States,GitHub Skills,GitHub Skills — Renewables source & credential directory,source-watch,Renewables,Renewables,catalog,⚠️ verify current offer,"Monitoring record, not a certificate claim. Verify the current official credential/course and price before calling it free.",Varies,Varies,Provider-dependent,Unknown,Varies,Provider-dependent,Varies,https://skills.github.com/,C,Не начато,Source watch — auto review,2026-08-31,,curated,discovery
SRCX-053cdf075750,United States,Google Cloud,Google Cloud — Renewables source & credential directory,source-watch,Renewables,Renewables,catalog,⚠️ verify current offer,"Monitoring record, not a certificate claim. Verify the current official credential/course and price before calling it free.",Varies,Varies,Provider-dependent,Unknown,Varies,Provider-dependent,Varies,https://www.cloudskillsboost.google/,C,Не начато,Source watch — auto review,2026-08-31,,curated,discovery
SRCX-0c923ef60279,Czech Republic,JetBrains Academy,JetBrains Academy — Renewables source & credential directory,source-watch,Renewables,Renewables,catalog,⚠️ verify current offer,"Monitoring record, not a certificate claim. Verify the current official credential/course and price before calling it free.",Varies,Varies,Provider-dependent,Unknown,Varies,Provider-dependent,Varies,https://www.jetbrains.com/academy/,C,Не начато,Source watch — auto review,2026-08-31,,curated,discovery
SRCX-07af72b785b4,United States,JFrog,JFrog — Renewables source & credential directory,source-watch,Renewables,Renewables,catalog,⚠️ verify current offer,"Monitoring record, not a certificate claim. Verify the current official credential/course and price before calling it free.",Varies,Varies,Provider-dependent,Unknown,Varies,Provider-dependent,Varies,https://academy.jfrog.com/,C,Не начато,Source watch — auto review,2026-08-31,,curated,discovery
SRCX-0b3e75df2784,United States,MIT OpenCourseWare,MIT OpenCourseWare — Renewables source & credential directory,source-watch,Renewables,Renewables,catalog,⚠️ verify current offer,"Monitoring record, not a certificate claim. Verify the current official credential/course and price before calling it free.",Varies,Varies,Provider-dependent,Unknown,Varies,Provider-dependent,Varies,https://ocw.mit.edu/,C,Не начато,Source watch — auto review,2026-08-31,,curated,discovery
SRCX-0045f3d021e9,United States,Neo4j,Neo4j — Renewables source & credential directory,source-watch,Renewables,Renewables,catalog,⚠️ verify current offer,"Monitoring record, not a certificate claim. Verify the current official credential/course and price before calling it free.",Varies,Varies,Provider-dependent,Unknown,Varies,Provider-dependent,Varies,https://graphacademy.neo4j.com/,C,Не начато,Source watch — auto review,2026-08-31,,curated,discovery
SRCX-02219293f5b2,United States,Netlify,Netlify — Renewables source & credential directory,source-watch,Renewables,Renewables,catalog,⚠️ verify current offer,"Monitoring record, not a certificate claim. Verify the current official credential/course and price before calling it free.",Varies,Varies,Provider-dependent,Unknown,Varies,Provider-dependent,Varies,https://www.netlify.com/learn/,C,Не начато,Source watch — auto review,2026-08-31,,curated,discovery
SRCX-020fd57ab163,United States,OpenAI Academy,OpenAI Academy — Renewables source & credential directory,source-watch,Renewables,Renewables,catalog,⚠️ verify current offer,"Monitoring record, not a certificate claim. Verify the current official credential/course and price before calling it free.",Varies,Varies,Provider-dependent,Unknown,Varies,Provider-dependent,Varies,https://academy.openai.com/,C,Не начато,Source watch — auto review,2026-08-31,,curated,discovery
SRCX-0cd1b282ba0e,United States,Redis,Redis — Renewables source & credential directory,source-watch,Renewables,Renewables,catalog,⚠️ verify current offer,"Monitoring record, not a certificate claim. Verify the current official credential/course and price before calling it free.",Varies,Varies,Provider-dependent,Unknown,Varies,Provider-dependent,Varies,https://university.redis.com/,C,Не начато,Source watch — auto review,2026-08-31,,curated,discovery
SRCX-10b94f144aaa,United States,Silicon Labs,Silicon Labs — Renewables source & credential directory,source-watch,Renewables,Renewables,catalog,⚠️ verify current offer,"Monitoring record, not a certificate claim. Verify the current official credential/course and price before calling it free.",Varies,Varies,Provider-dependent,Unknown,Varies,Provider-dependent,Varies,https://www.silabs.com/training,C,Не начато,Source watch — auto review,2026-08-31,,curated,discovery
SRCX-09b4b1335fde,United States,Splunk,Splunk — Renewables source & credential directory,source-watch,Renewables,Renewables,catalog,⚠️ verify current offer,"Monitoring record, not a certificate claim. Verify the current official credential/course and price before calling it free.",Varies,Varies,Provider-dependent,Unknown,Varies,Provider-dependent,Varies,https://www.splunk.com/en_us/training.html,C,Не начато,Source watch — auto review,2026-08-31,,curated,discovery
SRCX-0fb20b00ac92,United States,Tableau,Tableau — Renewables source & credential directory,source-watch,Renewables,Renewables,catalog,⚠️ verify current offer,"Monitoring record, not a certificate claim. Verify the current official credential/course and price before calling it free.",Varies,Varies,Provider-dependent,Unknown,Varies,Provider-dependent,Varies,https://www.tableau.com/learn,C,Не начато,Source watch — auto review,2026-08-31,,curated,discovery
SRCX-0fc93bb2279b,Global,3GPP,3GPP — Robotics source & credential directory,source-watch,Robotics,Robotics,catalog,⚠️ verify current offer,"Monitoring record, not a certificate claim. Verify the current official credential/course and price before calling it free.",Varies,Varies,Provider-dependent,Unknown,Varies,Provider-dependent,Varies,https://www.3gpp.org/,C,Не начато,Source watch — auto review,2026-08-31,,curated,discovery
SRCX-05abe53d0ebb,United States,Class Central,Class Central — Robotics source & credential directory,source-watch,Robotics,Robotics,catalog,⚠️ verify current offer,"Monitoring record, not a certificate claim. Verify the current official credential/course and price before calling it free.",Varies,Varies,Provider-dependent,Unknown,Varies,Provider-dependent,Varies,https://www.classcentral.com/,C,Не начато,Source watch — auto review,2026-08-31,,curated,discovery
SRCX-0541cb14d569,Global,CNCF,CNCF — Robotics source & credential directory,source-watch,Robotics,Robotics,catalog,⚠️ verify current offer,"Monitoring record, not a certificate claim. Verify the current official credential/course and price before calling it free.",Varies,Varies,Provider-dependent,Unknown,Varies,Provider-dependent,Varies,https://www.cncf.io/training/,C,Не начато,Source watch — auto review,2026-08-31,,curated,discovery
SRCX-009083820df1,Global,Coursera,Coursera — Robotics source & credential directory,source-watch,Robotics,Robotics,catalog,⚠️ verify current offer,"Monitoring record, not a certificate claim. Verify the current official credential/course and price before calling it free.",Varies,Varies,Provider-dependent,Unknown,Varies,Provider-dependent,Varies,https://www.coursera.org/,C,Не начато,Source watch — auto review,2026-08-31,,curated,discovery
SRCX-0f19ca6658fa,United States,EC-Council,EC-Council — Robotics source & credential directory,source-watch,Robotics,Robotics,catalog,⚠️ verify current offer,"Monitoring record, not a certificate claim. Verify the current official credential/course and price before calling it free.",Varies,Varies,Provider-dependent,Unknown,Varies,Provider-dependent,Varies,https://www.eccouncil.org/train-certify/,C,Не начато,Source watch — auto review,2026-08-31,,curated,discovery
SRCX-01e0d77d4f8a,Global,edX,edX — Robotics source & credential directory,source-watch,Robotics,Robotics,catalog,⚠️ verify current offer,"Monitoring record, not a certificate claim. Verify the current official credential/course and price before calling it free.",Varies,Varies,Provider-dependent,Unknown,Varies,Provider-dependent,Varies,https://www.edx.org/,C,Не начато,Source watch — auto review,2026-08-31,,curated,discovery
SRCX-122f91226374,United States,GitHub Skills,GitHub Skills — Robotics source & credential directory,source-watch,Robotics,Robotics,catalog,⚠️ verify current offer,"Monitoring record, not a certificate claim. Verify the current official credential/course and price before calling it free.",Varies,Varies,Provider-dependent,Unknown,Varies,Provider-dependent,Varies,https://skills.github.com/,C,Не начато,Source watch — auto review,2026-08-31,,curated,discovery
SRCX-029e01ab17f2,Global,IEEE,IEEE — Robotics source & credential directory,source-watch,Robotics,Robotics,catalog,⚠️ verify current offer,"Monitoring record, not a certificate claim. Verify the current official credential/course and price before calling it free.",Varies,Varies,Provider-dependent,Unknown,Varies,Provider-dependent,Varies,https://www.ieee.org/education/,C,Не начато,Source watch — auto review,2026-08-31,,curated,discovery
SRCX-1282f8b0add0,United States,Khan Academy,Khan Academy — Robotics source & credential directory,source-watch,Robotics,Robotics,catalog,⚠️ verify current offer,"Monitoring record, not a certificate claim. Verify the current official credential/course and price before calling it free.",Varies,Varies,Provider-dependent,Unknown,Varies,Provider-dependent,Varies,https://www.khanacademy.org/,C,Не начато,Source watch — auto review,2026-08-31,,curated,discovery
SRCX-041b354741b4,United States,New Relic,New Relic — Robotics source & credential directory,source-watch,Robotics,Robotics,catalog,⚠️ verify current offer,"Monitoring record, not a certificate claim. Verify the current official credential/course and price before calling it free.",Varies,Varies,Provider-dependent,Unknown,Varies,Provider-dependent,Varies,https://learn.newrelic.com/,C,Не начато,Source watch — auto review,2026-08-31,,curated,discovery
SRCX-07b42bb61895,United States,NIST,NIST — Robotics source & credential directory,source-watch,Robotics,Robotics,catalog,⚠️ verify current offer,"Monitoring record, not a certificate claim. Verify the current official credential/course and price before calling it free.",Varies,Varies,Provider-dependent,Unknown,Varies,Provider-dependent,Varies,https://www.nist.gov/,C,Не начато,Source watch — auto review,2026-08-31,,curated,discovery
SRCX-0cf5007dc014,Global,OpenWHO,OpenWHO — Robotics source & credential directory,source-watch,Robotics,Robotics,catalog,⚠️ verify current offer,"Monitoring record, not a certificate claim. Verify the current official credential/course and price before calling it free.",Varies,Varies,Provider-dependent,Unknown,Varies,Provider-dependent,Varies,https://openwho.org/,C,Не начато,Source watch — auto review,2026-08-31,,curated,discovery
SRCX-1519cc7d2cfd,Poland,Python Institute,Python Institute — Robotics source & credential directory,source-watch,Robotics,Robotics,catalog,⚠️ verify current offer,"Monitoring record, not a certificate claim. Verify the current official credential/course and price before calling it free.",Varies,Varies,Provider-dependent,Unknown,Varies,Provider-dependent,Varies,https://pythoninstitute.org/,C,Не начато,Source watch — auto review,2026-08-31,,curated,discovery
SRCX-1229119d79c1,Global,RISC-V International,RISC-V International — Robotics source & credential directory,source-watch,Robotics,Robotics,catalog,⚠️ verify current offer,"Monitoring record, not a certificate claim. Verify the current official credential/course and price before calling it free.",Varies,Varies,Provider-dependent,Unknown,Varies,Provider-dependent,Varies,https://riscv.org/learn/,C,Не начато,Source watch — auto review,2026-08-31,,curated,discovery
SRCX-00195f7ba8b1,Global,SLSA,SLSA — Robotics source & credential directory,source-watch,Robotics,Robotics,catalog,⚠️ verify current offer,"Monitoring record, not a certificate claim. Verify the current official credential/course and price before calling it free.",Varies,Varies,Provider-dependent,Unknown,Varies,Provider-dependent,Varies,https://slsa.dev/,C,Не начато,Source watch — auto review,2026-08-31,,curated,discovery
SRCX-13026cab15e0,United States,Tableau,Tableau — Robotics source & credential directory,source-watch,Robotics,Robotics,catalog,⚠️ verify current offer,"Monitoring record, not a certificate claim. Verify the current official credential/course and price before calling it free.",Varies,Varies,Provider-dependent,Unknown,Varies,Provider-dependent,Varies,https://www.tableau.com/learn,C,Не начато,Source watch — auto review,2026-08-31,,curated,discovery
SRCX-06653ea132c6,United States,Texas Instruments,Texas Instruments — Robotics source & credential directory,source-watch,Robotics,Robotics,catalog,⚠️ verify current offer,"Monitoring record, not a certificate claim. Verify the current official credential/course and price before calling it free.",Varies,Varies,Provider-dependent,Unknown,Varies,Provider-dependent,Varies,https://training.ti.com/,C,Не начато,Source watch — auto review,2026-08-31,,curated,discovery
SRCX-1601f21d4fcc,Global,The Carpentries,The Carpentries — Robotics source & credential directory,source-watch,Robotics,Robotics,catalog,⚠️ verify current offer,"Monitoring record, not a certificate claim. Verify the current official credential/course and price before calling it free.",Varies,Varies,Provider-dependent,Unknown,Varies,Provider-dependent,Varies,https://carpentries.org/workshops/,C,Не начато,Source watch — auto review,2026-08-31,,curated,discovery
SRCX-08008813bf98,Global,UN CC:Learn,UN CC:Learn — Robotics source & credential directory,source-watch,Robotics,Robotics,catalog,⚠️ verify current offer,"Monitoring record, not a certificate claim. Verify the current official credential/course and price before calling it free.",Varies,Varies,Provider-dependent,Unknown,Varies,Provider-dependent,Varies,https://unccelearn.org/,C,Не начато,Source watch — auto review,2026-08-31,,curated,discovery
SRCX-1089b52ed375,United States,Akamai,Akamai — SCADA source & credential directory,source-watch,SCADA,SCADA,catalog,⚠️ verify current offer,"Monitoring record, not a certificate claim. Verify the current official credential/course and price before calling it free.",Varies,Varies,Provider-dependent,Unknown,Varies,Provider-dependent,Varies,https://www.akamai.com/learn,C,Не начато,Source watch — auto review,2026-08-31,,curated,discovery
SRCX-0fb3023fe38f,Global,Apache Software Foundation — Subprojects,Apache Software Foundation — Subprojects — SCADA source & credential directory,source-watch,SCADA,SCADA,catalog,⚠️ verify current offer,"Monitoring record, not a certificate claim. Verify the current official credential/course and price before calling it free.",Varies,Varies,Provider-dependent,Unknown,Varies,Provider-dependent,Varies,https://www.apache.org/,C,Не начато,Source watch — auto review,2026-08-31,,curated,discovery
SRCX-102c481faff7,Global,Autoware Foundation,Autoware Foundation — SCADA source & credential directory,source-watch,SCADA,SCADA,catalog,⚠️ verify current offer,"Monitoring record, not a certificate claim. Verify the current official credential/course and price before calling it free.",Varies,Varies,Provider-dependent,Unknown,Varies,Provider-dependent,Varies,https://www.autoware.org/,C,Не начато,Source watch — auto review,2026-08-31,,curated,discovery
SRCX-0a5dfce93263,United States,Cadence,Cadence — SCADA source & credential directory,source-watch,SCADA,SCADA,catalog,⚠️ verify current offer,"Monitoring record, not a certificate claim. Verify the current official credential/course and price before calling it free.",Varies,Varies,Provider-dependent,Unknown,Varies,Provider-dependent,Varies,https://www.cadence.com/,C,Не начато,Source watch — auto review,2026-08-31,,curated,discovery
SRCX-0563345d2a8c,Global,Coursera,Coursera — SCADA source & credential directory,source-watch,SCADA,SCADA,catalog,⚠️ verify current offer,"Monitoring record, not a certificate claim. Verify the current official credential/course and price before calling it free.",Varies,Varies,Provider-dependent,Unknown,Varies,Provider-dependent,Varies,https://www.coursera.org/,C,Не начато,Source watch — auto review,2026-08-31,,curated,discovery
SRCX-075c5b488130,United States,DeepLearning.AI,DeepLearning.AI — SCADA source & credential directory,source-watch,SCADA,SCADA,catalog,⚠️ verify current offer,"Monitoring record, not a certificate claim. Verify the current official credential/course and price before calling it free.",Varies,Varies,Provider-dependent,Unknown,Varies,Provider-dependent,Varies,https://www.deeplearning.ai/,C,Не начато,Source watch — auto review,2026-08-31,,curated,discovery
SRCX-04d1a43665db,China,Espressif,Espressif — SCADA source & credential directory,source-watch,SCADA,SCADA,catalog,⚠️ verify current offer,"Monitoring record, not a certificate claim. Verify the current official credential/course and price before calling it free.",Varies,Varies,Provider-dependent,Unknown,Varies,Provider-dependent,Varies,https://www.espressif.com/en/training,C,Не начато,Source watch — auto review,2026-08-31,,curated,discovery
SRCX-0fc8c57b3c7b,United States,Google for Developers,Google for Developers — SCADA source & credential directory,source-watch,SCADA,SCADA,catalog,⚠️ verify current offer,"Monitoring record, not a certificate claim. Verify the current official credential/course and price before calling it free.",Varies,Varies,Provider-dependent,Unknown,Varies,Provider-dependent,Varies,https://developers.google.com/profile/badges,C,Не начато,Source watch — auto review,2026-08-31,,curated,discovery
SRCX-0dc8cb02034a,United States,IBM,IBM — SCADA source & credential directory,source-watch,SCADA,SCADA,catalog,⚠️ verify current offer,"Monitoring record, not a certificate claim. Verify the current official credential/course and price before calling it free.",Varies,Varies,Provider-dependent,Unknown,Varies,Provider-dependent,Varies,https://skillsbuild.org/learning-catalog,C,Не начато,Source watch — auto review,2026-08-31,,curated,discovery
SRCX-0ee6d0502e87,Global,IEEE,IEEE — SCADA source & credential directory,source-watch,SCADA,SCADA,catalog,⚠️ verify current offer,"Monitoring record, not a certificate claim. Verify the current official credential/course and price before calling it free.",Varies,Varies,Provider-dependent,Unknown,Varies,Provider-dependent,Varies,https://www.ieee.org/education/,C,Не начато,Source watch — auto review,2026-08-31,,curated,discovery
SRCX-04795bfdd9ae,Global,Kubernetes,Kubernetes — SCADA source & credential directory,source-watch,SCADA,SCADA,catalog,⚠️ verify current offer,"Monitoring record, not a certificate claim. Verify the current official credential/course and price before calling it free.",Varies,Varies,Provider-dependent,Unknown,Varies,Provider-dependent,Varies,https://kubernetes.io/training/,C,Не начато,Source watch — auto review,2026-08-31,,curated,discovery
SRCX-010e094518ad,United States,MIT OpenCourseWare,MIT OpenCourseWare — SCADA source & credential directory,source-watch,SCADA,SCADA,catalog,⚠️ verify current offer,"Monitoring record, not a certificate claim. Verify the current official credential/course and price before calling it free.",Varies,Varies,Provider-dependent,Unknown,Varies,Provider-dependent,Varies,https://ocw.mit.edu/,C,Не начато,Source watch — auto review,2026-08-31,,curated,discovery
SRCX-02c0efeb9a89,United States,NIST,NIST — SCADA source & credential directory,source-watch,SCADA,SCADA,catalog,⚠️ verify current offer,"Monitoring record, not a certificate claim. Verify the current official credential/course and price before calling it free.",Varies,Varies,Provider-dependent,Unknown,Varies,Provider-dependent,Varies,https://www.nist.gov/,C,Не начато,Source watch — auto review,2026-08-31,,curated,discovery
SRCX-1234e0dba545,United States,NOAA,NOAA — SCADA source & credential directory,source-watch,SCADA,SCADA,catalog,⚠️ verify current offer,"Monitoring record, not a certificate claim. Verify the current official credential/course and price before calling it free.",Varies,Varies,Provider-dependent,Unknown,Varies,Provider-dependent,Varies,https://www.noaa.gov/education,C,Не начато,Source watch — auto review,2026-08-31,,curated,discovery
SRCX-044f02438b30,United Kingdom,PortSwigger,PortSwigger — SCADA source & credential directory,source-watch,SCADA,SCADA,catalog,⚠️ verify current offer,"Monitoring record, not a certificate claim. Verify the current official credential/course and price before calling it free.",Varies,Varies,Provider-dependent,Unknown,Varies,Provider-dependent,Varies,https://portswigger.net/web-security,C,Не начато,Source watch — auto review,2026-08-31,,curated,discovery
SRCX-020716ae964e,United States,PTC,PTC — SCADA source & credential directory,source-watch,SCADA,SCADA,catalog,⚠️ verify current offer,"Monitoring record, not a certificate claim. Verify the current official credential/course and price before calling it free.",Varies,Varies,Provider-dependent,Unknown,Varies,Provider-dependent,Varies,https://www.ptc.com/en/academic-program,C,Не начато,Source watch — auto review,2026-08-31,,curated,discovery
SRCX-065720f4875c,Russia,RЭД СОФТ,RЭД СОФТ — SCADA source & credential directory,source-watch,SCADA,SCADA,catalog,⚠️ verify current offer,"Monitoring record, not a certificate claim. Verify the current official credential/course and price before calling it free.",Varies,Varies,Provider-dependent,Unknown,Varies,Provider-dependent,Varies,https://education.red-soft.ru/,C,Не начато,Source watch — auto review,2026-08-31,,curated,discovery
SRCX-08883df898f2,France,Schneider Electric,Schneider Electric — SCADA source & credential directory,source-watch,SCADA,SCADA,catalog,⚠️ verify current offer,"Monitoring record, not a certificate claim. Verify the current official credential/course and price before calling it free.",Varies,Varies,Provider-dependent,Unknown,Varies,Provider-dependent,Varies,https://www.se.com/ww/en/work/solutions/for-business/training/,C,Не начато,Source watch — auto review,2026-08-31,,curated,discovery
SRCX-092be0302724,Germany,Siemens Digital Industries Software,Siemens Digital Industries Software — SCADA source & credential directory,source-watch,SCADA,SCADA,catalog,⚠️ verify current offer,"Monitoring record, not a certificate claim. Verify the current official credential/course and price before calling it free.",Varies,Varies,Provider-dependent,Unknown,Varies,Provider-dependent,Varies,https://training.plm.automation.siemens.com/,C,Не начато,Source watch — auto review,2026-08-31,,curated,discovery
SRCX-153b06d4286f,Russia,Stepik,Stepik — SCADA source & credential directory,source-watch,SCADA,SCADA,catalog,⚠️ verify current offer,"Monitoring record, not a certificate claim. Verify the current official credential/course and price before calling it free.",Varies,Varies,Provider-dependent,Unknown,Varies,Provider-dependent,Varies,https://stepik.org/,C,Не начато,Source watch — auto review,2026-08-31,,curated,discovery
SRCX-09a3cdb2b1fc,Global,WHO Academy,WHO Academy — SCADA source & credential directory,source-watch,SCADA,SCADA,catalog,⚠️ verify current offer,"Monitoring record, not a certificate claim. Verify the current official credential/course and price before calling it free.",Varies,Varies,Provider-dependent,Unknown,Varies,Provider-dependent,Varies,https://www.who.int/about/who-academy,C,Не начато,Source watch — auto review,2026-08-31,,curated,discovery
SRCX-094e74c0e69e,Global,3GPP,3GPP — SDR source & credential directory,source-watch,SDR,SDR,catalog,⚠️ verify current offer,"Monitoring record, not a certificate claim. Verify the current official credential/course and price before calling it free.",Varies,Varies,Provider-dependent,Unknown,Varies,Provider-dependent,Varies,https://www.3gpp.org/,C,Не начато,Source watch — auto review,2026-08-31,,curated,discovery
SRCX-09b4e2cb3c26,Switzerland,ABB,ABB — SDR source & credential directory,source-watch,SDR,SDR,catalog,⚠️ verify current offer,"Monitoring record, not a certificate claim. Verify the current official credential/course and price before calling it free.",Varies,Varies,Provider-dependent,Unknown,Varies,Provider-dependent,Varies,https://new.abb.com/service/training,C,Не начато,Source watch — auto review,2026-08-31,,curated,discovery
SRCX-12f7c4be7d66,Italy,Arduino,Arduino — SDR source & credential directory,source-watch,SDR,SDR,catalog,⚠️ verify current offer,"Monitoring record, not a certificate claim. Verify the current official credential/course and price before calling it free.",Varies,Varies,Provider-dependent,Unknown,Varies,Provider-dependent,Varies,https://docs.arduino.cc/,C,Не начато,Source watch — auto review,2026-08-31,,curated,discovery
SRCX-129605511587,United States,Broadcom VMware,Broadcom VMware — SDR source & credential directory,source-watch,SDR,SDR,catalog,⚠️ verify current offer,"Monitoring record, not a certificate claim. Verify the current official credential/course and price before calling it free.",Varies,Varies,Provider-dependent,Unknown,Varies,Provider-dependent,Varies,https://www.vmware.com/learning.html,C,Не начато,Source watch — auto review,2026-08-31,,curated,discovery
SRCX-0f1a0691571a,Global,CNCF,CNCF — SDR source & credential directory,source-watch,SDR,SDR,catalog,⚠️ verify current offer,"Monitoring record, not a certificate claim. Verify the current official credential/course and price before calling it free.",Varies,Varies,Provider-dependent,Unknown,Varies,Provider-dependent,Varies,https://www.cncf.io/training/,C,Не начато,Source watch — auto review,2026-08-31,,curated,discovery
SRCX-10b27703c3ca,United States,Datadog,Datadog — SDR source & credential directory,source-watch,SDR,SDR,catalog,⚠️ verify current offer,"Monitoring record, not a certificate claim. Verify the current official credential/course and price before calling it free.",Varies,Varies,Provider-dependent,Unknown,Varies,Provider-dependent,Varies,https://learn.datadoghq.com/,C,Не начато,Source watch — auto review,2026-08-31,,curated,discovery
SRCX-11514b7fbfee,United States,Epic Games,Epic Games — SDR source & credential directory,source-watch,SDR,SDR,catalog,⚠️ verify current offer,"Monitoring record, not a certificate claim. Verify the current official credential/course and price before calling it free.",Varies,Varies,Provider-dependent,Unknown,Varies,Provider-dependent,Varies,https://dev.epicgames.com/community/,C,Не начато,Source watch — auto review,2026-08-31,,curated,discovery
SRCX-13cf3cc2c2bf,United States,Esri,Esri — SDR source & credential directory,source-watch,SDR,SDR,catalog,⚠️ verify current offer,"Monitoring record, not a certificate claim. Verify the current official credential/course and price before calling it free.",Varies,Varies,Provider-dependent,Unknown,Varies,Provider-dependent,Varies,https://www.esri.com/training/,C,Не начато,Source watch — auto review,2026-08-31,,curated,discovery
SRCX-12e8a396285c,Europe,ETSI,ETSI — SDR source & credential directory,source-watch,SDR,SDR,catalog,⚠️ verify current offer,"Monitoring record, not a certificate claim. Verify the current official credential/course and price before calling it free.",Varies,Varies,Provider-dependent,Unknown,Varies,Provider-dependent,Varies,https://www.etsi.org/education,C,Не начато,Source watch — auto review,2026-08-31,,curated,discovery
SRCX-0202244de741,European Union,EU Academy,EU Academy — SDR source & credential directory,source-watch,SDR,SDR,catalog,⚠️ verify current offer,"Monitoring record, not a certificate claim. Verify the current official credential/course and price before calling it free.",Varies,Varies,Provider-dependent,Unknown,Varies,Provider-dependent,Varies,https://academy.europa.eu/,C,Не начато,Source watch — auto review,2026-08-31,,curated,discovery
SRCX-0e411d50770a,United States,GitLab Learn,GitLab Learn — SDR source & credential directory,source-watch,SDR,SDR,catalog,⚠️ verify current offer,"Monitoring record, not a certificate claim. Verify the current official credential/course and price before calling it free.",Varies,Varies,Provider-dependent,Unknown,Varies,Provider-dependent,Varies,https://about.gitlab.com/learn/,C,Не начато,Source watch — auto review,2026-08-31,,curated,discovery
SRCX-0b2234b5b4cb,Australia,Jira Service Management,Jira Service Management — SDR source & credential directory,source-watch,SDR,SDR,catalog,⚠️ verify current offer,"Monitoring record, not a certificate claim. Verify the current official credential/course and price before calling it free.",Varies,Varies,Provider-dependent,Unknown,Varies,Provider-dependent,Varies,https://university.atlassian.com/,C,Не начато,Source watch — auto review,2026-08-31,,curated,discovery
SRCX-0b7c0b5b82f5,United States,NIST,NIST — SDR source & credential directory,source-watch,SDR,SDR,catalog,⚠️ verify current offer,"Monitoring record, not a certificate claim. Verify the current official credential/course and price before calling it free.",Varies,Varies,Provider-dependent,Unknown,Varies,Provider-dependent,Varies,https://www.nist.gov/,C,Не начато,Source watch — auto review,2026-08-31,,curated,discovery
SRCX-14b6e47f32e2,United States,NVIDIA,NVIDIA — SDR source & credential directory,source-watch,SDR,SDR,catalog,⚠️ verify current offer,"Monitoring record, not a certificate claim. Verify the current official credential/course and price before calling it free.",Varies,Varies,Provider-dependent,Unknown,Varies,Provider-dependent,Varies,https://www.nvidia.com/training/,C,Не начато,Source watch — auto review,2026-08-31,,curated,discovery
SRCX-1314f12d9389,Japan,Omron,Omron — SDR source & credential directory,source-watch,SDR,SDR,catalog,⚠️ verify current offer,"Monitoring record, not a certificate claim. Verify the current official credential/course and price before calling it free.",Varies,Varies,Provider-dependent,Unknown,Varies,Provider-dependent,Varies,https://www.omron.com/global/en/technology/training/,C,Не начато,Source watch — auto review,2026-08-31,,curated,discovery
SRCX-01e03bc686bd,United States,OpenAI Academy,OpenAI Academy — SDR source & credential directory,source-watch,SDR,SDR,catalog,⚠️ verify current offer,"Monitoring record, not a certificate claim. Verify the current official credential/course and price before calling it free.",Varies,Varies,Provider-dependent,Unknown,Varies,Provider-dependent,Varies,https://academy.openai.com/,C,Не начато,Source watch — auto review,2026-08-31,,curated,discovery
SRCX-011e2db1d1c8,United States,Power BI / Microsoft,Power BI / Microsoft — SDR source & credential directory,source-watch,SDR,SDR,catalog,⚠️ verify current offer,"Monitoring record, not a certificate claim. Verify the current official credential/course and price before calling it free.",Varies,Varies,Provider-dependent,Unknown,Varies,Provider-dependent,Varies,https://learn.microsoft.com/training/powerplatform/power-bi/,C,Не начато,Source watch — auto review,2026-08-31,,curated,discovery
SRCX-09f2ab05d865,United States,Rockwell Automation,Rockwell Automation — SDR source & credential directory,source-watch,SDR,SDR,catalog,⚠️ verify current offer,"Monitoring record, not a certificate claim. Verify the current official credential/course and price before calling it free.",Varies,Varies,Provider-dependent,Unknown,Varies,Provider-dependent,Varies,https://www.rockwellautomation.com/en-us/services/training.html,C,Не начато,Source watch — auto review,2026-08-31,,curated,discovery
SRCX-0be7f42b8ea0,United States,RStudio / Posit,RStudio / Posit — SDR source & credential directory,source-watch,SDR,SDR,catalog,⚠️ verify current offer,"Monitoring record, not a certificate claim. Verify the current official credential/course and price before calling it free.",Varies,Varies,Provider-dependent,Unknown,Varies,Provider-dependent,Varies,https://posit.co/learn/,C,Не начато,Source watch — auto review,2026-08-31,,curated,discovery
SRCX-129fdc783f0d,United States,Scrum.org,Scrum.org — SDR source & credential directory,source-watch,SDR,SDR,catalog,⚠️ verify current offer,"Monitoring record, not a certificate claim. Verify the current official credential/course and price before calling it free.",Varies,Varies,Provider-dependent,Unknown,Varies,Provider-dependent,Varies,https://www.scrum.org/professional-training,C,Не начато,Source watch — auto review,2026-08-31,,curated,discovery
SRCX-0c8306a0114b,Global,SLSA,SLSA — SDR source & credential directory,source-watch,SDR,SDR,catalog,⚠️ verify current offer,"Monitoring record, not a certificate claim. Verify the current official credential/course and price before calling it free.",Varies,Varies,Provider-dependent,Unknown,Varies,Provider-dependent,Varies,https://slsa.dev/,C,Не начато,Source watch — auto review,2026-08-31,,curated,discovery
SRCX-01aacd5ecaf3,United States,Splunk,Splunk — SDR source & credential directory,source-watch,SDR,SDR,catalog,⚠️ verify current offer,"Monitoring record, not a certificate claim. Verify the current official credential/course and price before calling it free.",Varies,Varies,Provider-dependent,Unknown,Varies,Provider-dependent,Varies,https://www.splunk.com/en_us/training.html,C,Не начато,Source watch — auto review,2026-08-31,,curated,discovery
SRCX-15fcfa648283,United States,Tableau,Tableau — SDR source & credential directory,source-watch,SDR,SDR,catalog,⚠️ verify current offer,"Monitoring record, not a certificate claim. Verify the current official credential/course and price before calling it free.",Varies,Varies,Provider-dependent,Unknown,Varies,Provider-dependent,Varies,https://www.tableau.com/learn,C,Не начато,Source watch — auto review,2026-08-31,,curated,discovery
SRCX-03ddfd68ca52,Switzerland,Web3 Foundation,Web3 Foundation — SDR source & credential directory,source-watch,SDR,SDR,catalog,⚠️ verify current offer,"Monitoring record, not a certificate claim. Verify the current official credential/course and price before calling it free.",Varies,Varies,Provider-dependent,Unknown,Varies,Provider-dependent,Varies,https://web3.foundation/,C,Не начато,Source watch — auto review,2026-08-31,,curated,discovery
SRCX-0408e0496b5a,United States,Autodesk,Autodesk — SRE source & credential directory,source-watch,SRE,SRE,catalog,⚠️ verify current offer,"Monitoring record, not a certificate claim. Verify the current official credential/course and price before calling it free.",Varies,Varies,Provider-dependent,Unknown,Varies,Provider-dependent,Varies,https://www.autodesk.com/certification/overview,C,Не начато,Source watch — auto review,2026-08-31,,curated,discovery
SRCX-10928625fd48,Germany,Bosch Rexroth,Bosch Rexroth — SRE source & credential directory,source-watch,SRE,SRE,catalog,⚠️ verify current offer,"Monitoring record, not a certificate claim. Verify the current official credential/course and price before calling it free.",Varies,Varies,Provider-dependent,Unknown,Varies,Provider-dependent,Varies,https://www.boschrexroth.com/en/xc/training/,C,Не начато,Source watch — auto review,2026-08-31,,curated,discovery
SRCX-015fa5517175,United States,GitHub,GitHub — SRE source & credential directory,source-watch,SRE,SRE,catalog,⚠️ verify current offer,"Monitoring record, not a certificate claim. Verify the current official credential/course and price before calling it free.",Varies,Varies,Provider-dependent,Unknown,Varies,Provider-dependent,Varies,https://learn.github.com/certifications,C,Не начато,Source watch — auto review,2026-08-31,,curated,discovery
SRCX-01d04b1ad277,United States,IBM,IBM — SRE source & credential directory,source-watch,SRE,SRE,catalog,⚠️ verify current offer,"Monitoring record, not a certificate claim. Verify the current official credential/course and price before calling it free.",Varies,Varies,Provider-dependent,Unknown,Varies,Provider-dependent,Varies,https://skillsbuild.org/learning-catalog,C,Не начато,Source watch — auto review,2026-08-31,,curated,discovery
SRCX-10647a354d2e,Global,ISC2 Learning,ISC2 Learning — SRE source & credential directory,source-watch,SRE,SRE,catalog,⚠️ verify current offer,"Monitoring record, not a certificate claim. Verify the current official credential/course and price before calling it free.",Varies,Varies,Provider-dependent,Unknown,Varies,Provider-dependent,Varies,https://www.isc2.org/training,C,Не начато,Source watch — auto review,2026-08-31,,curated,discovery
SRCX-13754a8795d8,Czech Republic,JetBrains Academy,JetBrains Academy — SRE source & credential directory,source-watch,SRE,SRE,catalog,⚠️ verify current offer,"Monitoring record, not a certificate claim. Verify the current official credential/course and price before calling it free.",Varies,Varies,Provider-dependent,Unknown,Varies,Provider-dependent,Varies,https://www.jetbrains.com/academy/,C,Не начато,Source watch — auto review,2026-08-31,,curated,discovery
SRCX-04bff9136532,Norway,Nordic Semiconductor,Nordic Semiconductor — SRE source & credential directory,source-watch,SRE,SRE,catalog,⚠️ verify current offer,"Monitoring record, not a certificate claim. Verify the current official credential/course and price before calling it free.",Varies,Varies,Provider-dependent,Unknown,Varies,Provider-dependent,Varies,https://www.nordicsemi.com/Products/Development-tools/nRF-Connect-SDK,C,Не начато,Source watch — auto review,2026-08-31,,curated,discovery
SRCX-104b841f9057,Netherlands,NXP Semiconductors,NXP Semiconductors — SRE source & credential directory,source-watch,SRE,SRE,catalog,⚠️ verify current offer,"Monitoring record, not a certificate claim. Verify the current official credential/course and price before calling it free.",Varies,Varies,Provider-dependent,Unknown,Varies,Provider-dependent,Varies,https://www.nxp.com/design/training:TRAINING,C,Не начато,Source watch — auto review,2026-08-31,,curated,discovery
SRCX-0a704b3a64b3,United States,OpenAI Academy,OpenAI Academy — SRE source & credential directory,source-watch,SRE,SRE,catalog,⚠️ verify current offer,"Monitoring record, not a certificate claim. Verify the current official credential/course and price before calling it free.",Varies,Varies,Provider-dependent,Unknown,Varies,Provider-dependent,Varies,https://academy.openai.com/,C,Не начато,Source watch — auto review,2026-08-31,,curated,discovery
SRCX-0f862df59d6a,Global,OpenTelemetry,OpenTelemetry — SRE source & credential directory,source-watch,SRE,SRE,catalog,⚠️ verify current offer,"Monitoring record, not a certificate claim. Verify the current official credential/course and price before calling it free.",Varies,Varies,Provider-dependent,Unknown,Varies,Provider-dependent,Varies,https://opentelemetry.io/,C,Не начато,Source watch — auto review,2026-08-31,,curated,discovery
SRCX-0e4ce6889549,Global,OpenTofu,OpenTofu — SRE source & credential directory,source-watch,SRE,SRE,catalog,⚠️ verify current offer,"Monitoring record, not a certificate claim. Verify the current official credential/course and price before calling it free.",Varies,Varies,Provider-dependent,Unknown,Varies,Provider-dependent,Varies,https://opentofu.org/,C,Не начато,Source watch — auto review,2026-08-31,,curated,discovery
SRCX-0ea5cce8c47d,Global,OpenWHO,OpenWHO — SRE source & credential directory,source-watch,SRE,SRE,catalog,⚠️ verify current offer,"Monitoring record, not a certificate claim. Verify the current official credential/course and price before calling it free.",Varies,Varies,Provider-dependent,Unknown,Varies,Provider-dependent,Varies,https://openwho.org/,C,Не начато,Source watch — auto review,2026-08-31,,curated,discovery
SRCX-09a08d228e9b,Russia,Positive Technologies,Positive Technologies — SRE source & credential directory,source-watch,SRE,SRE,catalog,⚠️ verify current offer,"Monitoring record, not a certificate claim. Verify the current official credential/course and price before calling it free.",Varies,Varies,Provider-dependent,Unknown,Varies,Provider-dependent,Varies,https://edu.ptsecurity.com/,C,Не начато,Source watch — auto review,2026-08-31,,curated,discovery
SRCX-0b3213726b6c,United States,Postman,Postman — SRE source & credential directory,source-watch,SRE,SRE,catalog,⚠️ verify current offer,"Monitoring record, not a certificate claim. Verify the current official credential/course and price before calling it free.",Varies,Varies,Provider-dependent,Unknown,Varies,Provider-dependent,Varies,https://academy.postman.com/,C,Не начато,Source watch — auto review,2026-08-31,,curated,discovery
SRCX-0f8b2e9e07b5,Global,RISC-V International,RISC-V International — SRE source & credential directory,source-watch,SRE,SRE,catalog,⚠️ verify current offer,"Monitoring record, not a certificate claim. Verify the current official credential/course and price before calling it free.",Varies,Varies,Provider-dependent,Unknown,Varies,Provider-dependent,Varies,https://riscv.org/learn/,C,Не начато,Source watch — auto review,2026-08-31,,curated,discovery
SRCX-0bf6af951c5c,United States,Salesforce Trailhead,Salesforce Trailhead — SRE source & credential directory,source-watch,SRE,SRE,catalog,⚠️ verify current offer,"Monitoring record, not a certificate claim. Verify the current official credential/course and price before calling it free.",Varies,Varies,Provider-dependent,Unknown,Varies,Provider-dependent,Varies,https://trailhead.salesforce.com/,C,Не начато,Source watch — auto review,2026-08-31,,curated,discovery
SRCX-13cd21a11ac1,United States,SANS Institute,SANS Institute — SRE source & credential directory,source-watch,SRE,SRE,catalog,⚠️ verify current offer,"Monitoring record, not a certificate claim. Verify the current official credential/course and price before calling it free.",Varies,Varies,Provider-dependent,Unknown,Varies,Provider-dependent,Varies,https://www.sans.org/,C,Не начато,Source watch — auto review,2026-08-31,,curated,discovery
SRCX-1538e5c08fef,Global,Software Carpentries,Software Carpentries — SRE source & credential directory,source-watch,SRE,SRE,catalog,⚠️ verify current offer,"Monitoring record, not a certificate claim. Verify the current official credential/course and price before calling it free.",Varies,Varies,Provider-dependent,Unknown,Varies,Provider-dependent,Varies,https://software-carpentry.org/,C,Не начато,Source watch — auto review,2026-08-31,,curated,discovery
SRCX-10eefff57bc9,Russia,1C,1C — Security Operations source & credential directory,source-watch,Security Operations,Security Operations,catalog,⚠️ verify current offer,"Monitoring record, not a certificate claim. Verify the current official credential/course and price before calling it free.",Varies,Varies,Provider-dependent,Unknown,Varies,Provider-dependent,Varies,https://1c.ru/,C,Не начато,Source watch — auto review,2026-08-31,,curated,discovery
SRCX-0c5214fdaa9c,Switzerland,ABB,ABB — Security Operations source & credential directory,source-watch,Security Operations,Security Operations,catalog,⚠️ verify current offer,"Monitoring record, not a certificate claim. Verify the current official credential/course and price before calling it free.",Varies,Varies,Provider-dependent,Unknown,Varies,Provider-dependent,Varies,https://new.abb.com/service/training,C,Не начато,Source watch — auto review,2026-08-31,,curated,discovery
SRCX-08c51354d83e,Italy,Arduino,Arduino — Security Operations source & credential directory,source-watch,Security Operations,Security Operations,catalog,⚠️ verify current offer,"Monitoring record, not a certificate claim. Verify the current official credential/course and price before calling it free.",Varies,Varies,Provider-dependent,Unknown,Varies,Provider-dependent,Varies,https://docs.arduino.cc/,C,Не начато,Source watch — auto review,2026-08-31,,curated,discovery
SRCX-00cf65e5eac9,Global,CNCF,CNCF — Security Operations source & credential directory,source-watch,Security Operations,Security Operations,catalog,⚠️ verify current offer,"Monitoring record, not a certificate claim. Verify the current official credential/course and price before calling it free.",Varies,Varies,Provider-dependent,Unknown,Varies,Provider-dependent,Varies,https://www.cncf.io/training/,C,Не начато,Source watch — auto review,2026-08-31,,curated,discovery
SRCX-076085d2242c,United States,Datadog,Datadog — Security Operations source & credential directory,source-watch,Security Operations,Security Operations,catalog,⚠️ verify current offer,"Monitoring record, not a certificate claim. Verify the current official credential/course and price before calling it free.",Varies,Varies,Provider-dependent,Unknown,Varies,Provider-dependent,Varies,https://learn.datadoghq.com/,C,Не начато,Source watch — auto review,2026-08-31,,curated,discovery
SRCX-0d032f820d31,United States,Docker,Docker — Security Operations source & credential directory,source-watch,Security Operations,Security Operations,catalog,⚠️ verify current offer,"Monitoring record, not a certificate claim. Verify the current official credential/course and price before calling it free.",Varies,Varies,Provider-dependent,Unknown,Varies,Provider-dependent,Varies,https://www.docker.com/education/,C,Не начато,Source watch — auto review,2026-08-31,,curated,discovery
SRCX-03fd0b1e7e13,United Kingdom,FutureLearn,FutureLearn — Security Operations source & credential directory,source-watch,Security Operations,Security Operations,catalog,⚠️ verify current offer,"Monitoring record, not a certificate claim. Verify the current official credential/course and price before calling it free.",Varies,Varies,Provider-dependent,Unknown,Varies,Provider-dependent,Varies,https://www.futurelearn.com/,C,Не начато,Source watch — auto review,2026-08-31,,curated,discovery
SRCX-0fe7aab6cd7f,United States,Google for Developers,Google for Developers — Security Operations source & credential directory,source-watch,Security Operations,Security Operations,catalog,⚠️ verify current offer,"Monitoring record, not a certificate claim. Verify the current official credential/course and price before calling it free.",Varies,Varies,Provider-dependent,Unknown,Varies,Provider-dependent,Varies,https://developers.google.com/profile/badges,C,Не начато,Source watch — auto review,2026-08-31,,curated,discovery
SRCX-027104dd1e73,Sweden,Grafana Labs,Grafana Labs — Security Operations source & credential directory,source-watch,Security Operations,Security Operations,catalog,⚠️ verify current offer,"Monitoring record, not a certificate claim. Verify the current official credential/course and price before calling it free.",Varies,Varies,Provider-dependent,Unknown,Varies,Provider-dependent,Varies,https://grafana.com/training/,C,Не начато,Source watch — auto review,2026-08-31,,curated,discovery
SRCX-0a44b56c4bd2,Australia,Jira Service Management,Jira Service Management — Security Operations source & credential directory,source-watch,Security Operations,Security Operations,catalog,⚠️ verify current offer,"Monitoring record, not a certificate claim. Verify the current official credential/course and price before calling it free.",Varies,Varies,Provider-dependent,Unknown,Varies,Provider-dependent,Varies,https://university.atlassian.com/,C,Не начато,Source watch — auto review,2026-08-31,,curated,discovery
SRCX-0d3ba4cbea51,United States,New Relic,New Relic — Security Operations source & credential directory,source-watch,Security Operations,Security Operations,catalog,⚠️ verify current offer,"Monitoring record, not a certificate claim. Verify the current official credential/course and price before calling it free.",Varies,Varies,Provider-dependent,Unknown,Varies,Provider-dependent,Varies,https://learn.newrelic.com/,C,Не начато,Source watch — auto review,2026-08-31,,curated,discovery
SRCX-020b89ff83e4,United States,NI,NI — Security Operations source & credential directory,source-watch,Security Operations,Security Operations,catalog,⚠️ verify current offer,"Monitoring record, not a certificate claim. Verify the current official credential/course and price before calling it free.",Varies,Varies,Provider-dependent,Unknown,Varies,Provider-dependent,Varies,https://www.ni.com/training/,C,Не начато,Source watch — auto review,2026-08-31,,curated,discovery
SRCX-099af356643b,Norway,Nordic Semiconductor,Nordic Semiconductor — Security Operations source & credential directory,source-watch,Security Operations,Security Operations,catalog,⚠️ verify current offer,"Monitoring record, not a certificate claim. Verify the current official credential/course and price before calling it free.",Varies,Varies,Provider-dependent,Unknown,Varies,Provider-dependent,Varies,https://www.nordicsemi.com/Products/Development-tools/nRF-Connect-SDK,C,Не начато,Source watch — auto review,2026-08-31,,curated,discovery
SRCX-0ec772dbb831,Japan,Omron,Omron — Security Operations source & credential directory,source-watch,Security Operations,Security Operations,catalog,⚠️ verify current offer,"Monitoring record, not a certificate claim. Verify the current official credential/course and price before calling it free.",Varies,Varies,Provider-dependent,Unknown,Varies,Provider-dependent,Varies,https://www.omron.com/global/en/technology/training/,C,Не начато,Source watch — auto review,2026-08-31,,curated,discovery
SRCX-02c2e6333552,United States,OpenAI Academy,OpenAI Academy — Security Operations source & credential directory,source-watch,Security Operations,Security Operations,catalog,⚠️ verify current offer,"Monitoring record, not a certificate claim. Verify the current official credential/course and price before calling it free.",Varies,Varies,Provider-dependent,Unknown,Varies,Provider-dependent,Varies,https://academy.openai.com/,C,Не начато,Source watch — auto review,2026-08-31,,curated,discovery
SRCX-147210867703,Global,OpenEDX,OpenEDX — Security Operations source & credential directory,source-watch,Security Operations,Security Operations,catalog,⚠️ verify current offer,"Monitoring record, not a certificate claim. Verify the current official credential/course and price before calling it free.",Varies,Varies,Provider-dependent,Unknown,Varies,Provider-dependent,Varies,https://openedx.org/,C,Не начато,Source watch — auto review,2026-08-31,,curated,discovery
SRCX-0e9b802adeb0,United States,PagerDuty,PagerDuty — Security Operations source & credential directory,source-watch,Security Operations,Security Operations,catalog,⚠️ verify current offer,"Monitoring record, not a certificate claim. Verify the current official credential/course and price before calling it free.",Varies,Varies,Provider-dependent,Unknown,Varies,Provider-dependent,Varies,https://www.pagerduty.com/resources/,C,Не начато,Source watch — auto review,2026-08-31,,curated,discovery
SRCX-0a9da721ccb0,United States,Redis,Redis — Security Operations source & credential directory,source-watch,Security Operations,Security Operations,catalog,⚠️ verify current offer,"Monitoring record, not a certificate claim. Verify the current official credential/course and price before calling it free.",Varies,Varies,Provider-dependent,Unknown,Varies,Provider-dependent,Varies,https://university.redis.com/,C,Не начато,Source watch — auto review,2026-08-31,,curated,discovery
SRCX-1298590ce7c0,France,Schneider Electric,Schneider Electric — Security Operations source & credential directory,source-watch,Security Operations,Security Operations,catalog,⚠️ verify current offer,"Monitoring record, not a certificate claim. Verify the current official credential/course and price before calling it free.",Varies,Varies,Provider-dependent,Unknown,Varies,Provider-dependent,Varies,https://www.se.com/ww/en/work/solutions/for-business/training/,C,Не начато,Source watch — auto review,2026-08-31,,curated,discovery
SRCX-137c757109a1,Global,SLSA,SLSA — Security Operations source & credential directory,source-watch,Security Operations,Security Operations,catalog,⚠️ verify current offer,"Monitoring record, not a certificate claim. Verify the current official credential/course and price before calling it free.",Varies,Varies,Provider-dependent,Unknown,Varies,Provider-dependent,Varies,https://slsa.dev/,C,Не начато,Source watch — auto review,2026-08-31,,curated,discovery
SRCX-11690f09f598,United States,Splunk,Splunk — Security Operations source & credential directory,source-watch,Security Operations,Security Operations,catalog,⚠️ verify current offer,"Monitoring record, not a certificate claim. Verify the current official credential/course and price before calling it free.",Varies,Varies,Provider-dependent,Unknown,Varies,Provider-dependent,Varies,https://www.splunk.com/en_us/training.html,C,Не начато,Source watch — auto review,2026-08-31,,curated,discovery
SRCX-1490f17b4158,Global,UN CC:Learn,UN CC:Learn — Security Operations source & credential directory,source-watch,Security Operations,Security Operations,catalog,⚠️ verify current offer,"Monitoring record, not a certificate claim. Verify the current official credential/course and price before calling it free.",Varies,Varies,Provider-dependent,Unknown,Varies,Provider-dependent,Varies,https://unccelearn.org/,C,Не начато,Source watch — auto review,2026-08-31,,curated,discovery
SRCX-0f64a00fa006,United States,Vercel,Vercel — Security Operations source & credential directory,source-watch,Security Operations,Security Operations,catalog,⚠️ verify current offer,"Monitoring record, not a certificate claim. Verify the current official credential/course and price before calling it free.",Varies,Varies,Provider-dependent,Unknown,Varies,Provider-dependent,Varies,https://vercel.com/academy,C,Не начато,Source watch — auto review,2026-08-31,,curated,discovery
SRCX-14a2e21deac5,Global,WHO Academy,WHO Academy — Security Operations source & credential directory,source-watch,Security Operations,Security Operations,catalog,⚠️ verify current offer,"Monitoring record, not a certificate claim. Verify the current official credential/course and price before calling it free.",Varies,Varies,Provider-dependent,Unknown,Varies,Provider-dependent,Varies,https://www.who.int/about/who-academy,C,Не начато,Source watch — auto review,2026-08-31,,curated,discovery
SRCX-07ae1fe0a3d7,United States,Xilinx / AMD Adaptive Computing,Xilinx / AMD Adaptive Computing — Security Operations source & credential directory,source-watch,Security Operations,Security Operations,catalog,⚠️ verify current offer,"Monitoring record, not a certificate claim. Verify the current official credential/course and price before calling it free.",Varies,Varies,Provider-dependent,Unknown,Varies,Provider-dependent,Varies,https://www.amd.com/en/corporate/university-programs.html,C,Не начато,Source watch — auto review,2026-08-31,,curated,discovery
SRCX-15207a9944c5,Russia,Нетология,Нетология — Security Operations source & credential directory,source-watch,Security Operations,Security Operations,catalog,⚠️ verify current offer,"Monitoring record, not a certificate claim. Verify the current official credential/course and price before calling it free.",Varies,Varies,Provider-dependent,Unknown,Varies,Provider-dependent,Varies,https://netology.ru/,C,Не начато,Source watch — auto review,2026-08-31,,curated,discovery
SRCX-030e2d108e10,Global,Autoware Foundation,Autoware Foundation — Semiconductors source & credential directory,source-watch,Semiconductors,Semiconductors,catalog,⚠️ verify current offer,"Monitoring record, not a certificate claim. Verify the current official credential/course and price before calling it free.",Varies,Varies,Provider-dependent,Unknown,Varies,Provider-dependent,Varies,https://www.autoware.org/,C,Не начато,Source watch — auto review,2026-08-31,,curated,discovery
SRCX-0345123296ce,United States,Broadcom VMware,Broadcom VMware — Semiconductors source & credential directory,source-watch,Semiconductors,Semiconductors,catalog,⚠️ verify current offer,"Monitoring record, not a certificate claim. Verify the current official credential/course and price before calling it free.",Varies,Varies,Provider-dependent,Unknown,Varies,Provider-dependent,Varies,https://www.vmware.com/learning.html,C,Не начато,Source watch — auto review,2026-08-31,,curated,discovery
SRCX-005d49b050fe,Global,Cloud Security Alliance,Cloud Security Alliance — Semiconductors source & credential directory,source-watch,Semiconductors,Semiconductors,catalog,⚠️ verify current offer,"Monitoring record, not a certificate claim. Verify the current official credential/course and price before calling it free.",Varies,Varies,Provider-dependent,Unknown,Varies,Provider-dependent,Varies,https://cloudsecurityalliance.org/education,C,Не начато,Source watch — auto review,2026-08-31,,curated,discovery
SRCX-1183eab266fd,European Union,EIT Digital,EIT Digital — Semiconductors source & credential directory,source-watch,Semiconductors,Semiconductors,catalog,⚠️ verify current offer,"Monitoring record, not a certificate claim. Verify the current official credential/course and price before calling it free.",Varies,Varies,Provider-dependent,Unknown,Varies,Provider-dependent,Varies,https://www.eitdigital.eu/,C,Не начато,Source watch — auto review,2026-08-31,,curated,discovery
SRCX-09bb006bb555,European Union,EIT Health,EIT Health — Semiconductors source & credential directory,source-watch,Semiconductors,Semiconductors,catalog,⚠️ verify current offer,"Monitoring record, not a certificate claim. Verify the current official credential/course and price before calling it free.",Varies,Varies,Provider-dependent,Unknown,Varies,Provider-dependent,Varies,https://eithealth.eu/,C,Не начато,Source watch — auto review,2026-08-31,,curated,discovery
SRCX-04711300ac1c,Europe,ESA,ESA — Semiconductors source & credential directory,source-watch,Semiconductors,Semiconductors,catalog,⚠️ verify current offer,"Monitoring record, not a certificate claim. Verify the current official credential/course and price before calling it free.",Varies,Varies,Provider-dependent,Unknown,Varies,Provider-dependent,Varies,https://learningzone.esa.int/,C,Не начато,Source watch — auto review,2026-08-31,,curated,discovery
SRCX-0e3731baae60,China,Espressif,Espressif — Semiconductors source & credential directory,source-watch,Semiconductors,Semiconductors,catalog,⚠️ verify current offer,"Monitoring record, not a certificate claim. Verify the current official credential/course and price before calling it free.",Varies,Varies,Provider-dependent,Unknown,Varies,Provider-dependent,Varies,https://www.espressif.com/en/training,C,Не начато,Source watch — auto review,2026-08-31,,curated,discovery
SRCX-107008964305,Global,IETF,IETF — Semiconductors source & credential directory,source-watch,Semiconductors,Semiconductors,catalog,⚠️ verify current offer,"Monitoring record, not a certificate claim. Verify the current official credential/course and price before calling it free.",Varies,Varies,Provider-dependent,Unknown,Varies,Provider-dependent,Varies,https://www.ietf.org/education/,C,Не начато,Source watch — auto review,2026-08-31,,curated,discovery
SRCX-084dfd85db46,Russia,Kaspersky,Kaspersky — Semiconductors source & credential directory,source-watch,Semiconductors,Semiconductors,catalog,⚠️ verify current offer,"Monitoring record, not a certificate claim. Verify the current official credential/course and price before calling it free.",Varies,Varies,Provider-dependent,Unknown,Varies,Provider-dependent,Varies,https://certification.kaspersky.com/,C,Не начато,Source watch — auto review,2026-08-31,,curated,discovery
SRCX-1300cb1c7f47,United States,Looker / Google,Looker / Google — Semiconductors source & credential directory,source-watch,Semiconductors,Semiconductors,catalog,⚠️ verify current offer,"Monitoring record, not a certificate claim. Verify the current official credential/course and price before calling it free.",Varies,Varies,Provider-dependent,Unknown,Varies,Provider-dependent,Varies,https://cloud.google.com/looker/docs,C,Не начато,Source watch — auto review,2026-08-31,,curated,discovery
SRCX-04093eb8b058,Global,OpenEDX,OpenEDX — Semiconductors source & credential directory,source-watch,Semiconductors,Semiconductors,catalog,⚠️ verify current offer,"Monitoring record, not a certificate claim. Verify the current official credential/course and price before calling it free.",Varies,Varies,Provider-dependent,Unknown,Varies,Provider-dependent,Varies,https://openedx.org/,C,Не начато,Source watch — auto review,2026-08-31,,curated,discovery
SRCX-10e90089ab8e,United States,PagerDuty,PagerDuty — Semiconductors source & credential directory,source-watch,Semiconductors,Semiconductors,catalog,⚠️ verify current offer,"Monitoring record, not a certificate claim. Verify the current official credential/course and price before calling it free.",Varies,Varies,Provider-dependent,Unknown,Varies,Provider-dependent,Varies,https://www.pagerduty.com/resources/,C,Не начато,Source watch — auto review,2026-08-31,,curated,discovery
SRCX-1423b43c6371,United States,Power BI / Microsoft,Power BI / Microsoft — Semiconductors source & credential directory,source-watch,Semiconductors,Semiconductors,catalog,⚠️ verify current offer,"Monitoring record, not a certificate claim. Verify the current official credential/course and price before calling it free.",Varies,Varies,Provider-dependent,Unknown,Varies,Provider-dependent,Varies,https://learn.microsoft.com/training/powerplatform/power-bi/,C,Не начато,Source watch — auto review,2026-08-31,,curated,discovery
SRCX-0d28d8e2cf6d,United States,Rockwell Automation,Rockwell Automation — Semiconductors source & credential directory,source-watch,Semiconductors,Semiconductors,catalog,⚠️ verify current offer,"Monitoring record, not a certificate claim. Verify the current official credential/course and price before calling it free.",Varies,Varies,Provider-dependent,Unknown,Varies,Provider-dependent,Varies,https://www.rockwellautomation.com/en-us/services/training.html,C,Не начато,Source watch — auto review,2026-08-31,,curated,discovery
SRCX-092b6d82c9f9,United States,Scrum Alliance,Scrum Alliance — Semiconductors source & credential directory,source-watch,Semiconductors,Semiconductors,catalog,⚠️ verify current offer,"Monitoring record, not a certificate claim. Verify the current official credential/course and price before calling it free.",Varies,Varies,Provider-dependent,Unknown,Varies,Provider-dependent,Varies,https://www.scrumalliance.org/get-certified,C,Не начато,Source watch — auto review,2026-08-31,,curated,discovery
SRCX-01b36034415b,Switzerland,STMicroelectronics,STMicroelectronics — Semiconductors source & credential directory,source-watch,Semiconductors,Semiconductors,catalog,⚠️ verify current offer,"Monitoring record, not a certificate claim. Verify the current official credential/course and price before calling it free.",Varies,Varies,Provider-dependent,Unknown,Varies,Provider-dependent,Varies,https://www.st.com/content/st_com/en/about/training.html,C,Не начато,Source watch — auto review,2026-08-31,,curated,discovery
SRCX-05f48b291b09,Global,UN CC:Learn,UN CC:Learn — Semiconductors source & credential directory,source-watch,Semiconductors,Semiconductors,catalog,⚠️ verify current offer,"Monitoring record, not a certificate claim. Verify the current official credential/course and price before calling it free.",Varies,Varies,Provider-dependent,Unknown,Varies,Provider-dependent,Varies,https://unccelearn.org/,C,Не начато,Source watch — auto review,2026-08-31,,curated,discovery
SRCX-10022f69bb85,United States,Alteryx,Alteryx — Signal Processing source & credential directory,source-watch,Signal Processing,Signal Processing,catalog,⚠️ verify current offer,"Monitoring record, not a certificate claim. Verify the current official credential/course and price before calling it free.",Varies,Varies,Provider-dependent,Unknown,Varies,Provider-dependent,Varies,https://community.alteryx.com/,C,Не начато,Source watch — auto review,2026-08-31,,curated,discovery
SRCX-01a243d1557b,Global,Apache Software Foundation — Subprojects,Apache Software Foundation — Subprojects — Signal Processing source & credential directory,source-watch,Signal Processing,Signal Processing,catalog,⚠️ verify current offer,"Monitoring record, not a certificate claim. Verify the current official credential/course and price before calling it free.",Varies,Varies,Provider-dependent,Unknown,Varies,Provider-dependent,Varies,https://www.apache.org/,C,Не начато,Source watch — auto review,2026-08-31,,curated,discovery
SRCX-047005d30a59,United States,Broadcom,Broadcom — Signal Processing source & credential directory,source-watch,Signal Processing,Signal Processing,catalog,⚠️ verify current offer,"Monitoring record, not a certificate claim. Verify the current official credential/course and price before calling it free.",Varies,Varies,Provider-dependent,Unknown,Varies,Provider-dependent,Varies,https://www.broadcom.com/support/training,C,Не начато,Source watch — auto review,2026-08-31,,curated,discovery
SRCX-13b9b6a55028,Global,Cloud Security Alliance,Cloud Security Alliance — Signal Processing source & credential directory,source-watch,Signal Processing,Signal Processing,catalog,⚠️ verify current offer,"Monitoring record, not a certificate claim. Verify the current official credential/course and price before calling it free.",Varies,Varies,Provider-dependent,Unknown,Varies,Provider-dependent,Varies,https://cloudsecurityalliance.org/education,C,Не начато,Source watch — auto review,2026-08-31,,curated,discovery
SRCX-063d0442e0c9,Global,Data Carpentries,Data Carpentries — Signal Processing source & credential directory,source-watch,Signal Processing,Signal Processing,catalog,⚠️ verify current offer,"Monitoring record, not a certificate claim. Verify the current official credential/course and price before calling it free.",Varies,Varies,Provider-dependent,Unknown,Varies,Provider-dependent,Varies,https://datacarpentries.org/,C,Не начато,Source watch — auto review,2026-08-31,,curated,discovery
SRCX-02e38587818e,United States,Epic Games,Epic Games — Signal Processing source & credential directory,source-watch,Signal Processing,Signal Processing,catalog,⚠️ verify current offer,"Monitoring record, not a certificate claim. Verify the current official credential/course and price before calling it free.",Varies,Varies,Provider-dependent,Unknown,Varies,Provider-dependent,Varies,https://dev.epicgames.com/community/,C,Не начато,Source watch — auto review,2026-08-31,,curated,discovery
SRCX-06aa49a81a07,United States,Lattice Semiconductor,Lattice Semiconductor — Signal Processing source & credential directory,source-watch,Signal Processing,Signal Processing,catalog,⚠️ verify current offer,"Monitoring record, not a certificate claim. Verify the current official credential/course and price before calling it free.",Varies,Varies,Provider-dependent,Unknown,Varies,Provider-dependent,Varies,https://www.latticesemi.com/Support,C,Не начато,Source watch — auto review,2026-08-31,,curated,discovery
SRCX-0d1411010f46,United States,MathWorks,MathWorks — Signal Processing source & credential directory,source-watch,Signal Processing,Signal Processing,catalog,⚠️ verify current offer,"Monitoring record, not a certificate claim. Verify the current official credential/course and price before calling it free.",Varies,Varies,Provider-dependent,Unknown,Varies,Provider-dependent,Varies,https://www.mathworks.com/learn/training.html,C,Не начато,Source watch — auto review,2026-08-31,,curated,discovery
SRCX-01a020148341,United States,NVIDIA,NVIDIA — Signal Processing source & credential directory,source-watch,Signal Processing,Signal Processing,catalog,⚠️ verify current offer,"Monitoring record, not a certificate claim. Verify the current official credential/course and price before calling it free.",Varies,Varies,Provider-dependent,Unknown,Varies,Provider-dependent,Varies,https://www.nvidia.com/training/,C,Не начато,Source watch — auto review,2026-08-31,,curated,discovery
SRCX-06cb021acce9,United States,PyTorch,PyTorch — Signal Processing source & credential directory,source-watch,Signal Processing,Signal Processing,catalog,⚠️ verify current offer,"Monitoring record, not a certificate claim. Verify the current official credential/course and price before calling it free.",Varies,Varies,Provider-dependent,Unknown,Varies,Provider-dependent,Varies,https://pytorch.org/,C,Не начато,Source watch — auto review,2026-08-31,,curated,discovery
SRCX-04d1b6267eb0,Global,ROS,ROS — Signal Processing source & credential directory,source-watch,Signal Processing,Signal Processing,catalog,⚠️ verify current offer,"Monitoring record, not a certificate claim. Verify the current official credential/course and price before calling it free.",Varies,Varies,Provider-dependent,Unknown,Varies,Provider-dependent,Varies,https://www.ros.org/,C,Не начато,Source watch — auto review,2026-08-31,,curated,discovery
SRCX-05213e7d9c05,United States,RStudio / Posit,RStudio / Posit — Signal Processing source & credential directory,source-watch,Signal Processing,Signal Processing,catalog,⚠️ verify current offer,"Monitoring record, not a certificate claim. Verify the current official credential/course and price before calling it free.",Varies,Varies,Provider-dependent,Unknown,Varies,Provider-dependent,Varies,https://posit.co/learn/,C,Не начато,Source watch — auto review,2026-08-31,,curated,discovery
SRCX-0fcfd32a9182,Germany,SAP,SAP — Signal Processing source & credential directory,source-watch,Signal Processing,Signal Processing,catalog,⚠️ verify current offer,"Monitoring record, not a certificate claim. Verify the current official credential/course and price before calling it free.",Varies,Varies,Provider-dependent,Unknown,Varies,Provider-dependent,Varies,https://learning.sap.com/,C,Не начато,Source watch — auto review,2026-08-31,,curated,discovery
SRCX-058c0de58d17,United States,Silicon Labs,Silicon Labs — Signal Processing source & credential directory,source-watch,Signal Processing,Signal Processing,catalog,⚠️ verify current offer,"Monitoring record, not a certificate claim. Verify the current official credential/course and price before calling it free.",Varies,Varies,Provider-dependent,Unknown,Varies,Provider-dependent,Varies,https://www.silabs.com/training,C,Не начато,Source watch — auto review,2026-08-31,,curated,discovery
SRCX-02e98f2e2f92,Russia,Группа Астра,Группа Астра — Signal Processing source & credential directory,source-watch,Signal Processing,Signal Processing,catalog,⚠️ verify current offer,"Monitoring record, not a certificate claim. Verify the current official credential/course and price before calling it free.",Varies,Varies,Provider-dependent,Unknown,Varies,Provider-dependent,Varies,https://astra.ru/training/,C,Не начато,Source watch — auto review,2026-08-31,,curated,discovery
SRCX-142e3ecd5ec1,Russia,Т-Банк Education,Т-Банк Education — Signal Processing source & credential directory,source-watch,Signal Processing,Signal Processing,catalog,⚠️ verify current offer,"Monitoring record, not a certificate claim. Verify the current official credential/course and price before calling it free.",Varies,Varies,Provider-dependent,Unknown,Varies,Provider-dependent,Varies,https://education.tbank.ru/,C,Не начато,Source watch — auto review,2026-08-31,,curated,discovery
SRCX-02f72a8832b5,Russia,1C,1C — Smart Cities source & credential directory,source-watch,Smart Cities,Smart Cities,catalog,⚠️ verify current offer,"Monitoring record, not a certificate claim. Verify the current official credential/course and price before calling it free.",Varies,Varies,Provider-dependent,Unknown,Varies,Provider-dependent,Varies,https://1c.ru/,C,Не начато,Source watch — auto review,2026-08-31,,curated,discovery
SRCX-0141acf37752,Australia,Altium,Altium — Smart Cities source & credential directory,source-watch,Smart Cities,Smart Cities,catalog,⚠️ verify current offer,"Monitoring record, not a certificate claim. Verify the current official credential/course and price before calling it free.",Varies,Varies,Provider-dependent,Unknown,Varies,Provider-dependent,Varies,https://www.altium.com/education,C,Не начато,Source watch — auto review,2026-08-31,,curated,discovery
SRCX-032ff76785d9,United Kingdom,FutureLearn,FutureLearn — Smart Cities source & credential directory,source-watch,Smart Cities,Smart Cities,catalog,⚠️ verify current offer,"Monitoring record, not a certificate claim. Verify the current official credential/course and price before calling it free.",Varies,Varies,Provider-dependent,Unknown,Varies,Provider-dependent,Varies,https://www.futurelearn.com/,C,Не начато,Source watch — auto review,2026-08-31,,curated,discovery
SRCX-047cc7528497,United States/France,Hugging Face,Hugging Face — Smart Cities source & credential directory,source-watch,Smart Cities,Smart Cities,catalog,⚠️ verify current offer,"Monitoring record, not a certificate claim. Verify the current official credential/course and price before calling it free.",Varies,Varies,Provider-dependent,Unknown,Varies,Provider-dependent,Varies,https://huggingface.co/learn,C,Не начато,Source watch — auto review,2026-08-31,,curated,discovery
SRCX-1534c4389f31,Switzerland,IEC,IEC — Smart Cities source & credential directory,source-watch,Smart Cities,Smart Cities,catalog,⚠️ verify current offer,"Monitoring record, not a certificate claim. Verify the current official credential/course and price before calling it free.",Varies,Varies,Provider-dependent,Unknown,Varies,Provider-dependent,Varies,https://www.iec.ch/,C,Не начато,Source watch — auto review,2026-08-31,,curated,discovery
SRCX-09d005f6e37e,Taiwan,MediaTek,MediaTek — Smart Cities source & credential directory,source-watch,Smart Cities,Smart Cities,catalog,⚠️ verify current offer,"Monitoring record, not a certificate claim. Verify the current official credential/course and price before calling it free.",Varies,Varies,Provider-dependent,Unknown,Varies,Provider-dependent,Varies,https://corp.mediatek.com/,C,Не начато,Source watch — auto review,2026-08-31,,curated,discovery
SRCX-0899cd4c241f,Germany,Phoenix Contact,Phoenix Contact — Smart Cities source & credential directory,source-watch,Smart Cities,Smart Cities,catalog,⚠️ verify current offer,"Monitoring record, not a certificate claim. Verify the current official credential/course and price before calling it free.",Varies,Varies,Provider-dependent,Unknown,Varies,Provider-dependent,Varies,https://www.phoenixcontact.com/en-pc/training,C,Не начато,Source watch — auto review,2026-08-31,,curated,discovery
SRCX-10626fe4a2b6,United States,SANS Institute,SANS Institute — Smart Cities source & credential directory,source-watch,Smart Cities,Smart Cities,catalog,⚠️ verify current offer,"Monitoring record, not a certificate claim. Verify the current official credential/course and price before calling it free.",Varies,Varies,Provider-dependent,Unknown,Varies,Provider-dependent,Varies,https://www.sans.org/,C,Не начато,Source watch — auto review,2026-08-31,,curated,discovery
SRCX-0141615166d1,United States,Vercel,Vercel — Smart Cities source & credential directory,source-watch,Smart Cities,Smart Cities,catalog,⚠️ verify current offer,"Monitoring record, not a certificate claim. Verify the current official credential/course and price before calling it free.",Varies,Varies,Provider-dependent,Unknown,Varies,Provider-dependent,Varies,https://vercel.com/academy,C,Не начато,Source watch — auto review,2026-08-31,,curated,discovery
SRCX-0e10c9b14f26,Russia,Нетология,Нетология — Smart Cities source & credential directory,source-watch,Smart Cities,Smart Cities,catalog,⚠️ verify current offer,"Monitoring record, not a certificate claim. Verify the current official credential/course and price before calling it free.",Varies,Varies,Provider-dependent,Unknown,Varies,Provider-dependent,Varies,https://netology.ru/,C,Не начато,Source watch — auto review,2026-08-31,,curated,discovery
SRCX-0a984bb69274,Switzerland,ABB,ABB — Software Supply Chain source & credential directory,source-watch,Software Supply Chain,Software Supply Chain,catalog,⚠️ verify current offer,"Monitoring record, not a certificate claim. Verify the current official credential/course and price before calling it free.",Varies,Varies,Provider-dependent,Unknown,Varies,Provider-dependent,Varies,https://new.abb.com/service/training,C,Не начато,Source watch — auto review,2026-08-31,,curated,discovery
SRCX-07c74ee9b648,United States,Ansible,Ansible — Software Supply Chain source & credential directory,source-watch,Software Supply Chain,Software Supply Chain,catalog,⚠️ verify current offer,"Monitoring record, not a certificate claim. Verify the current official credential/course and price before calling it free.",Varies,Varies,Provider-dependent,Unknown,Varies,Provider-dependent,Varies,https://www.ansible.com/,C,Не начато,Source watch — auto review,2026-08-31,,curated,discovery
SRCX-0a4e0a7b4f2c,Germany,Bosch Rexroth,Bosch Rexroth — Software Supply Chain source & credential directory,source-watch,Software Supply Chain,Software Supply Chain,catalog,⚠️ verify current offer,"Monitoring record, not a certificate claim. Verify the current official credential/course and price before calling it free.",Varies,Varies,Provider-dependent,Unknown,Varies,Provider-dependent,Varies,https://www.boschrexroth.com/en/xc/training/,C,Не начато,Source watch — auto review,2026-08-31,,curated,discovery
SRCX-0bec612ca616,United States,Broadcom VMware,Broadcom VMware — Software Supply Chain source & credential directory,source-watch,Software Supply Chain,Software Supply Chain,catalog,⚠️ verify current offer,"Monitoring record, not a certificate claim. Verify the current official credential/course and price before calling it free.",Varies,Varies,Provider-dependent,Unknown,Varies,Provider-dependent,Varies,https://www.vmware.com/learning.html,C,Не начато,Source watch — auto review,2026-08-31,,curated,discovery
SRCX-00d818a2291d,Israel,Check Point,Check Point — Software Supply Chain source & credential directory,source-watch,Software Supply Chain,Software Supply Chain,catalog,⚠️ verify current offer,"Monitoring record, not a certificate claim. Verify the current official credential/course and price before calling it free.",Varies,Varies,Provider-dependent,Unknown,Varies,Provider-dependent,Varies,https://www.checkpoint.com/services/training-and-certification/,C,Не начато,Source watch — auto review,2026-08-31,,curated,discovery
SRCX-0645bc68731c,United States,Cisco,Cisco — Software Supply Chain source & credential directory,source-watch,Software Supply Chain,Software Supply Chain,catalog,⚠️ verify current offer,"Monitoring record, not a certificate claim. Verify the current official credential/course and price before calling it free.",Varies,Varies,Provider-dependent,Unknown,Varies,Provider-dependent,Varies,https://www.netacad.com/,C,Не начато,Source watch — auto review,2026-08-31,,curated,discovery
SRCX-0b06bed72a70,Global,Cloud Security Alliance,Cloud Security Alliance — Software Supply Chain source & credential directory,source-watch,Software Supply Chain,Software Supply Chain,catalog,⚠️ verify current offer,"Monitoring record, not a certificate claim. Verify the current official credential/course and price before calling it free.",Varies,Varies,Provider-dependent,Unknown,Varies,Provider-dependent,Varies,https://cloudsecurityalliance.org/education,C,Не начато,Source watch — auto review,2026-08-31,,curated,discovery
SRCX-14b58bb3cdf1,European Union,EIT Digital,EIT Digital — Software Supply Chain source & credential directory,source-watch,Software Supply Chain,Software Supply Chain,catalog,⚠️ verify current offer,"Monitoring record, not a certificate claim. Verify the current official credential/course and price before calling it free.",Varies,Varies,Provider-dependent,Unknown,Varies,Provider-dependent,Varies,https://www.eitdigital.eu/,C,Не начато,Source watch — auto review,2026-08-31,,curated,discovery
SRCX-04d1ed20b3f2,European Union,EIT Health,EIT Health — Software Supply Chain source & credential directory,source-watch,Software Supply Chain,Software Supply Chain,catalog,⚠️ verify current offer,"Monitoring record, not a certificate claim. Verify the current official credential/course and price before calling it free.",Varies,Varies,Provider-dependent,Unknown,Varies,Provider-dependent,Varies,https://eithealth.eu/,C,Не начато,Source watch — auto review,2026-08-31,,curated,discovery
SRCX-0204cf3b49cb,European Union,EU Academy,EU Academy — Software Supply Chain source & credential directory,source-watch,Software Supply Chain,Software Supply Chain,catalog,⚠️ verify current offer,"Monitoring record, not a certificate claim. Verify the current official credential/course and price before calling it free.",Varies,Varies,Provider-dependent,Unknown,Varies,Provider-dependent,Varies,https://academy.europa.eu/,C,Не начато,Source watch — auto review,2026-08-31,,curated,discovery
SRCX-12c9e09bbf51,Germany,Festo,Festo — Software Supply Chain source & credential directory,source-watch,Software Supply Chain,Software Supply Chain,catalog,⚠️ verify current offer,"Monitoring record, not a certificate claim. Verify the current official credential/course and price before calling it free.",Varies,Varies,Provider-dependent,Unknown,Varies,Provider-dependent,Varies,https://www.festo.com/us/en/e/academy/,C,Не начато,Source watch — auto review,2026-08-31,,curated,discovery
SRCX-0868cd3012a8,Global,ISC2 Learning,ISC2 Learning — Software Supply Chain source & credential directory,source-watch,Software Supply Chain,Software Supply Chain,catalog,⚠️ verify current offer,"Monitoring record, not a certificate claim. Verify the current official credential/course and price before calling it free.",Varies,Varies,Provider-dependent,Unknown,Varies,Provider-dependent,Varies,https://www.isc2.org/training,C,Не начато,Source watch — auto review,2026-08-31,,curated,discovery
SRCX-1143536932ee,United States,NASA,NASA — Software Supply Chain source & credential directory,source-watch,Software Supply Chain,Software Supply Chain,catalog,⚠️ verify current offer,"Monitoring record, not a certificate claim. Verify the current official credential/course and price before calling it free.",Varies,Varies,Provider-dependent,Unknown,Varies,Provider-dependent,Varies,https://www.nasa.gov/learning-resources/,C,Не начато,Source watch — auto review,2026-08-31,,curated,discovery
SRCX-04c4f1d93fec,United States,NVIDIA,NVIDIA — Software Supply Chain source & credential directory,source-watch,Software Supply Chain,Software Supply Chain,catalog,⚠️ verify current offer,"Monitoring record, not a certificate claim. Verify the current official credential/course and price before calling it free.",Varies,Varies,Provider-dependent,Unknown,Varies,Provider-dependent,Varies,https://www.nvidia.com/training/,C,Не начато,Source watch — auto review,2026-08-31,,curated,discovery
SRCX-0c84ed8b17a0,Netherlands,NXP Semiconductors,NXP Semiconductors — Software Supply Chain source & credential directory,source-watch,Software Supply Chain,Software Supply Chain,catalog,⚠️ verify current offer,"Monitoring record, not a certificate claim. Verify the current official credential/course and price before calling it free.",Varies,Varies,Provider-dependent,Unknown,Varies,Provider-dependent,Varies,https://www.nxp.com/design/training:TRAINING,C,Не начато,Source watch — auto review,2026-08-31,,curated,discovery
SRCX-100e91bc4ae4,Japan,Omron,Omron — Software Supply Chain source & credential directory,source-watch,Software Supply Chain,Software Supply Chain,catalog,⚠️ verify current offer,"Monitoring record, not a certificate claim. Verify the current official credential/course and price before calling it free.",Varies,Varies,Provider-dependent,Unknown,Varies,Provider-dependent,Varies,https://www.omron.com/global/en/technology/training/,C,Не начато,Source watch — auto review,2026-08-31,,curated,discovery
SRCX-0263d2f7d129,Global,OpenTelemetry,OpenTelemetry — Software Supply Chain source & credential directory,source-watch,Software Supply Chain,Software Supply Chain,catalog,⚠️ verify current offer,"Monitoring record, not a certificate claim. Verify the current official credential/course and price before calling it free.",Varies,Varies,Provider-dependent,Unknown,Varies,Provider-dependent,Varies,https://opentelemetry.io/,C,Не начато,Source watch — auto review,2026-08-31,,curated,discovery
SRCX-026a4139e72b,Global,OWASP Foundation,OWASP Foundation — Software Supply Chain source & credential directory,source-watch,Software Supply Chain,Software Supply Chain,catalog,⚠️ verify current offer,"Monitoring record, not a certificate claim. Verify the current official credential/course and price before calling it free.",Varies,Varies,Provider-dependent,Unknown,Varies,Provider-dependent,Varies,https://owasp.org/,C,Не начато,Source watch — auto review,2026-08-31,,curated,discovery
SRCX-07cc5952b50a,United Kingdom,Raspberry Pi Foundation,Raspberry Pi Foundation — Software Supply Chain source & credential directory,source-watch,Software Supply Chain,Software Supply Chain,catalog,⚠️ verify current offer,"Monitoring record, not a certificate claim. Verify the current official credential/course and price before calling it free.",Varies,Varies,Provider-dependent,Unknown,Varies,Provider-dependent,Varies,https://training-hub.raspberrypi.org/,C,Не начато,Source watch — auto review,2026-08-31,,curated,discovery
SRCX-138332c9c556,United States,SANS Institute,SANS Institute — Software Supply Chain source & credential directory,source-watch,Software Supply Chain,Software Supply Chain,catalog,⚠️ verify current offer,"Monitoring record, not a certificate claim. Verify the current official credential/course and price before calling it free.",Varies,Varies,Provider-dependent,Unknown,Varies,Provider-dependent,Varies,https://www.sans.org/,C,Не начато,Source watch — auto review,2026-08-31,,curated,discovery
SRCX-04c82e8aa0e3,United States,Scrum.org,Scrum.org — Software Supply Chain source & credential directory,source-watch,Software Supply Chain,Software Supply Chain,catalog,⚠️ verify current offer,"Monitoring record, not a certificate claim. Verify the current official credential/course and price before calling it free.",Varies,Varies,Provider-dependent,Unknown,Varies,Provider-dependent,Varies,https://www.scrum.org/professional-training,C,Не начато,Source watch — auto review,2026-08-31,,curated,discovery
SRCX-14fed912cf54,United States,Silicon Labs,Silicon Labs — Software Supply Chain source & credential directory,source-watch,Software Supply Chain,Software Supply Chain,catalog,⚠️ verify current offer,"Monitoring record, not a certificate claim. Verify the current official credential/course and price before calling it free.",Varies,Varies,Provider-dependent,Unknown,Varies,Provider-dependent,Varies,https://www.silabs.com/training,C,Не начато,Source watch — auto review,2026-08-31,,curated,discovery
SRCX-0406e3032ff4,Russia,Открытое образование,Открытое образование — Software Supply Chain source & credential directory,source-watch,Software Supply Chain,Software Supply Chain,catalog,⚠️ verify current offer,"Monitoring record, not a certificate claim. Verify the current official credential/course and price before calling it free.",Varies,Varies,Provider-dependent,Unknown,Varies,Provider-dependent,Varies,https://openedu.ru/,C,Не начато,Source watch — auto review,2026-08-31,,curated,discovery
SRCX-08b2832c84fe,United States,Analog Devices,Analog Devices — Statistics source & credential directory,source-watch,Statistics,Statistics,catalog,⚠️ verify current offer,"Monitoring record, not a certificate claim. Verify the current official credential/course and price before calling it free.",Varies,Varies,Provider-dependent,Unknown,Varies,Provider-dependent,Varies,https://www.analog.com/en/education.html,C,Не начато,Source watch — auto review,2026-08-31,,curated,discovery
SRCX-06387f429cf9,Global,Apache Software Foundation — Subprojects,Apache Software Foundation — Subprojects — Statistics source & credential directory,source-watch,Statistics,Statistics,catalog,⚠️ verify current offer,"Monitoring record, not a certificate claim. Verify the current official credential/course and price before calling it free.",Varies,Varies,Provider-dependent,Unknown,Varies,Provider-dependent,Varies,https://www.apache.org/,C,Не начато,Source watch — auto review,2026-08-31,,curated,discovery
SRCX-0a5e83f29853,Global,Cloud Security Alliance,Cloud Security Alliance — Statistics source & credential directory,source-watch,Statistics,Statistics,catalog,⚠️ verify current offer,"Monitoring record, not a certificate claim. Verify the current official credential/course and price before calling it free.",Varies,Varies,Provider-dependent,Unknown,Varies,Provider-dependent,Varies,https://cloudsecurityalliance.org/education,C,Не начато,Source watch — auto review,2026-08-31,,curated,discovery
SRCX-1192e0eafb51,Global,Coursera,Coursera — Statistics source & credential directory,source-watch,Statistics,Statistics,catalog,⚠️ verify current offer,"Monitoring record, not a certificate claim. Verify the current official credential/course and price before calling it free.",Varies,Varies,Provider-dependent,Unknown,Varies,Provider-dependent,Varies,https://www.coursera.org/,C,Не начато,Source watch — auto review,2026-08-31,,curated,discovery
SRCX-15cf73884610,United Kingdom,FutureLearn,FutureLearn — Statistics source & credential directory,source-watch,Statistics,Statistics,catalog,⚠️ verify current offer,"Monitoring record, not a certificate claim. Verify the current official credential/course and price before calling it free.",Varies,Varies,Provider-dependent,Unknown,Varies,Provider-dependent,Varies,https://www.futurelearn.com/,C,Не начато,Source watch — auto review,2026-08-31,,curated,discovery
SRCX-029e5ad1b011,United States,GitLab Learn,GitLab Learn — Statistics source & credential directory,source-watch,Statistics,Statistics,catalog,⚠️ verify current offer,"Monitoring record, not a certificate claim. Verify the current official credential/course and price before calling it free.",Varies,Varies,Provider-dependent,Unknown,Varies,Provider-dependent,Varies,https://about.gitlab.com/learn/,C,Не начато,Source watch — auto review,2026-08-31,,curated,discovery
SRCX-031c011a0914,United States/France,Hugging Face,Hugging Face — Statistics source & credential directory,source-watch,Statistics,Statistics,catalog,⚠️ verify current offer,"Monitoring record, not a certificate claim. Verify the current official credential/course and price before calling it free.",Varies,Varies,Provider-dependent,Unknown,Varies,Provider-dependent,Varies,https://huggingface.co/learn,C,Не начато,Source watch — auto review,2026-08-31,,curated,discovery
SRCX-0f608b6acedf,Russia,Kaspersky,Kaspersky — Statistics source & credential directory,source-watch,Statistics,Statistics,catalog,⚠️ verify current offer,"Monitoring record, not a certificate claim. Verify the current official credential/course and price before calling it free.",Varies,Varies,Provider-dependent,Unknown,Varies,Provider-dependent,Varies,https://certification.kaspersky.com/,C,Не начато,Source watch — auto review,2026-08-31,,curated,discovery
SRCX-03b5e875b32a,United States,NIST,NIST — Statistics source & credential directory,source-watch,Statistics,Statistics,catalog,⚠️ verify current offer,"Monitoring record, not a certificate claim. Verify the current official credential/course and price before calling it free.",Varies,Varies,Provider-dependent,Unknown,Varies,Provider-dependent,Varies,https://www.nist.gov/,C,Не начато,Source watch — auto review,2026-08-31,,curated,discovery
SRCX-15f5101ee82c,Global,NumPy,NumPy — Statistics source & credential directory,source-watch,Statistics,Statistics,catalog,⚠️ verify current offer,"Monitoring record, not a certificate claim. Verify the current official credential/course and price before calling it free.",Varies,Varies,Provider-dependent,Unknown,Varies,Provider-dependent,Varies,https://numpy.org/,C,Не начато,Source watch — auto review,2026-08-31,,curated,discovery
SRCX-01575116f4c3,Netherlands,NXP Semiconductors,NXP Semiconductors — Statistics source & credential directory,source-watch,Statistics,Statistics,catalog,⚠️ verify current offer,"Monitoring record, not a certificate claim. Verify the current official credential/course and price before calling it free.",Varies,Varies,Provider-dependent,Unknown,Varies,Provider-dependent,Varies,https://www.nxp.com/design/training:TRAINING,C,Не начато,Source watch — auto review,2026-08-31,,curated,discovery
SRCX-0b57eb3073b8,Global,pandas,pandas — Statistics source & credential directory,source-watch,Statistics,Statistics,catalog,⚠️ verify current offer,"Monitoring record, not a certificate claim. Verify the current official credential/course and price before calling it free.",Varies,Varies,Provider-dependent,Unknown,Varies,Provider-dependent,Varies,https://pandas.pydata.org/,C,Не начато,Source watch — auto review,2026-08-31,,curated,discovery
SRCX-0e60acfaab8f,United States,Power BI / Microsoft,Power BI / Microsoft — Statistics source & credential directory,source-watch,Statistics,Statistics,catalog,⚠️ verify current offer,"Monitoring record, not a certificate claim. Verify the current official credential/course and price before calling it free.",Varies,Varies,Provider-dependent,Unknown,Varies,Provider-dependent,Varies,https://learn.microsoft.com/training/powerplatform/power-bi/,C,Не начато,Source watch — auto review,2026-08-31,,curated,discovery
SRCX-041736949964,United States,Redis,Redis — Statistics source & credential directory,source-watch,Statistics,Statistics,catalog,⚠️ verify current offer,"Monitoring record, not a certificate claim. Verify the current official credential/course and price before calling it free.",Varies,Varies,Provider-dependent,Unknown,Varies,Provider-dependent,Varies,https://university.redis.com/,C,Не начато,Source watch — auto review,2026-08-31,,curated,discovery
SRCX-097a683921c5,Russia,Roscosmos Education,Roscosmos Education — Statistics source & credential directory,source-watch,Statistics,Statistics,catalog,⚠️ verify current offer,"Monitoring record, not a certificate claim. Verify the current official credential/course and price before calling it free.",Varies,Varies,Provider-dependent,Unknown,Varies,Provider-dependent,Varies,https://www.roscosmos.ru/,C,Не начато,Source watch — auto review,2026-08-31,,curated,discovery
SRCX-0c748221d40c,Russia,RЭД СОФТ,RЭД СОФТ — Statistics source & credential directory,source-watch,Statistics,Statistics,catalog,⚠️ verify current offer,"Monitoring record, not a certificate claim. Verify the current official credential/course and price before calling it free.",Varies,Varies,Provider-dependent,Unknown,Varies,Provider-dependent,Varies,https://education.red-soft.ru/,C,Не начато,Source watch — auto review,2026-08-31,,curated,discovery
SRCX-11c97a658311,United States,Texas Instruments,Texas Instruments — Statistics source & credential directory,source-watch,Statistics,Statistics,catalog,⚠️ verify current offer,"Monitoring record, not a certificate claim. Verify the current official credential/course and price before calling it free.",Varies,Varies,Provider-dependent,Unknown,Varies,Provider-dependent,Varies,https://training.ti.com/,C,Не начато,Source watch — auto review,2026-08-31,,curated,discovery
SRCX-017ada12c87e,Russia,Нетология,Нетология — Statistics source & credential directory,source-watch,Statistics,Statistics,catalog,⚠️ verify current offer,"Monitoring record, not a certificate claim. Verify the current official credential/course and price before calling it free.",Varies,Varies,Provider-dependent,Unknown,Varies,Provider-dependent,Varies,https://netology.ru/,C,Не начато,Source watch — auto review,2026-08-31,,curated,discovery
SRCX-06bdbc1c48e2,United States,Cloudflare,Cloudflare — Technical Writing source & credential directory,source-watch,Technical Writing,Technical Writing,catalog,⚠️ verify current offer,"Monitoring record, not a certificate claim. Verify the current official credential/course and price before calling it free.",Varies,Varies,Provider-dependent,Unknown,Varies,Provider-dependent,Varies,https://www.cloudflare.com/learning/,C,Не начато,Source watch — auto review,2026-08-31,,curated,discovery
SRCX-0227d301a3d5,Sweden,COMSOL,COMSOL — Technical Writing source & credential directory,source-watch,Technical Writing,Technical Writing,catalog,⚠️ verify current offer,"Monitoring record, not a certificate claim. Verify the current official credential/course and price before calling it free.",Varies,Varies,Provider-dependent,Unknown,Varies,Provider-dependent,Varies,https://www.comsol.com/learning-center,C,Не начато,Source watch — auto review,2026-08-31,,curated,discovery
SRCX-05b602e1d7a6,United States,Databricks,Databricks — Technical Writing source & credential directory,source-watch,Technical Writing,Technical Writing,catalog,⚠️ verify current offer,"Monitoring record, not a certificate claim. Verify the current official credential/course and price before calling it free.",Varies,Varies,Provider-dependent,Unknown,Varies,Provider-dependent,Varies,https://www.databricks.com/learn,C,Не начато,Source watch — auto review,2026-08-31,,curated,discovery
SRCX-1341a275ea1e,European Union,EIT Climate-KIC,EIT Climate-KIC — Technical Writing source & credential directory,source-watch,Technical Writing,Technical Writing,catalog,⚠️ verify current offer,"Monitoring record, not a certificate claim. Verify the current official credential/course and price before calling it free.",Varies,Varies,Provider-dependent,Unknown,Varies,Provider-dependent,Varies,https://www.climate-kic.org/,C,Не начато,Source watch — auto review,2026-08-31,,curated,discovery
SRCX-06a49ed348de,Europe,ESA,ESA — Technical Writing source & credential directory,source-watch,Technical Writing,Technical Writing,catalog,⚠️ verify current offer,"Monitoring record, not a certificate claim. Verify the current official credential/course and price before calling it free.",Varies,Varies,Provider-dependent,Unknown,Varies,Provider-dependent,Varies,https://learningzone.esa.int/,C,Не начато,Source watch — auto review,2026-08-31,,curated,discovery
SRCX-0e82bb2a16ee,United States,GitHub Skills,GitHub Skills — Technical Writing source & credential directory,source-watch,Technical Writing,Technical Writing,catalog,⚠️ verify current offer,"Monitoring record, not a certificate claim. Verify the current official credential/course and price before calling it free.",Varies,Varies,Provider-dependent,Unknown,Varies,Provider-dependent,Varies,https://skills.github.com/,C,Не начато,Source watch — auto review,2026-08-31,,curated,discovery
SRCX-0c8d2cae96b6,Switzerland,KNIME,KNIME — Technical Writing source & credential directory,source-watch,Technical Writing,Technical Writing,catalog,⚠️ verify current offer,"Monitoring record, not a certificate claim. Verify the current official credential/course and price before calling it free.",Varies,Varies,Provider-dependent,Unknown,Varies,Provider-dependent,Varies,https://www.knime.com/learning,C,Не начато,Source watch — auto review,2026-08-31,,curated,discovery
SRCX-0254e54d1263,United States,Looker / Google,Looker / Google — Technical Writing source & credential directory,source-watch,Technical Writing,Technical Writing,catalog,⚠️ verify current offer,"Monitoring record, not a certificate claim. Verify the current official credential/course and price before calling it free.",Varies,Varies,Provider-dependent,Unknown,Varies,Provider-dependent,Varies,https://cloud.google.com/looker/docs,C,Не начато,Source watch — auto review,2026-08-31,,curated,discovery
SRCX-05654db12ecf,United States,Netlify,Netlify — Technical Writing source & credential directory,source-watch,Technical Writing,Technical Writing,catalog,⚠️ verify current offer,"Monitoring record, not a certificate claim. Verify the current official credential/course and price before calling it free.",Varies,Varies,Provider-dependent,Unknown,Varies,Provider-dependent,Varies,https://www.netlify.com/learn/,C,Не начато,Source watch — auto review,2026-08-31,,curated,discovery
SRCX-0e7ba3156b6d,United States,NIST,NIST — Technical Writing source & credential directory,source-watch,Technical Writing,Technical Writing,catalog,⚠️ verify current offer,"Monitoring record, not a certificate claim. Verify the current official credential/course and price before calling it free.",Varies,Varies,Provider-dependent,Unknown,Varies,Provider-dependent,Varies,https://www.nist.gov/,C,Не начато,Source watch — auto review,2026-08-31,,curated,discovery
SRCX-128f2e88a70d,United States,NVIDIA,NVIDIA — Technical Writing source & credential directory,source-watch,Technical Writing,Technical Writing,catalog,⚠️ verify current offer,"Monitoring record, not a certificate claim. Verify the current official credential/course and price before calling it free.",Varies,Varies,Provider-dependent,Unknown,Varies,Provider-dependent,Varies,https://www.nvidia.com/training/,C,Не начато,Source watch — auto review,2026-08-31,,curated,discovery
SRCX-024070f34b3c,Netherlands,NXP Semiconductors,NXP Semiconductors — Technical Writing source & credential directory,source-watch,Technical Writing,Technical Writing,catalog,⚠️ verify current offer,"Monitoring record, not a certificate claim. Verify the current official credential/course and price before calling it free.",Varies,Varies,Provider-dependent,Unknown,Varies,Provider-dependent,Varies,https://www.nxp.com/design/training:TRAINING,C,Не начато,Source watch — auto review,2026-08-31,,curated,discovery
SRCX-115d4cc5b61f,Global,pandas,pandas — Technical Writing source & credential directory,source-watch,Technical Writing,Technical Writing,catalog,⚠️ verify current offer,"Monitoring record, not a certificate claim. Verify the current official credential/course and price before calling it free.",Varies,Varies,Provider-dependent,Unknown,Varies,Provider-dependent,Varies,https://pandas.pydata.org/,C,Не начато,Source watch — auto review,2026-08-31,,curated,discovery
SRCX-087009718287,Japan,Renesas,Renesas — Technical Writing source & credential directory,source-watch,Technical Writing,Technical Writing,catalog,⚠️ verify current offer,"Monitoring record, not a certificate claim. Verify the current official credential/course and price before calling it free.",Varies,Varies,Provider-dependent,Unknown,Varies,Provider-dependent,Varies,https://www.renesas.com/us/en/design-resources/training,C,Не начато,Source watch — auto review,2026-08-31,,curated,discovery
SRCX-0502c7084de7,United States,Tableau,Tableau — Technical Writing source & credential directory,source-watch,Technical Writing,Technical Writing,catalog,⚠️ verify current offer,"Monitoring record, not a certificate claim. Verify the current official credential/course and price before calling it free.",Varies,Varies,Provider-dependent,Unknown,Varies,Provider-dependent,Varies,https://www.tableau.com/learn,C,Не начато,Source watch — auto review,2026-08-31,,curated,discovery
SRCX-0b39bf24bcc7,United Kingdom,TryHackMe,TryHackMe — Technical Writing source & credential directory,source-watch,Technical Writing,Technical Writing,catalog,⚠️ verify current offer,"Monitoring record, not a certificate claim. Verify the current official credential/course and price before calling it free.",Varies,Varies,Provider-dependent,Unknown,Varies,Provider-dependent,Varies,https://tryhackme.com/,C,Не начато,Source watch — auto review,2026-08-31,,curated,discovery
SRCX-15f05c02b619,Switzerland,Web3 Foundation,Web3 Foundation — Technical Writing source & credential directory,source-watch,Technical Writing,Technical Writing,catalog,⚠️ verify current offer,"Monitoring record, not a certificate claim. Verify the current official credential/course and price before calling it free.",Varies,Varies,Provider-dependent,Unknown,Varies,Provider-dependent,Varies,https://web3.foundation/,C,Не начато,Source watch — auto review,2026-08-31,,curated,discovery
SRCX-008808c55c32,United States,Cloudflare,Cloudflare — Telecommunications source & credential directory,source-watch,Telecommunications,Telecommunications,catalog,⚠️ verify current offer,"Monitoring record, not a certificate claim. Verify the current official credential/course and price before calling it free.",Varies,Varies,Provider-dependent,Unknown,Varies,Provider-dependent,Varies,https://www.cloudflare.com/learning/,C,Не начато,Source watch — auto review,2026-08-31,,curated,discovery
SRCX-11aafd89d40f,United States,Confluent,Confluent — Telecommunications source & credential directory,source-watch,Telecommunications,Telecommunications,catalog,⚠️ verify current offer,"Monitoring record, not a certificate claim. Verify the current official credential/course and price before calling it free.",Varies,Varies,Provider-dependent,Unknown,Varies,Provider-dependent,Varies,https://developer.confluent.io/,C,Не начато,Source watch — auto review,2026-08-31,,curated,discovery
SRCX-00eb25accd70,United States,DigitalOcean,DigitalOcean — Telecommunications source & credential directory,source-watch,Telecommunications,Telecommunications,catalog,⚠️ verify current offer,"Monitoring record, not a certificate claim. Verify the current official credential/course and price before calling it free.",Varies,Varies,Provider-dependent,Unknown,Varies,Provider-dependent,Varies,https://www.digitalocean.com/community,C,Не начато,Source watch — auto review,2026-08-31,,curated,discovery
SRCX-020d801bc662,United States,Docker,Docker — Telecommunications source & credential directory,source-watch,Telecommunications,Telecommunications,catalog,⚠️ verify current offer,"Monitoring record, not a certificate claim. Verify the current official credential/course and price before calling it free.",Varies,Varies,Provider-dependent,Unknown,Varies,Provider-dependent,Varies,https://www.docker.com/education/,C,Не начато,Source watch — auto review,2026-08-31,,curated,discovery
SRCX-137db08a12e1,European Union,EIT Digital,EIT Digital — Telecommunications source & credential directory,source-watch,Telecommunications,Telecommunications,catalog,⚠️ verify current offer,"Monitoring record, not a certificate claim. Verify the current official credential/course and price before calling it free.",Varies,Varies,Provider-dependent,Unknown,Varies,Provider-dependent,Varies,https://www.eitdigital.eu/,C,Не начато,Source watch — auto review,2026-08-31,,curated,discovery
SRCX-1398689685c3,United States,fast.ai,fast.ai — Telecommunications source & credential directory,source-watch,Telecommunications,Telecommunications,catalog,⚠️ verify current offer,"Monitoring record, not a certificate claim. Verify the current official credential/course and price before calling it free.",Varies,Varies,Provider-dependent,Unknown,Varies,Provider-dependent,Varies,https://course.fast.ai/,C,Не начато,Source watch — auto review,2026-08-31,,curated,discovery
SRCX-0b629de4d142,United States,Fortinet,Fortinet — Telecommunications source & credential directory,source-watch,Telecommunications,Telecommunications,catalog,⚠️ verify current offer,"Monitoring record, not a certificate claim. Verify the current official credential/course and price before calling it free.",Varies,Varies,Provider-dependent,Unknown,Varies,Provider-dependent,Varies,https://www.fortinet.com/training-certification,C,Не начато,Source watch — auto review,2026-08-31,,curated,discovery
SRCX-11a0f2e91a7e,United States,IBM,IBM — Telecommunications source & credential directory,source-watch,Telecommunications,Telecommunications,catalog,⚠️ verify current offer,"Monitoring record, not a certificate claim. Verify the current official credential/course and price before calling it free.",Varies,Varies,Provider-dependent,Unknown,Varies,Provider-dependent,Varies,https://skillsbuild.org/learning-catalog,C,Не начато,Source watch — auto review,2026-08-31,,curated,discovery
SRCX-104ae27377ba,United States,IPC,IPC — Telecommunications source & credential directory,source-watch,Telecommunications,Telecommunications,catalog,⚠️ verify current offer,"Monitoring record, not a certificate claim. Verify the current official credential/course and price before calling it free.",Varies,Varies,Provider-dependent,Unknown,Varies,Provider-dependent,Varies,https://www.ipc.org/training,C,Не начато,Source watch — auto review,2026-08-31,,curated,discovery
SRCX-14f087bc7be4,United States,NASA,NASA — Telecommunications source & credential directory,source-watch,Telecommunications,Telecommunications,catalog,⚠️ verify current offer,"Monitoring record, not a certificate claim. Verify the current official credential/course and price before calling it free.",Varies,Varies,Provider-dependent,Unknown,Varies,Provider-dependent,Varies,https://www.nasa.gov/learning-resources/,C,Не начато,Source watch — auto review,2026-08-31,,curated,discovery
SRCX-0c9b25c80c4f,Global,pandas,pandas — Telecommunications source & credential directory,source-watch,Telecommunications,Telecommunications,catalog,⚠️ verify current offer,"Monitoring record, not a certificate claim. Verify the current official credential/course and price before calling it free.",Varies,Varies,Provider-dependent,Unknown,Varies,Provider-dependent,Varies,https://pandas.pydata.org/,C,Не начато,Source watch — auto review,2026-08-31,,curated,discovery
SRCX-0ceec791f5d3,United States,Qlik,Qlik — Telecommunications source & credential directory,source-watch,Telecommunications,Telecommunications,catalog,⚠️ verify current offer,"Monitoring record, not a certificate claim. Verify the current official credential/course and price before calling it free.",Varies,Varies,Provider-dependent,Unknown,Varies,Provider-dependent,Varies,https://learning.qlik.com/,C,Не начато,Source watch — auto review,2026-08-31,,curated,discovery
SRCX-1071c8357acd,United States,Red Hat,Red Hat — Telecommunications source & credential directory,source-watch,Telecommunications,Telecommunications,catalog,⚠️ verify current offer,"Monitoring record, not a certificate claim. Verify the current official credential/course and price before calling it free.",Varies,Varies,Provider-dependent,Unknown,Varies,Provider-dependent,Varies,https://www.redhat.com/en/services/certification,C,Не начато,Source watch — auto review,2026-08-31,,curated,discovery
SRCX-02836d39bac4,United States,Redis,Redis — Telecommunications source & credential directory,source-watch,Telecommunications,Telecommunications,catalog,⚠️ verify current offer,"Monitoring record, not a certificate claim. Verify the current official credential/course and price before calling it free.",Varies,Varies,Provider-dependent,Unknown,Varies,Provider-dependent,Varies,https://university.redis.com/,C,Не начато,Source watch — auto review,2026-08-31,,curated,discovery
SRCX-042ac654b8eb,United States,Rockwell Automation,Rockwell Automation — Telecommunications source & credential directory,source-watch,Telecommunications,Telecommunications,catalog,⚠️ verify current offer,"Monitoring record, not a certificate claim. Verify the current official credential/course and price before calling it free.",Varies,Varies,Provider-dependent,Unknown,Varies,Provider-dependent,Varies,https://www.rockwellautomation.com/en-us/services/training.html,C,Не начато,Source watch — auto review,2026-08-31,,curated,discovery
SRCX-094712a3ea7d,Germany,Rohde & Schwarz,Rohde & Schwarz — Telecommunications source & credential directory,source-watch,Telecommunications,Telecommunications,catalog,⚠️ verify current offer,"Monitoring record, not a certificate claim. Verify the current official credential/course and price before calling it free.",Varies,Varies,Provider-dependent,Unknown,Varies,Provider-dependent,Varies,https://www.rohde-schwarz.com/,C,Не начато,Source watch — auto review,2026-08-31,,curated,discovery
SRCX-02ef9d2e13ea,United States,Scrum.org,Scrum.org — Telecommunications source & credential directory,source-watch,Telecommunications,Telecommunications,catalog,⚠️ verify current offer,"Monitoring record, not a certificate claim. Verify the current official credential/course and price before calling it free.",Varies,Varies,Provider-dependent,Unknown,Varies,Provider-dependent,Varies,https://www.scrum.org/professional-training,C,Не начато,Source watch — auto review,2026-08-31,,curated,discovery
SRCX-0b3c1d2898d3,United States,Synopsys,Synopsys — Telecommunications source & credential directory,source-watch,Telecommunications,Telecommunications,catalog,⚠️ verify current offer,"Monitoring record, not a certificate claim. Verify the current official credential/course and price before calling it free.",Varies,Varies,Provider-dependent,Unknown,Varies,Provider-dependent,Varies,https://www.synopsys.com/,C,Не начато,Source watch — auto review,2026-08-31,,curated,discovery
SRCX-08d5a6e7bdea,United States,Cloudflare,Cloudflare — Testing source & credential directory,source-watch,Testing,Testing,catalog,⚠️ verify current offer,"Monitoring record, not a certificate claim. Verify the current official credential/course and price before calling it free.",Varies,Varies,Provider-dependent,Unknown,Varies,Provider-dependent,Varies,https://www.cloudflare.com/learning/,C,Не начато,Source watch — auto review,2026-08-31,,curated,discovery
SRCX-0ec4ff3851dc,United States,DigitalOcean,DigitalOcean — Testing source & credential directory,source-watch,Testing,Testing,catalog,⚠️ verify current offer,"Monitoring record, not a certificate claim. Verify the current official credential/course and price before calling it free.",Varies,Varies,Provider-dependent,Unknown,Varies,Provider-dependent,Varies,https://www.digitalocean.com/community,C,Не начато,Source watch — auto review,2026-08-31,,curated,discovery
SRCX-00c60111d000,European Union,EIT Climate-KIC,EIT Climate-KIC — Testing source & credential directory,source-watch,Testing,Testing,catalog,⚠️ verify current offer,"Monitoring record, not a certificate claim. Verify the current official credential/course and price before calling it free.",Varies,Varies,Provider-dependent,Unknown,Varies,Provider-dependent,Varies,https://www.climate-kic.org/,C,Не начато,Source watch — auto review,2026-08-31,,curated,discovery
SRCX-0c1331fe244d,United States/France,Hugging Face,Hugging Face — Testing source & credential directory,source-watch,Testing,Testing,catalog,⚠️ verify current offer,"Monitoring record, not a certificate claim. Verify the current official credential/course and price before calling it free.",Varies,Varies,Provider-dependent,Unknown,Varies,Provider-dependent,Varies,https://huggingface.co/learn,C,Не начато,Source watch — auto review,2026-08-31,,curated,discovery
SRCX-112751e2c78c,United States,ISACA,ISACA — Testing source & credential directory,source-watch,Testing,Testing,catalog,⚠️ verify current offer,"Monitoring record, not a certificate claim. Verify the current official credential/course and price before calling it free.",Varies,Varies,Provider-dependent,Unknown,Varies,Provider-dependent,Varies,https://www.isaca.org/credentialing,C,Не начато,Source watch — auto review,2026-08-31,,curated,discovery
SRCX-0c8ad4cfdd64,Global,ISC2,ISC2 — Testing source & credential directory,source-watch,Testing,Testing,catalog,⚠️ verify current offer,"Monitoring record, not a certificate claim. Verify the current official credential/course and price before calling it free.",Varies,Varies,Provider-dependent,Unknown,Varies,Provider-dependent,Varies,https://www.isc2.org/certifications,C,Не начато,Source watch — auto review,2026-08-31,,curated,discovery
SRCX-0f2ab8f540e8,Russia,Kaspersky,Kaspersky — Testing source & credential directory,source-watch,Testing,Testing,catalog,⚠️ verify current offer,"Monitoring record, not a certificate claim. Verify the current official credential/course and price before calling it free.",Varies,Varies,Provider-dependent,Unknown,Varies,Provider-dependent,Varies,https://certification.kaspersky.com/,C,Не начато,Source watch — auto review,2026-08-31,,curated,discovery
SRCX-019d083b5ef6,United States,MongoDB,MongoDB — Testing source & credential directory,source-watch,Testing,Testing,catalog,⚠️ verify current offer,"Monitoring record, not a certificate claim. Verify the current official credential/course and price before calling it free.",Varies,Varies,Provider-dependent,Unknown,Varies,Provider-dependent,Varies,https://learn.mongodb.com/,C,Не начато,Source watch — auto review,2026-08-31,,curated,discovery
SRCX-133f003ca77f,United States,Netlify,Netlify — Testing source & credential directory,source-watch,Testing,Testing,catalog,⚠️ verify current offer,"Monitoring record, not a certificate claim. Verify the current official credential/course and price before calling it free.",Varies,Varies,Provider-dependent,Unknown,Varies,Provider-dependent,Varies,https://www.netlify.com/learn/,C,Не начато,Source watch — auto review,2026-08-31,,curated,discovery
SRCX-0f3bf2560e53,United Kingdom,PortSwigger,PortSwigger — Testing source & credential directory,source-watch,Testing,Testing,catalog,⚠️ verify current offer,"Monitoring record, not a certificate claim. Verify the current official credential/course and price before calling it free.",Varies,Varies,Provider-dependent,Unknown,Varies,Provider-dependent,Varies,https://portswigger.net/web-security,C,Не начато,Source watch — auto review,2026-08-31,,curated,discovery
SRCX-1310d8172c70,Global,QGIS,QGIS — Testing source & credential directory,source-watch,Testing,Testing,catalog,⚠️ verify current offer,"Monitoring record, not a certificate claim. Verify the current official credential/course and price before calling it free.",Varies,Varies,Provider-dependent,Unknown,Varies,Provider-dependent,Varies,https://www.qgis.org/en/site/forusers/trainingmaterial/,C,Не начато,Source watch — auto review,2026-08-31,,curated,discovery
SRCX-0f6e0c6f52d4,United States,SANS Institute,SANS Institute — Testing source & credential directory,source-watch,Testing,Testing,catalog,⚠️ verify current offer,"Monitoring record, not a certificate claim. Verify the current official credential/course and price before calling it free.",Varies,Varies,Provider-dependent,Unknown,Varies,Provider-dependent,Varies,https://www.sans.org/,C,Не начато,Source watch — auto review,2026-08-31,,curated,discovery
SRCX-112d73d0cec0,Switzerland,STMicroelectronics,STMicroelectronics — Testing source & credential directory,source-watch,Testing,Testing,catalog,⚠️ verify current offer,"Monitoring record, not a certificate claim. Verify the current official credential/course and price before calling it free.",Varies,Varies,Provider-dependent,Unknown,Varies,Provider-dependent,Varies,https://www.st.com/content/st_com/en/about/training.html,C,Не начато,Source watch — auto review,2026-08-31,,curated,discovery
SRCX-0b251eb2f5c4,United States,Synopsys,Synopsys — Testing source & credential directory,source-watch,Testing,Testing,catalog,⚠️ verify current offer,"Monitoring record, not a certificate claim. Verify the current official credential/course and price before calling it free.",Varies,Varies,Provider-dependent,Unknown,Varies,Provider-dependent,Varies,https://www.synopsys.com/,C,Не начато,Source watch — auto review,2026-08-31,,curated,discovery
SRCX-14322f905b20,United States,Texas Instruments,Texas Instruments — Testing source & credential directory,source-watch,Testing,Testing,catalog,⚠️ verify current offer,"Monitoring record, not a certificate claim. Verify the current official credential/course and price before calling it free.",Varies,Varies,Provider-dependent,Unknown,Varies,Provider-dependent,Varies,https://training.ti.com/,C,Не начато,Source watch — auto review,2026-08-31,,curated,discovery
SRCX-0cde7ffb4b96,Global,3GPP,3GPP — UX Engineering source & credential directory,source-watch,UX Engineering,UX Engineering,catalog,⚠️ verify current offer,"Monitoring record, not a certificate claim. Verify the current official credential/course and price before calling it free.",Varies,Varies,Provider-dependent,Unknown,Varies,Provider-dependent,Varies,https://www.3gpp.org/,C,Не начато,Source watch — auto review,2026-08-31,,curated,discovery
SRCX-0d1ad8ed3fe9,Switzerland,ABB,ABB — UX Engineering source & credential directory,source-watch,UX Engineering,UX Engineering,catalog,⚠️ verify current offer,"Monitoring record, not a certificate claim. Verify the current official credential/course and price before calling it free.",Varies,Varies,Provider-dependent,Unknown,Varies,Provider-dependent,Varies,https://new.abb.com/service/training,C,Не начато,Source watch — auto review,2026-08-31,,curated,discovery
SRCX-040fb88189f8,United States,AWS,AWS — UX Engineering source & credential directory,source-watch,UX Engineering,UX Engineering,catalog,⚠️ verify current offer,"Monitoring record, not a certificate claim. Verify the current official credential/course and price before calling it free.",Varies,Varies,Provider-dependent,Unknown,Varies,Provider-dependent,Varies,https://aws.amazon.com/training/,C,Не начато,Source watch — auto review,2026-08-31,,curated,discovery
SRCX-15175f147a77,United States,Broadcom VMware,Broadcom VMware — UX Engineering source & credential directory,source-watch,UX Engineering,UX Engineering,catalog,⚠️ verify current offer,"Monitoring record, not a certificate claim. Verify the current official credential/course and price before calling it free.",Varies,Varies,Provider-dependent,Unknown,Varies,Provider-dependent,Varies,https://www.vmware.com/learning.html,C,Не начато,Source watch — auto review,2026-08-31,,curated,discovery
SRCX-0d9bac1c5842,United States,Cisco,Cisco — UX Engineering source & credential directory,source-watch,UX Engineering,UX Engineering,catalog,⚠️ verify current offer,"Monitoring record, not a certificate claim. Verify the current official credential/course and price before calling it free.",Varies,Varies,Provider-dependent,Unknown,Varies,Provider-dependent,Varies,https://www.netacad.com/,C,Не начато,Source watch — auto review,2026-08-31,,curated,discovery
SRCX-06b7e2894e46,United States,Docker,Docker — UX Engineering source & credential directory,source-watch,UX Engineering,UX Engineering,catalog,⚠️ verify current offer,"Monitoring record, not a certificate claim. Verify the current official credential/course and price before calling it free.",Varies,Varies,Provider-dependent,Unknown,Varies,Provider-dependent,Varies,https://www.docker.com/education/,C,Не начато,Source watch — auto review,2026-08-31,,curated,discovery
SRCX-0ddbf4dd2d52,United States,fast.ai,fast.ai — UX Engineering source & credential directory,source-watch,UX Engineering,UX Engineering,catalog,⚠️ verify current offer,"Monitoring record, not a certificate claim. Verify the current official credential/course and price before calling it free.",Varies,Varies,Provider-dependent,Unknown,Varies,Provider-dependent,Varies,https://course.fast.ai/,C,Не начато,Source watch — auto review,2026-08-31,,curated,discovery
SRCX-0d0c60a594f4,United States,Google for Developers,Google for Developers — UX Engineering source & credential directory,source-watch,UX Engineering,UX Engineering,catalog,⚠️ verify current offer,"Monitoring record, not a certificate claim. Verify the current official credential/course and price before calling it free.",Varies,Varies,Provider-dependent,Unknown,Varies,Provider-dependent,Varies,https://developers.google.com/profile/badges,C,Не начато,Source watch — auto review,2026-08-31,,curated,discovery
SRCX-13ba0536d4bd,United States,HubSpot Academy,HubSpot Academy — UX Engineering source & credential directory,source-watch,UX Engineering,UX Engineering,catalog,⚠️ verify current offer,"Monitoring record, not a certificate claim. Verify the current official credential/course and price before calling it free.",Varies,Varies,Provider-dependent,Unknown,Varies,Provider-dependent,Varies,https://academy.hubspot.com/,C,Не начато,Source watch — auto review,2026-08-31,,curated,discovery
SRCX-0a8953c69ff5,United States/France,Hugging Face,Hugging Face — UX Engineering source & credential directory,source-watch,UX Engineering,UX Engineering,catalog,⚠️ verify current offer,"Monitoring record, not a certificate claim. Verify the current official credential/course and price before calling it free.",Varies,Varies,Provider-dependent,Unknown,Varies,Provider-dependent,Varies,https://huggingface.co/learn,C,Не начато,Source watch — auto review,2026-08-31,,curated,discovery
SRCX-051838fbb67a,Global,ITU Academy,ITU Academy — UX Engineering source & credential directory,source-watch,UX Engineering,UX Engineering,catalog,⚠️ verify current offer,"Monitoring record, not a certificate claim. Verify the current official credential/course and price before calling it free.",Varies,Varies,Provider-dependent,Unknown,Varies,Provider-dependent,Varies,https://academy.itu.int/,C,Не начато,Source watch — auto review,2026-08-31,,curated,discovery
SRCX-0503b576b61d,United States,JFrog,JFrog — UX Engineering source & credential directory,source-watch,UX Engineering,UX Engineering,catalog,⚠️ verify current offer,"Monitoring record, not a certificate claim. Verify the current official credential/course and price before calling it free.",Varies,Varies,Provider-dependent,Unknown,Varies,Provider-dependent,Varies,https://academy.jfrog.com/,C,Не начато,Source watch — auto review,2026-08-31,,curated,discovery
SRCX-02ea3596adad,United States,Lattice Semiconductor,Lattice Semiconductor — UX Engineering source & credential directory,source-watch,UX Engineering,UX Engineering,catalog,⚠️ verify current offer,"Monitoring record, not a certificate claim. Verify the current official credential/course and price before calling it free.",Varies,Varies,Provider-dependent,Unknown,Varies,Provider-dependent,Varies,https://www.latticesemi.com/Support,C,Не начато,Source watch — auto review,2026-08-31,,curated,discovery
SRCX-071dc0f04b8e,Netherlands,NXP Semiconductors,NXP Semiconductors — UX Engineering source & credential directory,source-watch,UX Engineering,UX Engineering,catalog,⚠️ verify current offer,"Monitoring record, not a certificate claim. Verify the current official credential/course and price before calling it free.",Varies,Varies,Provider-dependent,Unknown,Varies,Provider-dependent,Varies,https://www.nxp.com/design/training:TRAINING,C,Не начато,Source watch — auto review,2026-08-31,,curated,discovery
SRCX-09a1c57c6182,Japan,Renesas,Renesas — UX Engineering source & credential directory,source-watch,UX Engineering,UX Engineering,catalog,⚠️ verify current offer,"Monitoring record, not a certificate claim. Verify the current official credential/course and price before calling it free.",Varies,Varies,Provider-dependent,Unknown,Varies,Provider-dependent,Varies,https://www.renesas.com/us/en/design-resources/training,C,Не начато,Source watch — auto review,2026-08-31,,curated,discovery
SRCX-05d0cf60fa32,Russia,Roscosmos Education,Roscosmos Education — UX Engineering source & credential directory,source-watch,UX Engineering,UX Engineering,catalog,⚠️ verify current offer,"Monitoring record, not a certificate claim. Verify the current official credential/course and price before calling it free.",Varies,Varies,Provider-dependent,Unknown,Varies,Provider-dependent,Varies,https://www.roscosmos.ru/,C,Не начато,Source watch — auto review,2026-08-31,,curated,discovery
SRCX-1236311a7009,United States,Scrum.org,Scrum.org — UX Engineering source & credential directory,source-watch,UX Engineering,UX Engineering,catalog,⚠️ verify current offer,"Monitoring record, not a certificate claim. Verify the current official credential/course and price before calling it free.",Varies,Varies,Provider-dependent,Unknown,Varies,Provider-dependent,Varies,https://www.scrum.org/professional-training,C,Не начато,Source watch — auto review,2026-08-31,,curated,discovery
SRCX-06a8f07a10ef,United States,SiFive,SiFive — UX Engineering source & credential directory,source-watch,UX Engineering,UX Engineering,catalog,⚠️ verify current offer,"Monitoring record, not a certificate claim. Verify the current official credential/course and price before calling it free.",Varies,Varies,Provider-dependent,Unknown,Varies,Provider-dependent,Varies,https://www.sifive.com/,C,Не начато,Source watch — auto review,2026-08-31,,curated,discovery
SRCX-0c8b83ac4b0f,United States,Snowflake,Snowflake — UX Engineering source & credential directory,source-watch,UX Engineering,UX Engineering,catalog,⚠️ verify current offer,"Monitoring record, not a certificate claim. Verify the current official credential/course and price before calling it free.",Varies,Varies,Provider-dependent,Unknown,Varies,Provider-dependent,Varies,https://learn.snowflake.com/,C,Не начато,Source watch — auto review,2026-08-31,,curated,discovery
SRCX-100a2e4a7fae,Global,The Carpentries,The Carpentries — UX Engineering source & credential directory,source-watch,UX Engineering,UX Engineering,catalog,⚠️ verify current offer,"Monitoring record, not a certificate claim. Verify the current official credential/course and price before calling it free.",Varies,Varies,Provider-dependent,Unknown,Varies,Provider-dependent,Varies,https://carpentries.org/workshops/,C,Не начато,Source watch — auto review,2026-08-31,,curated,discovery
SRCX-0555995d43f9,Global,Autoware Foundation,Autoware Foundation — Web source & credential directory,source-watch,Web,Web,catalog,⚠️ verify current offer,"Monitoring record, not a certificate claim. Verify the current official credential/course and price before calling it free.",Varies,Varies,Provider-dependent,Unknown,Varies,Provider-dependent,Varies,https://www.autoware.org/,C,Не начато,Source watch — auto review,2026-08-31,,curated,discovery
SRCX-0c0ab0c03933,European Union,EIT Health,EIT Health — Web source & credential directory,source-watch,Web,Web,catalog,⚠️ verify current offer,"Monitoring record, not a certificate claim. Verify the current official credential/course and price before calling it free.",Varies,Varies,Provider-dependent,Unknown,Varies,Provider-dependent,Varies,https://eithealth.eu/,C,Не начато,Source watch — auto review,2026-08-31,,curated,discovery
SRCX-0b9676f11cc8,Malta,Hack The Box,Hack The Box — Web source & credential directory,source-watch,Web,Web,catalog,⚠️ verify current offer,"Monitoring record, not a certificate claim. Verify the current official credential/course and price before calling it free.",Varies,Varies,Provider-dependent,Unknown,Varies,Provider-dependent,Varies,https://academy.hackthebox.com/,C,Не начато,Source watch — auto review,2026-08-31,,curated,discovery
SRCX-109fd73c9c39,Switzerland,IEC,IEC — Web source & credential directory,source-watch,Web,Web,catalog,⚠️ verify current offer,"Monitoring record, not a certificate claim. Verify the current official credential/course and price before calling it free.",Varies,Varies,Provider-dependent,Unknown,Varies,Provider-dependent,Varies,https://www.iec.ch/,C,Не начато,Source watch — auto review,2026-08-31,,curated,discovery
SRCX-0c46590ffb80,Global,Jupyter,Jupyter — Web source & credential directory,source-watch,Web,Web,catalog,⚠️ verify current offer,"Monitoring record, not a certificate claim. Verify the current official credential/course and price before calling it free.",Varies,Varies,Provider-dependent,Unknown,Varies,Provider-dependent,Varies,https://jupyter.org/,C,Не начато,Source watch — auto review,2026-08-31,,curated,discovery
SRCX-0a86c88a682b,United States,Marvell,Marvell — Web source & credential directory,source-watch,Web,Web,catalog,⚠️ verify current offer,"Monitoring record, not a certificate claim. Verify the current official credential/course and price before calling it free.",Varies,Varies,Provider-dependent,Unknown,Varies,Provider-dependent,Varies,https://www.marvell.com/,C,Не начато,Source watch — auto review,2026-08-31,,curated,discovery
SRCX-11761ddfc0a3,United States,NIST,NIST — Web source & credential directory,source-watch,Web,Web,catalog,⚠️ verify current offer,"Monitoring record, not a certificate claim. Verify the current official credential/course and price before calling it free.",Varies,Varies,Provider-dependent,Unknown,Varies,Provider-dependent,Varies,https://www.nist.gov/,C,Не начато,Source watch — auto review,2026-08-31,,curated,discovery
SRCX-011fc4276ba9,Norway,Nordic Semiconductor,Nordic Semiconductor — Web source & credential directory,source-watch,Web,Web,catalog,⚠️ verify current offer,"Monitoring record, not a certificate claim. Verify the current official credential/course and price before calling it free.",Varies,Varies,Provider-dependent,Unknown,Varies,Provider-dependent,Varies,https://www.nordicsemi.com/Products/Development-tools/nRF-Connect-SDK,C,Не начато,Source watch — auto review,2026-08-31,,curated,discovery
SRCX-15beeda3751c,Global,pandas,pandas — Web source & credential directory,source-watch,Web,Web,catalog,⚠️ verify current offer,"Monitoring record, not a certificate claim. Verify the current official credential/course and price before calling it free.",Varies,Varies,Provider-dependent,Unknown,Varies,Provider-dependent,Varies,https://pandas.pydata.org/,C,Не начато,Source watch — auto review,2026-08-31,,curated,discovery
SRCX-15b08210722e,Global,PostgreSQL,PostgreSQL — Web source & credential directory,source-watch,Web,Web,catalog,⚠️ verify current offer,"Monitoring record, not a certificate claim. Verify the current official credential/course and price before calling it free.",Varies,Varies,Provider-dependent,Unknown,Varies,Provider-dependent,Varies,https://www.postgresql.org/,C,Не начато,Source watch — auto review,2026-08-31,,curated,discovery
SRCX-036f6540ceb5,United States,Red Hat,Red Hat — Web source & credential directory,source-watch,Web,Web,catalog,⚠️ verify current offer,"Monitoring record, not a certificate claim. Verify the current official credential/course and price before calling it free.",Varies,Varies,Provider-dependent,Unknown,Varies,Provider-dependent,Varies,https://www.redhat.com/en/services/certification,C,Не начато,Source watch — auto review,2026-08-31,,curated,discovery
SRCX-0c5275605a17,United States,Redis,Redis — Web source & credential directory,source-watch,Web,Web,catalog,⚠️ verify current offer,"Monitoring record, not a certificate claim. Verify the current official credential/course and price before calling it free.",Varies,Varies,Provider-dependent,Unknown,Varies,Provider-dependent,Varies,https://university.redis.com/,C,Не начато,Source watch — auto review,2026-08-31,,curated,discovery
SRCX-127b500463d7,Global,Apache Airflow,Apache Airflow — XR source & credential directory,source-watch,XR,XR,catalog,⚠️ verify current offer,"Monitoring record, not a certificate claim. Verify the current official credential/course and price before calling it free.",Varies,Varies,Provider-dependent,Unknown,Varies,Provider-dependent,Varies,https://airflow.apache.org/,C,Не начато,Source watch — auto review,2026-08-31,,curated,discovery
SRCX-12a7404a0811,Germany,Beckhoff,Beckhoff — XR source & credential directory,source-watch,XR,XR,catalog,⚠️ verify current offer,"Monitoring record, not a certificate claim. Verify the current official credential/course and price before calling it free.",Varies,Varies,Provider-dependent,Unknown,Varies,Provider-dependent,Varies,https://www.beckhoff.com/en-us/company/education/,C,Не начато,Source watch — auto review,2026-08-31,,curated,discovery
SRCX-1273ada6e681,Israel,Check Point,Check Point — XR source & credential directory,source-watch,XR,XR,catalog,⚠️ verify current offer,"Monitoring record, not a certificate claim. Verify the current official credential/course and price before calling it free.",Varies,Varies,Provider-dependent,Unknown,Varies,Provider-dependent,Varies,https://www.checkpoint.com/services/training-and-certification/,C,Не начато,Source watch — auto review,2026-08-31,,curated,discovery
SRCX-037792065981,United States,HashiCorp,HashiCorp — XR source & credential directory,source-watch,XR,XR,catalog,⚠️ verify current offer,"Monitoring record, not a certificate claim. Verify the current official credential/course and price before calling it free.",Varies,Varies,Provider-dependent,Unknown,Varies,Provider-dependent,Varies,https://developer.hashicorp.com/certifications,C,Не начато,Source watch — auto review,2026-08-31,,curated,discovery
SRCX-0ba4d5eeff21,Global,ITU Academy,ITU Academy — XR source & credential directory,source-watch,XR,XR,catalog,⚠️ verify current offer,"Monitoring record, not a certificate claim. Verify the current official credential/course and price before calling it free.",Varies,Varies,Provider-dependent,Unknown,Varies,Provider-dependent,Varies,https://academy.itu.int/,C,Не начато,Source watch — auto review,2026-08-31,,curated,discovery
SRCX-00c46221ac4e,United States,Kaggle,Kaggle — XR source & credential directory,source-watch,XR,XR,catalog,⚠️ verify current offer,"Monitoring record, not a certificate claim. Verify the current official credential/course and price before calling it free.",Varies,Varies,Provider-dependent,Unknown,Varies,Provider-dependent,Varies,https://www.kaggle.com/learn,C,Не начато,Source watch — auto review,2026-08-31,,curated,discovery
SRCX-09d0a4ca6306,United States,Microchip Technology,Microchip Technology — XR source & credential directory,source-watch,XR,XR,catalog,⚠️ verify current offer,"Monitoring record, not a certificate claim. Verify the current official credential/course and price before calling it free.",Varies,Varies,Provider-dependent,Unknown,Varies,Provider-dependent,Varies,https://www.microchip.com/en-us/training,C,Не начато,Source watch — auto review,2026-08-31,,curated,discovery
SRCX-0820ea722fab,Global,OWASP Foundation,OWASP Foundation — XR source & credential directory,source-watch,XR,XR,catalog,⚠️ verify current offer,"Monitoring record, not a certificate claim. Verify the current official credential/course and price before calling it free.",Varies,Varies,Provider-dependent,Unknown,Varies,Provider-dependent,Varies,https://owasp.org/,C,Не начато,Source watch — auto review,2026-08-31,,curated,discovery
SRCX-0e930bdc1446,Global,PostgreSQL,PostgreSQL — XR source & credential directory,source-watch,XR,XR,catalog,⚠️ verify current offer,"Monitoring record, not a certificate claim. Verify the current official credential/course and price before calling it free.",Varies,Varies,Provider-dependent,Unknown,Varies,Provider-dependent,Varies,https://www.postgresql.org/,C,Не начато,Source watch — auto review,2026-08-31,,curated,discovery
SRCX-0293aa89b4f4,Global,ROS,ROS — XR source & credential directory,source-watch,XR,XR,catalog,⚠️ verify current offer,"Monitoring record, not a certificate claim. Verify the current official credential/course and price before calling it free.",Varies,Varies,Provider-dependent,Unknown,Varies,Provider-dependent,Varies,https://www.ros.org/,C,Не начато,Source watch — auto review,2026-08-31,,curated,discovery
